batch,cell_id,matlab_index,cycle_life,model_eligible,label_eligible,label_status,usage,observed_cycle_max,summary_n,qd_end_ah,qd_min_after100_ah,first_088_crossing_after100,first_088_crossing_summary_position_1based,raw_minus_crossing_cycles,raw_minus_observed_max_cycles,raw_equals_observed_max_plus1,crossing_mismatch,has_cycle10,has_cycle100,summary_valid,early_le_100_below088_count,official_continuation,official_unfinished,official_batch2_matlab_index,official_add_len,source_file,audit_reason
Batch1,0,1,1190.0,False,False,exclude_continuation_pending_merge,excluded_from_development,1189.0,1189,1.0262098,1.0083524,nan,,nan,1.0,True,False,True,True,True,1,True,False,8,661,2017-05-12_batchdata_updated_struct_errorcorrect.mat,Official continued test; local endpoint well above EOL; no verified continuation identity.
Batch1,1,2,1179.0,False,False,exclude_continuation_pending_merge,excluded_from_development,1178.0,1178,1.0382246,1.0382246,nan,,nan,1.0,True,False,True,True,True,1,True,False,9,980,2017-05-12_batchdata_updated_struct_errorcorrect.mat,Official continued test; local endpoint well above EOL; no verified continuation identity.
Batch1,2,3,1177.0,False,False,exclude_continuation_pending_merge,excluded_from_development,1176.0,1176,1.0432786,1.0432786,nan,,nan,1.0,True,False,True,True,True,1,True,False,10,1059,2017-05-12_batchdata_updated_struct_errorcorrect.mat,Official continued test; local endpoint well above EOL; no verified continuation identity.
Batch1,3,4,1226.0,False,False,exclude_continuation_pending_merge,excluded_from_development,1225.0,1225,0.97092122,0.97092122,nan,,nan,1.0,True,False,True,True,True,1,True,False,16,207,2017-05-12_batchdata_updated_struct_errorcorrect.mat,Official continued test; local endpoint well above EOL; no verified continuation identity.
Batch1,4,5,1227.0,False,False,exclude_continuation_pending_merge,excluded_from_development,1226.0,1226,1.0219597,1.0216413,nan,,nan,1.0,True,False,True,True,True,1,True,False,17,481,2017-05-12_batchdata_updated_struct_errorcorrect.mat,Official continued test; local endpoint well above EOL; no verified continuation identity.
Batch1,5,6,1074.0,True,True,stop_boundary_asprovided,development_candidate,1073.0,1073,0.88053626,0.88053626,nan,,nan,1.0,True,False,True,True,True,1,False,False,,,2017-05-12_batchdata_updated_struct_errorcorrect.mat,Raw label equals observed max+1 and endpoint is within 0.005 Ah above threshold; exact crossing unobserved.
Batch1,6,7,636.0,True,True,stop_boundary_asprovided,development_candidate,635.0,635,0.8800565,0.8800565,nan,,nan,1.0,True,False,True,True,True,1,False,False,,,2017-05-12_batchdata_updated_struct_errorcorrect.mat,Raw label equals observed max+1 and endpoint is within 0.005 Ah above threshold; exact crossing unobserved.
Batch1,7,8,870.0,True,True,stop_boundary_asprovided,development_candidate,869.0,869,0.88110596,0.88110596,nan,,nan,1.0,True,False,True,True,True,1,False,False,,,2017-05-12_batchdata_updated_struct_errorcorrect.mat,Raw label equals observed max+1 and endpoint is within 0.005 Ah above threshold; exact crossing unobserved.
Batch1,8,9,879.0,False,False,exclude_official_unfinished,excluded_from_development,878.0,878,0.96902454,0.96902454,nan,,nan,1.0,True,False,True,True,True,1,False,True,,,2017-05-12_batchdata_updated_struct_errorcorrect.mat,Official unfinished Batch1 index and local endpoint above 0.885 Ah.
Batch1,9,10,1054.0,True,True,stop_boundary_asprovided,development_candidate,1053.0,1053,0.8809284,0.8809284,nan,,nan,1.0,True,False,True,True,True,1,False,False,,,2017-05-12_batchdata_updated_struct_errorcorrect.mat,Raw label equals observed max+1 and endpoint is within 0.005 Ah above threshold; exact crossing unobserved.
Batch1,10,11,906.0,False,False,exclude_official_unfinished,excluded_from_development,905.0,905,0.96101874,0.96101874,nan,,nan,1.0,True,False,True,True,True,1,False,True,,,2017-05-12_batchdata_updated_struct_errorcorrect.mat,Official unfinished Batch1 index and local endpoint above 0.885 Ah.
Batch1,11,12,788.0,True,True,stop_boundary_asprovided,development_candidate,787.0,787,0.88054359,0.88054359,nan,,nan,1.0,True,False,True,True,True,1,False,False,,,2017-05-12_batchdata_updated_struct_errorcorrect.mat,Raw label equals observed max+1 and endpoint is within 0.005 Ah above threshold; exact crossing unobserved.
Batch1,12,13,902.0,False,False,exclude_official_unfinished,excluded_from_development,901.0,901,0.91311944,0.91311944,nan,,nan,1.0,True,False,True,True,True,1,False,True,,,2017-05-12_batchdata_updated_struct_errorcorrect.mat,Official unfinished Batch1 index and local endpoint above 0.885 Ah.
Batch1,13,14,897.0,False,False,exclude_official_unfinished,excluded_from_development,896.0,896,0.92313582,0.92313582,nan,,nan,1.0,True,False,True,True,True,1,False,True,,,2017-05-12_batchdata_updated_struct_errorcorrect.mat,Official unfinished Batch1 index and local endpoint above 0.885 Ah.
Batch1,14,15,880.0,True,True,stop_boundary_asprovided,development_candidate,879.0,879,0.8800649,0.8800649,nan,,nan,1.0,True,False,True,True,True,1,False,False,,,2017-05-12_batchdata_updated_struct_errorcorrect.mat,Raw label equals observed max+1 and endpoint is within 0.005 Ah above threshold; exact crossing unobserved.
Batch1,15,16,719.0,True,True,stop_boundary_asprovided,development_candidate,718.0,718,0.88298881,0.88298881,nan,,nan,1.0,True,False,True,True,True,1,False,False,,,2017-05-12_batchdata_updated_struct_errorcorrect.mat,Raw label equals observed max+1 and endpoint is within 0.005 Ah above threshold; exact crossing unobserved.
Batch1,16,17,862.0,True,True,stop_boundary_asprovided,development_candidate,861.0,861,0.88096577,0.88096577,nan,,nan,1.0,True,False,True,True,True,1,False,False,,,2017-05-12_batchdata_updated_struct_errorcorrect.mat,Raw label equals observed max+1 and endpoint is within 0.005 Ah above threshold; exact crossing unobserved.
Batch1,17,18,857.0,True,True,stop_boundary_asprovided,development_candidate,856.0,856,0.8832469,0.8832469,nan,,nan,1.0,True,False,True,True,True,1,False,False,,,2017-05-12_batchdata_updated_struct_errorcorrect.mat,Raw label equals observed max+1 and endpoint is within 0.005 Ah above threshold; exact crossing unobserved.
Batch1,18,19,691.0,True,True,stop_boundary_asprovided,development_candidate,690.0,690,0.88114411,0.88017046,nan,,nan,1.0,True,False,True,True,True,1,False,False,,,2017-05-12_batchdata_updated_struct_errorcorrect.mat,Raw label equals observed max+1 and endpoint is within 0.005 Ah above threshold; exact crossing unobserved.
Batch1,19,20,788.0,True,True,stop_boundary_asprovided,development_candidate,787.0,787,0.88093972,0.88093972,nan,,nan,1.0,True,False,True,True,True,1,False,False,,,2017-05-12_batchdata_updated_struct_errorcorrect.mat,Raw label equals observed max+1 and endpoint is within 0.005 Ah above threshold; exact crossing unobserved.
Batch1,20,21,534.0,True,True,stop_boundary_asprovided,development_candidate,533.0,533,0.88078493,0.88078493,nan,,nan,1.0,True,False,True,True,True,1,False,False,,,2017-05-12_batchdata_updated_struct_errorcorrect.mat,Raw label equals observed max+1 and endpoint is within 0.005 Ah above threshold; exact crossing unobserved.
Batch1,21,22,559.0,True,True,stop_boundary_asprovided,development_candidate,558.0,558,0.88016534,0.88016534,nan,,nan,1.0,True,False,True,True,True,1,False,False,,,2017-05-12_batchdata_updated_struct_errorcorrect.mat,Raw label equals observed max+1 and endpoint is within 0.005 Ah above threshold; exact crossing unobserved.
Batch1,22,23,891.0,False,False,exclude_official_unfinished,excluded_from_development,890.0,890,0.96327895,0.96327895,nan,,nan,1.0,True,False,True,True,True,1,False,True,,,2017-05-12_batchdata_updated_struct_errorcorrect.mat,Official unfinished Batch1 index and local endpoint above 0.885 Ah.
Batch1,23,24,1014.0,True,True,stop_boundary_asprovided,development_candidate,1013.0,1013,0.88066453,0.88066453,nan,,nan,1.0,True,False,True,True,True,1,False,False,,,2017-05-12_batchdata_updated_struct_errorcorrect.mat,Raw label equals observed max+1 and endpoint is within 0.005 Ah above threshold; exact crossing unobserved.
Batch1,24,25,1017.0,True,True,stop_boundary_asprovided,development_candidate,1016.0,1016,0.88046598,0.88046598,nan,,nan,1.0,True,False,True,True,True,1,False,False,,,2017-05-12_batchdata_updated_struct_errorcorrect.mat,Raw label equals observed max+1 and endpoint is within 0.005 Ah above threshold; exact crossing unobserved.
Batch1,25,26,854.0,True,True,stop_boundary_asprovided,development_candidate,853.0,853,0.88019997,0.88019997,nan,,nan,1.0,True,False,True,True,True,1,False,False,,,2017-05-12_batchdata_updated_struct_errorcorrect.mat,Raw label equals observed max+1 and endpoint is within 0.005 Ah above threshold; exact crossing unobserved.
Batch1,26,27,870.0,True,True,stop_boundary_asprovided,development_candidate,869.0,869,0.88105017,0.88105017,nan,,nan,1.0,True,False,True,True,True,1,False,False,,,2017-05-12_batchdata_updated_struct_errorcorrect.mat,Raw label equals observed max+1 and endpoint is within 0.005 Ah above threshold; exact crossing unobserved.
Batch1,27,28,842.0,True,True,stop_boundary_asprovided,development_candidate,841.0,841,0.88130057,0.88130057,nan,,nan,1.0,True,False,True,True,True,1,False,False,,,2017-05-12_batchdata_updated_struct_errorcorrect.mat,Raw label equals observed max+1 and endpoint is within 0.005 Ah above threshold; exact crossing unobserved.
Batch1,28,29,860.0,True,True,stop_boundary_asprovided,development_candidate,859.0,859,0.88058227,0.88058227,nan,,nan,1.0,True,False,True,True,True,1,False,False,,,2017-05-12_batchdata_updated_struct_errorcorrect.mat,Raw label equals observed max+1 and endpoint is within 0.005 Ah above threshold; exact crossing unobserved.
Batch1,29,30,917.0,True,True,stop_boundary_asprovided,development_candidate,916.0,916,0.88035375,0.88035375,nan,,nan,1.0,True,False,True,True,True,1,False,False,,,2017-05-12_batchdata_updated_struct_errorcorrect.mat,Raw label equals observed max+1 and endpoint is within 0.005 Ah above threshold; exact crossing unobserved.
Batch1,30,31,709.0,True,True,stop_boundary_asprovided,development_candidate,708.0,708,0.88054287,0.88054287,nan,,nan,1.0,True,False,True,True,True,1,False,False,,,2017-05-12_batchdata_updated_struct_errorcorrect.mat,Raw label equals observed max+1 and endpoint is within 0.005 Ah above threshold; exact crossing unobserved.
Batch1,31,32,876.0,True,True,stop_boundary_asprovided,development_candidate,875.0,875,0.88099223,0.88099223,nan,,nan,1.0,True,False,True,True,True,1,False,False,,,2017-05-12_batchdata_updated_struct_errorcorrect.mat,Raw label equals observed max+1 and endpoint is within 0.005 Ah above threshold; exact crossing unobserved.
Batch1,32,33,731.0,True,True,stop_boundary_asprovided,development_candidate,730.0,730,0.88080907,0.88022524,nan,,nan,1.0,True,False,True,True,True,1,False,False,,,2017-05-12_batchdata_updated_struct_errorcorrect.mat,Raw label equals observed max+1 and endpoint is within 0.005 Ah above threshold; exact crossing unobserved.
Batch1,33,34,757.0,True,True,stop_boundary_asprovided,development_candidate,756.0,756,0.88011229,0.88011229,nan,,nan,1.0,True,False,True,True,True,1,False,False,,,2017-05-12_batchdata_updated_struct_errorcorrect.mat,Raw label equals observed max+1 and endpoint is within 0.005 Ah above threshold; exact crossing unobserved.
Batch1,34,35,742.0,True,True,stop_boundary_asprovided,development_candidate,741.0,741,0.88205445,0.88205445,nan,,nan,1.0,True,False,True,True,True,1,False,False,,,2017-05-12_batchdata_updated_struct_errorcorrect.mat,Raw label equals observed max+1 and endpoint is within 0.005 Ah above threshold; exact crossing unobserved.
Batch1,35,36,703.0,True,True,stop_boundary_asprovided,development_candidate,702.0,702,0.8802399,0.8802399,nan,,nan,1.0,True,False,True,True,True,1,False,False,,,2017-05-12_batchdata_updated_struct_errorcorrect.mat,Raw label equals observed max+1 and endpoint is within 0.005 Ah above threshold; exact crossing unobserved.
Batch1,36,37,704.0,True,True,stop_boundary_asprovided,development_candidate,703.0,703,0.88231802,0.88231802,nan,,nan,1.0,True,False,True,True,True,1,False,False,,,2017-05-12_batchdata_updated_struct_errorcorrect.mat,Raw label equals observed max+1 and endpoint is within 0.005 Ah above threshold; exact crossing unobserved.
Batch1,37,38,648.0,True,True,stop_boundary_asprovided,development_candidate,647.0,647,0.88336319,0.88336319,nan,,nan,1.0,True,False,True,True,True,1,False,False,,,2017-05-12_batchdata_updated_struct_errorcorrect.mat,Raw label equals observed max+1 and endpoint is within 0.005 Ah above threshold; exact crossing unobserved.
Batch1,38,39,617.0,True,True,stop_boundary_asprovided,development_candidate,616.0,616,0.88110942,0.88110942,nan,,nan,1.0,True,False,True,True,True,1,False,False,,,2017-05-12_batchdata_updated_struct_errorcorrect.mat,Raw label equals observed max+1 and endpoint is within 0.005 Ah above threshold; exact crossing unobserved.
Batch1,39,40,625.0,True,True,stop_boundary_asprovided,development_candidate,624.0,624,0.88011074,0.88011074,nan,,nan,1.0,True,False,True,True,True,1,False,False,,,2017-05-12_batchdata_updated_struct_errorcorrect.mat,Raw label equals observed max+1 and endpoint is within 0.005 Ah above threshold; exact crossing unobserved.
Batch1,40,41,966.0,True,True,stop_boundary_asprovided,development_candidate,965.0,965,0.88060951,0.88060951,nan,,nan,1.0,True,False,True,True,True,1,False,False,,,2017-05-12_batchdata_updated_struct_errorcorrect.mat,Raw label equals observed max+1 and endpoint is within 0.005 Ah above threshold; exact crossing unobserved.
Batch1,41,42,1051.0,True,True,stop_boundary_asprovided,development_candidate,1050.0,1050,0.88106161,0.88106161,nan,,nan,1.0,True,False,True,True,True,1,False,False,,,2017-05-12_batchdata_updated_struct_errorcorrect.mat,Raw label equals observed max+1 and endpoint is within 0.005 Ah above threshold; exact crossing unobserved.
Batch1,42,43,702.0,True,True,stop_boundary_asprovided,development_candidate,701.0,701,0.88035142,0.88035142,nan,,nan,1.0,True,False,True,True,True,1,False,False,,,2017-05-12_batchdata_updated_struct_errorcorrect.mat,Raw label equals observed max+1 and endpoint is within 0.005 Ah above threshold; exact crossing unobserved.
Batch1,43,44,651.0,True,True,stop_boundary_asprovided,development_candidate,650.0,650,0.88044435,0.88044435,nan,,nan,1.0,True,False,True,True,True,1,False,False,,,2017-05-12_batchdata_updated_struct_errorcorrect.mat,Raw label equals observed max+1 and endpoint is within 0.005 Ah above threshold; exact crossing unobserved.
Batch1,44,45,616.0,True,True,stop_boundary_asprovided,development_candidate,615.0,615,0.88048309,0.88048309,nan,,nan,1.0,True,False,True,True,True,1,False,False,,,2017-05-12_batchdata_updated_struct_errorcorrect.mat,Raw label equals observed max+1 and endpoint is within 0.005 Ah above threshold; exact crossing unobserved.
Batch1,45,46,599.0,True,True,stop_boundary_asprovided,development_candidate,598.0,598,0.88104212,0.88104212,nan,,nan,1.0,True,False,True,True,True,1,False,False,,,2017-05-12_batchdata_updated_struct_errorcorrect.mat,Raw label equals observed max+1 and endpoint is within 0.005 Ah above threshold; exact crossing unobserved.
Batch2,0,1,477.0,False,True,observed_crossing_matches_raw,reserved_no_development_no_final_test,496.0,496,0.82661337,0.82661337,477.0,477,0.0,-19.0,False,False,True,True,True,0,False,False,,,2018-02-20_batchdata_updated_struct_errorcorrect.mat,Raw target exactly matches first summary-cycle crossing after cycle 100.
Batch2,1,2,491.0,False,True,observed_crossing_matches_raw,reserved_no_development_no_final_test,513.0,513,0.82848173,0.82848173,491.0,491,0.0,-22.0,False,False,True,True,True,0,False,False,,,2018-02-20_batchdata_updated_struct_errorcorrect.mat,Raw target exactly matches first summary-cycle crossing after cycle 100.
Batch2,2,3,424.0,False,True,observed_crossing_matches_raw,reserved_no_development_no_final_test,439.0,439,0.82700932,0.82700932,424.0,424,0.0,-15.0,False,False,True,True,True,0,False,False,,,2018-02-20_batchdata_updated_struct_errorcorrect.mat,Raw target exactly matches first summary-cycle crossing after cycle 100.
Batch2,3,4,499.0,False,True,observed_crossing_matches_raw,reserved_no_development_no_final_test,517.0,517,0.82550967,0.82550967,499.0,499,0.0,-18.0,False,False,True,True,True,0,False,False,,,2018-02-20_batchdata_updated_struct_errorcorrect.mat,Raw target exactly matches first summary-cycle crossing after cycle 100.
Batch2,4,5,444.0,False,True,observed_crossing_matches_raw,reserved_no_development_no_final_test,464.0,464,0.82712674,0.82712674,444.0,444,0.0,-20.0,False,False,True,True,True,0,False,False,,,2018-02-20_batchdata_updated_struct_errorcorrect.mat,Raw target exactly matches first summary-cycle crossing after cycle 100.
Batch2,5,6,416.0,False,True,observed_crossing_matches_raw,reserved_no_development_no_final_test,445.0,445,0.8261537,0.82589412,416.0,416,0.0,-29.0,False,False,True,True,True,0,False,False,,,2018-02-20_batchdata_updated_struct_errorcorrect.mat,Raw target exactly matches first summary-cycle crossing after cycle 100.
Batch2,6,7,393.0,False,True,observed_crossing_matches_raw,reserved_no_development_no_final_test,409.0,409,0.82940364,0.82940364,393.0,393,0.0,-16.0,False,False,True,True,True,0,False,False,,,2018-02-20_batchdata_updated_struct_errorcorrect.mat,Raw target exactly matches first summary-cycle crossing after cycle 100.
Batch2,7,8,777.0,False,True,observed_crossing_matches_raw,reserved_no_development_no_final_test,806.0,806,0.8264814,0.8264814,777.0,777,0.0,-29.0,False,False,True,True,True,0,False,False,,,2018-02-20_batchdata_updated_struct_errorcorrect.mat,Raw target exactly matches first summary-cycle crossing after cycle 100.
Batch2,8,9,904.0,False,True,observed_crossing_matches_raw,reserved_no_development_no_final_test,947.0,947,0.8255862,0.8255862,904.0,904,0.0,-43.0,False,False,True,True,True,0,False,False,,,2018-02-20_batchdata_updated_struct_errorcorrect.mat,Raw target exactly matches first summary-cycle crossing after cycle 100.
Batch2,9,10,791.0,False,True,observed_crossing_matches_raw,reserved_no_development_no_final_test,819.0,819,0.82610458,0.82610458,791.0,791,0.0,-28.0,False,False,True,True,True,0,False,False,,,2018-02-20_batchdata_updated_struct_errorcorrect.mat,Raw target exactly matches first summary-cycle crossing after cycle 100.
Batch2,10,11,492.0,False,True,observed_crossing_matches_raw,reserved_no_development_no_final_test,519.0,519,0.82791102,0.82791102,492.0,492,0.0,-27.0,False,False,True,True,True,0,False,False,,,2018-02-20_batchdata_updated_struct_errorcorrect.mat,Raw target exactly matches first summary-cycle crossing after cycle 100.
Batch2,11,12,449.0,False,True,observed_crossing_matches_raw,reserved_no_development_no_final_test,468.0,468,0.82524824,0.82524824,449.0,449,0.0,-19.0,False,False,True,True,True,0,False,False,,,2018-02-20_batchdata_updated_struct_errorcorrect.mat,Raw target exactly matches first summary-cycle crossing after cycle 100.
Batch2,12,13,466.0,False,True,observed_crossing_matches_raw,reserved_no_development_no_final_test,493.0,493,0.82528538,0.82528538,466.0,466,0.0,-27.0,False,False,True,True,True,0,False,False,,,2018-02-20_batchdata_updated_struct_errorcorrect.mat,Raw target exactly matches first summary-cycle crossing after cycle 100.
Batch2,13,14,460.0,False,True,observed_crossing_matches_raw,reserved_no_development_no_final_test,483.0,483,0.82574999,0.82574999,460.0,460,0.0,-23.0,False,False,True,True,True,0,False,False,,,2018-02-20_batchdata_updated_struct_errorcorrect.mat,Raw target exactly matches first summary-cycle crossing after cycle 100.
Batch2,14,15,426.0,False,True,observed_crossing_matches_raw,reserved_no_development_no_final_test,461.0,461,0.82618046,0.82618046,426.0,426,0.0,-35.0,False,False,True,True,True,0,False,False,,,2018-02-20_batchdata_updated_struct_errorcorrect.mat,Raw target exactly matches first summary-cycle crossing after cycle 100.
Batch2,15,16,396.0,False,True,observed_crossing_matches_raw,reserved_no_development_no_final_test,414.0,414,0.82608759,0.82608759,396.0,396,0.0,-18.0,False,False,True,True,True,0,False,False,,,2018-02-20_batchdata_updated_struct_errorcorrect.mat,Raw target exactly matches first summary-cycle crossing after cycle 100.
Batch2,16,17,472.0,False,True,observed_crossing_matches_raw,reserved_no_development_no_final_test,499.0,499,0.82648873,0.82648873,472.0,472,0.0,-27.0,False,False,True,True,True,0,False,False,,,2018-02-20_batchdata_updated_struct_errorcorrect.mat,Raw target exactly matches first summary-cycle crossing after cycle 100.
Batch2,17,18,471.0,False,True,observed_crossing_matches_raw,reserved_no_development_no_final_test,494.0,494,0.8272146,0.8272146,471.0,471,0.0,-23.0,False,False,True,True,True,0,False,False,,,2018-02-20_batchdata_updated_struct_errorcorrect.mat,Raw target exactly matches first summary-cycle crossing after cycle 100.
Batch2,18,19,449.0,False,True,observed_crossing_matches_raw,reserved_no_development_no_final_test,467.0,467,0.82719898,0.82719898,449.0,449,0.0,-18.0,False,False,True,True,True,0,False,False,,,2018-02-20_batchdata_updated_struct_errorcorrect.mat,Raw target exactly matches first summary-cycle crossing after cycle 100.
Batch2,19,20,392.0,False,True,observed_crossing_matches_raw,reserved_no_development_no_final_test,411.0,411,0.82597393,0.82597393,392.0,392,0.0,-19.0,False,False,True,True,True,0,False,False,,,2018-02-20_batchdata_updated_struct_errorcorrect.mat,Raw target exactly matches first summary-cycle crossing after cycle 100.
Batch2,20,21,489.0,False,True,observed_crossing_matches_raw,reserved_no_development_no_final_test,506.0,506,0.82856864,0.82856864,489.0,489,0.0,-17.0,False,False,True,True,True,0,False,False,,,2018-02-20_batchdata_updated_struct_errorcorrect.mat,Raw target exactly matches first summary-cycle crossing after cycle 100.
Batch2,21,22,408.0,False,True,observed_crossing_matches_raw,reserved_no_development_no_final_test,426.0,426,0.82783753,0.8272863,408.0,408,0.0,-18.0,False,False,True,True,True,0,False,False,,,2018-02-20_batchdata_updated_struct_errorcorrect.mat,Raw target exactly matches first summary-cycle crossing after cycle 100.
Batch2,22,23,nan,False,False,missing_raw_target,reserved_no_development_no_final_test,920.0,920,1.0556005,1.0552663,nan,,nan,nan,False,False,True,True,True,0,False,False,,,2018-02-20_batchdata_updated_struct_errorcorrect.mat,Raw target missing; retain NaN; no imputation.
Batch2,23,24,nan,False,False,missing_raw_target,reserved_no_development_no_final_test,1152.0,1152,0.97824305,0.97691947,nan,,nan,nan,False,False,True,True,True,0,False,False,,,2018-02-20_batchdata_updated_struct_errorcorrect.mat,Raw target missing; retain NaN; no imputation.
Batch2,24,25,514.0,False,True,observed_crossing_matches_raw,reserved_no_development_no_final_test,536.0,536,0.82615805,0.82615805,514.0,514,0.0,-22.0,False,False,True,True,True,0,False,False,,,2018-02-20_batchdata_updated_struct_errorcorrect.mat,Raw target exactly matches first summary-cycle crossing after cycle 100.
Batch2,25,26,493.0,False,True,observed_crossing_matches_raw,reserved_no_development_no_final_test,511.0,511,0.82751423,0.82751423,493.0,493,0.0,-18.0,False,False,True,True,True,0,False,False,,,2018-02-20_batchdata_updated_struct_errorcorrect.mat,Raw target exactly matches first summary-cycle crossing after cycle 100.
Batch2,26,27,450.0,False,True,observed_crossing_matches_raw,reserved_no_development_no_final_test,476.0,476,0.82529837,0.82529837,450.0,450,0.0,-26.0,False,False,True,True,True,0,False,False,,,2018-02-20_batchdata_updated_struct_errorcorrect.mat,Raw target exactly matches first summary-cycle crossing after cycle 100.
Batch2,27,28,474.0,False,True,observed_crossing_matches_raw,reserved_no_development_no_final_test,493.0,493,0.8266983,0.8266983,474.0,474,0.0,-19.0,False,False,True,True,True,0,False,False,,,2018-02-20_batchdata_updated_struct_errorcorrect.mat,Raw target exactly matches first summary-cycle crossing after cycle 100.
Batch2,28,29,437.0,False,True,observed_crossing_matches_raw,reserved_no_development_no_final_test,456.0,456,0.82741743,0.82741743,437.0,437,0.0,-19.0,False,False,True,True,True,0,False,False,,,2018-02-20_batchdata_updated_struct_errorcorrect.mat,Raw target exactly matches first summary-cycle crossing after cycle 100.
Batch2,29,30,452.0,False,True,observed_crossing_matches_raw,reserved_no_development_no_final_test,470.0,470,0.82541627,0.82541627,452.0,452,0.0,-18.0,False,False,True,True,True,0,False,False,,,2018-02-20_batchdata_updated_struct_errorcorrect.mat,Raw target exactly matches first summary-cycle crossing after cycle 100.
Batch2,30,31,412.0,False,True,observed_crossing_matches_raw,reserved_no_development_no_final_test,429.0,429,0.82665932,0.82665932,412.0,412,0.0,-17.0,False,False,True,True,True,0,False,False,,,2018-02-20_batchdata_updated_struct_errorcorrect.mat,Raw target exactly matches first summary-cycle crossing after cycle 100.
Batch2,31,32,425.0,False,True,observed_crossing_matches_raw,reserved_no_development_no_final_test,446.0,446,0.82528561,0.82528561,425.0,425,0.0,-21.0,False,False,True,True,True,0,False,False,,,2018-02-20_batchdata_updated_struct_errorcorrect.mat,Raw target exactly matches first summary-cycle crossing after cycle 100.
Batch2,32,33,809.0,False,True,observed_crossing_matches_raw,reserved_no_development_no_final_test,834.0,834,0.82744044,0.82744044,809.0,809,0.0,-25.0,False,False,True,True,True,0,False,False,,,2018-02-20_batchdata_updated_struct_errorcorrect.mat,Raw target exactly matches first summary-cycle crossing after cycle 100.
Batch2,33,34,1140.0,False,True,observed_crossing_matches_raw,reserved_no_development_no_final_test,1190.0,1190,0.82506907,0.82506907,1140.0,1140,0.0,-50.0,False,False,True,True,True,0,False,False,,,2018-02-20_batchdata_updated_struct_errorcorrect.mat,Raw target exactly matches first summary-cycle crossing after cycle 100.
Batch2,34,35,1186.0,False,True,observed_crossing_matches_raw,reserved_no_development_no_final_test,1252.0,1252,0.82562441,0.82562441,1186.0,1186,0.0,-66.0,False,False,True,True,True,0,False,False,,,2018-02-20_batchdata_updated_struct_errorcorrect.mat,Raw target exactly matches first summary-cycle crossing after cycle 100.
Batch2,35,36,nan,False,False,missing_raw_target,reserved_no_development_no_final_test,423.0,423,0.88112044,0.88112044,nan,,nan,nan,False,False,True,True,True,0,False,False,,,2018-02-20_batchdata_updated_struct_errorcorrect.mat,Raw target missing; retain NaN; no imputation.
Batch2,36,37,nan,False,False,missing_raw_target,reserved_no_development_no_final_test,280.0,280,0.88107425,0.88107425,nan,,nan,nan,False,False,True,True,True,0,False,False,,,2018-02-20_batchdata_updated_struct_errorcorrect.mat,Raw target missing; retain NaN; no imputation.
Batch2,37,38,nan,False,False,missing_raw_target,reserved_no_development_no_final_test,101.0,101,2.1693008,2.1693008,nan,,nan,nan,False,False,True,True,True,0,False,False,,,2018-02-20_batchdata_updated_struct_errorcorrect.mat,Raw target missing; retain NaN; no imputation.
Batch2,38,39,nan,False,False,missing_raw_target,reserved_no_development_no_final_test,101.0,101,2.1653843,2.1653843,nan,,nan,nan,False,False,True,True,True,0,False,False,,,2018-02-20_batchdata_updated_struct_errorcorrect.mat,Raw target missing; retain NaN; no imputation.
Batch2,39,40,nan,False,False,missing_raw_target,reserved_no_development_no_final_test,434.0,434,0.88120419,0.88120419,nan,,nan,nan,False,False,True,True,True,0,False,False,,,2018-02-20_batchdata_updated_struct_errorcorrect.mat,Raw target missing; retain NaN; no imputation.
Batch2,40,41,nan,False,False,missing_raw_target,reserved_no_development_no_final_test,459.0,459,0.88021344,0.88021344,nan,,nan,nan,False,False,True,True,True,0,False,False,,,2018-02-20_batchdata_updated_struct_errorcorrect.mat,Raw target missing; retain NaN; no imputation.
Batch2,41,42,442.0,False,True,observed_crossing_matches_raw,reserved_no_development_no_final_test,463.0,463,0.82606894,0.82606894,442.0,442,0.0,-21.0,False,False,True,True,True,0,False,False,,,2018-02-20_batchdata_updated_struct_errorcorrect.mat,Raw target exactly matches first summary-cycle crossing after cycle 100.
Batch2,42,43,474.0,False,True,observed_crossing_matches_raw,reserved_no_development_no_final_test,497.0,497,0.82577723,0.82577723,474.0,474,0.0,-23.0,False,False,True,True,True,0,False,False,,,2018-02-20_batchdata_updated_struct_errorcorrect.mat,Raw target exactly matches first summary-cycle crossing after cycle 100.
Batch2,43,44,1029.0,False,True,observed_crossing_matches_raw,reserved_no_development_no_final_test,1061.0,1061,0.82532436,0.82532436,1029.0,1029,0.0,-32.0,False,False,True,True,True,0,False,False,,,2018-02-20_batchdata_updated_struct_errorcorrect.mat,Raw target exactly matches first summary-cycle crossing after cycle 100.
Batch2,44,45,841.0,False,True,observed_crossing_matches_raw,reserved_no_development_no_final_test,874.0,874,0.82503617,0.82503617,841.0,841,0.0,-33.0,False,False,True,True,True,0,False,False,,,2018-02-20_batchdata_updated_struct_errorcorrect.mat,Raw target exactly matches first summary-cycle crossing after cycle 100.
Batch2,45,46,997.0,False,True,observed_crossing_matches_raw,reserved_no_development_no_final_test,1027.0,1027,0.82734823,0.82734823,997.0,997,0.0,-30.0,False,False,True,True,True,0,False,False,,,2018-02-20_batchdata_updated_struct_errorcorrect.mat,Raw target exactly matches first summary-cycle crossing after cycle 100.
Batch2,46,47,503.0,False,True,observed_crossing_matches_raw,reserved_no_development_no_final_test,523.0,523,0.82638663,0.82638663,503.0,503,0.0,-20.0,False,False,True,True,True,0,False,False,,,2018-02-20_batchdata_updated_struct_errorcorrect.mat,Raw target exactly matches first summary-cycle crossing after cycle 100.
Batch3,0,1,1009.0,False,True,stop_boundary_asprovided,reserved_no_development_no_final_test,1008.0,1008,0.8804329,0.8804329,nan,,nan,1.0,True,False,True,True,True,0,False,False,,,2018-04-12_batchdata_updated_struct_errorcorrect.mat,Raw label equals observed max+1 and endpoint is within 0.005 Ah above threshold; exact crossing unobserved.
Batch3,1,2,1063.0,False,True,stop_boundary_asprovided,reserved_no_development_no_final_test,1062.0,1062,0.8802734,0.8802734,nan,,nan,1.0,True,False,True,True,True,0,False,False,,,2018-04-12_batchdata_updated_struct_errorcorrect.mat,Raw label equals observed max+1 and endpoint is within 0.005 Ah above threshold; exact crossing unobserved.
Batch3,2,3,1267.0,False,True,stop_boundary_asprovided,reserved_no_development_no_final_test,1266.0,1266,0.88013124,0.88013124,nan,,nan,1.0,True,False,True,True,True,0,False,False,,,2018-04-12_batchdata_updated_struct_errorcorrect.mat,Raw label equals observed max+1 and endpoint is within 0.005 Ah above threshold; exact crossing unobserved.
Batch3,3,4,1115.0,False,True,stop_boundary_asprovided,reserved_no_development_no_final_test,1114.0,1114,0.88058406,0.88058406,nan,,nan,1.0,True,False,True,True,True,0,False,False,,,2018-04-12_batchdata_updated_struct_errorcorrect.mat,Raw label equals observed max+1 and endpoint is within 0.005 Ah above threshold; exact crossing unobserved.
Batch3,4,5,1048.0,False,True,stop_boundary_asprovided,reserved_no_development_no_final_test,1047.0,1047,0.88001466,0.88001466,nan,,nan,1.0,True,False,True,True,True,0,False,False,,,2018-04-12_batchdata_updated_struct_errorcorrect.mat,Raw label equals observed max+1 and endpoint is within 0.005 Ah above threshold; exact crossing unobserved.
Batch3,5,6,828.0,False,True,stop_boundary_asprovided,reserved_no_development_no_final_test,827.0,827,0.88066918,0.88066918,nan,,nan,1.0,True,False,True,True,True,0,False,False,,,2018-04-12_batchdata_updated_struct_errorcorrect.mat,Raw label equals observed max+1 and endpoint is within 0.005 Ah above threshold; exact crossing unobserved.
Batch3,6,7,667.0,False,True,stop_boundary_asprovided,reserved_no_development_no_final_test,666.0,666,0.88052577,0.88052577,nan,,nan,1.0,True,False,True,True,True,0,False,False,,,2018-04-12_batchdata_updated_struct_errorcorrect.mat,Raw label equals observed max+1 and endpoint is within 0.005 Ah above threshold; exact crossing unobserved.
Batch3,7,8,1836.0,False,True,stop_boundary_asprovided,reserved_no_development_no_final_test,1835.0,1835,0.88036358,0.88036358,nan,,nan,1.0,True,False,True,True,True,0,False,False,,,2018-04-12_batchdata_updated_struct_errorcorrect.mat,Raw label equals observed max+1 and endpoint is within 0.005 Ah above threshold; exact crossing unobserved.
Batch3,8,9,828.0,False,True,stop_boundary_asprovided,reserved_no_development_no_final_test,827.0,827,0.88094097,0.88094097,nan,,nan,1.0,True,False,True,True,True,0,False,False,,,2018-04-12_batchdata_updated_struct_errorcorrect.mat,Raw label equals observed max+1 and endpoint is within 0.005 Ah above threshold; exact crossing unobserved.
Batch3,9,10,1039.0,False,True,stop_boundary_asprovided,reserved_no_development_no_final_test,1038.0,1038,0.8801114,0.8801114,nan,,nan,1.0,True,False,True,True,True,0,False,False,,,2018-04-12_batchdata_updated_struct_errorcorrect.mat,Raw label equals observed max+1 and endpoint is within 0.005 Ah above threshold; exact crossing unobserved.
Batch3,10,11,1078.0,False,True,stop_boundary_asprovided,reserved_no_development_no_final_test,1077.0,1077,0.88064086,0.88064086,nan,,nan,1.0,True,False,True,True,True,0,False,False,,,2018-04-12_batchdata_updated_struct_errorcorrect.mat,Raw label equals observed max+1 and endpoint is within 0.005 Ah above threshold; exact crossing unobserved.
Batch3,11,12,817.0,False,True,stop_boundary_asprovided,reserved_no_development_no_final_test,816.0,816,0.88113368,0.88113368,nan,,nan,1.0,True,False,True,True,True,0,False,False,,,2018-04-12_batchdata_updated_struct_errorcorrect.mat,Raw label equals observed max+1 and endpoint is within 0.005 Ah above threshold; exact crossing unobserved.
Batch3,12,13,932.0,False,True,stop_boundary_asprovided,reserved_no_development_no_final_test,931.0,931,0.88080788,0.88080788,nan,,nan,1.0,True,False,True,True,True,0,False,False,,,2018-04-12_batchdata_updated_struct_errorcorrect.mat,Raw label equals observed max+1 and endpoint is within 0.005 Ah above threshold; exact crossing unobserved.
Batch3,13,14,816.0,False,True,stop_boundary_asprovided,reserved_no_development_no_final_test,815.0,815,0.88024569,0.88024569,nan,,nan,1.0,True,False,True,True,True,0,False,False,,,2018-04-12_batchdata_updated_struct_errorcorrect.mat,Raw label equals observed max+1 and endpoint is within 0.005 Ah above threshold; exact crossing unobserved.
Batch3,14,15,858.0,False,True,stop_boundary_asprovided,reserved_no_development_no_final_test,857.0,857,0.88065648,0.88065648,nan,,nan,1.0,True,False,True,True,True,0,False,False,,,2018-04-12_batchdata_updated_struct_errorcorrect.mat,Raw label equals observed max+1 and endpoint is within 0.005 Ah above threshold; exact crossing unobserved.
Batch3,15,16,876.0,False,True,stop_boundary_asprovided,reserved_no_development_no_final_test,875.0,875,0.88058048,0.88058048,nan,,nan,1.0,True,False,True,True,True,0,False,False,,,2018-04-12_batchdata_updated_struct_errorcorrect.mat,Raw label equals observed max+1 and endpoint is within 0.005 Ah above threshold; exact crossing unobserved.
Batch3,16,17,1638.0,False,True,stop_boundary_asprovided,reserved_no_development_no_final_test,1637.0,1637,0.88014877,0.88014877,nan,,nan,1.0,True,False,True,True,True,0,False,False,,,2018-04-12_batchdata_updated_struct_errorcorrect.mat,Raw label equals observed max+1 and endpoint is within 0.005 Ah above threshold; exact crossing unobserved.
Batch3,17,18,1315.0,False,True,stop_boundary_asprovided,reserved_no_development_no_final_test,1314.0,1314,0.88043362,0.88043362,nan,,nan,1.0,True,False,True,True,True,0,False,False,,,2018-04-12_batchdata_updated_struct_errorcorrect.mat,Raw label equals observed max+1 and endpoint is within 0.005 Ah above threshold; exact crossing unobserved.
Batch3,18,19,1146.0,False,True,stop_boundary_asprovided,reserved_no_development_no_final_test,1145.0,1145,0.88003904,0.88003904,nan,,nan,1.0,True,False,True,True,True,0,False,False,,,2018-04-12_batchdata_updated_struct_errorcorrect.mat,Raw label equals observed max+1 and endpoint is within 0.005 Ah above threshold; exact crossing unobserved.
Batch3,19,20,1155.0,False,True,stop_boundary_asprovided,reserved_no_development_no_final_test,1154.0,1154,0.88007373,0.88007373,nan,,nan,1.0,True,False,True,True,True,0,False,False,,,2018-04-12_batchdata_updated_struct_errorcorrect.mat,Raw label equals observed max+1 and endpoint is within 0.005 Ah above threshold; exact crossing unobserved.
Batch3,20,21,813.0,False,True,stop_boundary_asprovided,reserved_no_development_no_final_test,812.0,812,0.88059181,0.88059181,nan,,nan,1.0,True,False,True,True,True,0,False,False,,,2018-04-12_batchdata_updated_struct_errorcorrect.mat,Raw label equals observed max+1 and endpoint is within 0.005 Ah above threshold; exact crossing unobserved.
Batch3,21,22,772.0,False,True,stop_boundary_asprovided,reserved_no_development_no_final_test,771.0,771,0.8801983,0.8801983,nan,,nan,1.0,True,False,True,True,True,0,False,False,,,2018-04-12_batchdata_updated_struct_errorcorrect.mat,Raw label equals observed max+1 and endpoint is within 0.005 Ah above threshold; exact crossing unobserved.
Batch3,22,23,1002.0,False,True,stop_boundary_asprovided,reserved_no_development_no_final_test,1001.0,1001,0.88094068,0.88094068,nan,,nan,1.0,True,False,True,True,True,0,False,False,,,2018-04-12_batchdata_updated_struct_errorcorrect.mat,Raw label equals observed max+1 and endpoint is within 0.005 Ah above threshold; exact crossing unobserved.
Batch3,23,24,nan,False,False,missing_raw_target,reserved_no_development_no_final_test,2189.0,2189,0.93701142,0.93701142,nan,,nan,nan,False,False,True,True,True,0,False,False,,,2018-04-12_batchdata_updated_struct_errorcorrect.mat,Raw target missing; retain NaN; no imputation.
Batch3,24,25,825.0,False,True,stop_boundary_asprovided,reserved_no_development_no_final_test,824.0,824,0.88021326,0.88021326,nan,,nan,1.0,True,False,True,True,True,0,False,False,,,2018-04-12_batchdata_updated_struct_errorcorrect.mat,Raw label equals observed max+1 and endpoint is within 0.005 Ah above threshold; exact crossing unobserved.
Batch3,25,26,989.0,False,True,stop_boundary_asprovided,reserved_no_development_no_final_test,988.0,988,0.88167018,0.88167018,nan,,nan,1.0,True,False,True,True,True,0,False,False,,,2018-04-12_batchdata_updated_struct_errorcorrect.mat,Raw label equals observed max+1 and endpoint is within 0.005 Ah above threshold; exact crossing unobserved.
Batch3,26,27,1028.0,False,True,stop_boundary_asprovided,reserved_no_development_no_final_test,1027.0,1027,0.88023561,0.88023561,nan,,nan,1.0,True,False,True,True,True,0,False,False,,,2018-04-12_batchdata_updated_struct_errorcorrect.mat,Raw label equals observed max+1 and endpoint is within 0.005 Ah above threshold; exact crossing unobserved.
Batch3,27,28,850.0,False,True,stop_boundary_asprovided,reserved_no_development_no_final_test,849.0,849,0.88002509,0.88002509,nan,,nan,1.0,True,False,True,True,True,0,False,False,,,2018-04-12_batchdata_updated_struct_errorcorrect.mat,Raw label equals observed max+1 and endpoint is within 0.005 Ah above threshold; exact crossing unobserved.
Batch3,28,29,541.0,False,True,stop_boundary_asprovided,reserved_no_development_no_final_test,540.0,540,0.88010961,0.88010961,nan,,nan,1.0,True,False,True,True,True,0,False,False,,,2018-04-12_batchdata_updated_struct_errorcorrect.mat,Raw label equals observed max+1 and endpoint is within 0.005 Ah above threshold; exact crossing unobserved.
Batch3,29,30,858.0,False,True,stop_boundary_asprovided,reserved_no_development_no_final_test,857.0,857,0.88007307,0.88007307,nan,,nan,1.0,True,False,True,True,True,0,False,False,,,2018-04-12_batchdata_updated_struct_errorcorrect.mat,Raw label equals observed max+1 and endpoint is within 0.005 Ah above threshold; exact crossing unobserved.
Batch3,30,31,935.0,False,True,stop_boundary_asprovided,reserved_no_development_no_final_test,934.0,934,0.88024825,0.88024825,nan,,nan,1.0,True,False,True,True,True,0,False,False,,,2018-04-12_batchdata_updated_struct_errorcorrect.mat,Raw label equals observed max+1 and endpoint is within 0.005 Ah above threshold; exact crossing unobserved.
Batch3,31,32,731.0,False,True,stop_boundary_asprovided,reserved_no_development_no_final_test,730.0,730,0.88031369,0.88031369,nan,,nan,1.0,True,False,True,True,True,0,False,False,,,2018-04-12_batchdata_updated_struct_errorcorrect.mat,Raw label equals observed max+1 and endpoint is within 0.005 Ah above threshold; exact crossing unobserved.
Batch3,32,33,nan,False,False,missing_raw_target,reserved_no_development_no_final_test,2237.0,2237,0.97388279,0.97388279,nan,,nan,nan,False,False,True,True,True,0,False,False,,,2018-04-12_batchdata_updated_struct_errorcorrect.mat,Raw target missing; retain NaN; no imputation.
Batch3,33,34,1284.0,False,True,stop_boundary_asprovided,reserved_no_development_no_final_test,1283.0,1283,0.88079751,0.88079751,nan,,nan,1.0,True,False,True,True,True,0,False,False,,,2018-04-12_batchdata_updated_struct_errorcorrect.mat,Raw label equals observed max+1 and endpoint is within 0.005 Ah above threshold; exact crossing unobserved.
Batch3,34,35,1158.0,False,True,stop_boundary_asprovided,reserved_no_development_no_final_test,1157.0,1157,0.88017184,0.88017184,nan,,nan,1.0,True,False,True,True,True,0,False,False,,,2018-04-12_batchdata_updated_struct_errorcorrect.mat,Raw label equals observed max+1 and endpoint is within 0.005 Ah above threshold; exact crossing unobserved.
Batch3,35,36,1093.0,False,True,stop_boundary_asprovided,reserved_no_development_no_final_test,1092.0,1092,0.88011736,0.88011736,nan,,nan,1.0,True,False,True,True,True,0,False,False,,,2018-04-12_batchdata_updated_struct_errorcorrect.mat,Raw label equals observed max+1 and endpoint is within 0.005 Ah above threshold; exact crossing unobserved.
Batch3,36,37,923.0,False,True,stop_boundary_asprovided,reserved_no_development_no_final_test,922.0,922,0.88060242,0.88060242,nan,,nan,1.0,True,False,True,True,True,0,False,False,,,2018-04-12_batchdata_updated_struct_errorcorrect.mat,Raw label equals observed max+1 and endpoint is within 0.005 Ah above threshold; exact crossing unobserved.
Batch3,37,38,1390.0,False,True,stop_boundary_asprovided,reserved_no_development_no_final_test,1389.0,1389,0.88049883,0.88049883,nan,,nan,1.0,True,False,True,True,True,0,False,False,,,2018-04-12_batchdata_updated_struct_errorcorrect.mat,Raw label equals observed max+1 and endpoint is within 0.005 Ah above threshold; exact crossing unobserved.
Batch3,38,39,1935.0,False,True,stop_boundary_asprovided,reserved_no_development_no_final_test,1934.0,1934,0.88000458,0.88000458,nan,,nan,1.0,True,False,True,True,True,0,False,False,,,2018-04-12_batchdata_updated_struct_errorcorrect.mat,Raw label equals observed max+1 and endpoint is within 0.005 Ah above threshold; exact crossing unobserved.
Batch3,39,40,1156.0,False,True,stop_boundary_asprovided,reserved_no_development_no_final_test,1155.0,1155,0.88043225,0.88043225,nan,,nan,1.0,True,False,True,True,True,0,False,False,,,2018-04-12_batchdata_updated_struct_errorcorrect.mat,Raw label equals observed max+1 and endpoint is within 0.005 Ah above threshold; exact crossing unobserved.
Batch3,40,41,796.0,False,True,stop_boundary_asprovided,reserved_no_development_no_final_test,795.0,795,0.88070726,0.88070726,nan,,nan,1.0,True,False,True,True,True,0,False,False,,,2018-04-12_batchdata_updated_struct_errorcorrect.mat,Raw label equals observed max+1 and endpoint is within 0.005 Ah above threshold; exact crossing unobserved.
Batch3,41,42,786.0,False,True,stop_boundary_asprovided,reserved_no_development_no_final_test,785.0,785,0.88062328,0.88062328,nan,,nan,1.0,True,False,True,True,True,0,False,False,,,2018-04-12_batchdata_updated_struct_errorcorrect.mat,Raw label equals observed max+1 and endpoint is within 0.005 Ah above threshold; exact crossing unobserved.
Batch3,42,43,1642.0,False,True,stop_boundary_asprovided,reserved_no_development_no_final_test,1641.0,1641,0.88037544,0.88037544,nan,,nan,1.0,True,False,True,True,True,0,False,False,,,2018-04-12_batchdata_updated_struct_errorcorrect.mat,Raw label equals observed max+1 and endpoint is within 0.005 Ah above threshold; exact crossing unobserved.
Batch3,43,44,1046.0,False,True,stop_boundary_asprovided,reserved_no_development_no_final_test,1045.0,1045,0.88060749,0.88060749,nan,,nan,1.0,True,False,True,True,True,0,False,False,,,2018-04-12_batchdata_updated_struct_errorcorrect.mat,Raw label equals observed max+1 and endpoint is within 0.005 Ah above threshold; exact crossing unobserved.
Batch3,44,45,940.0,False,True,stop_boundary_asprovided,reserved_no_development_no_final_test,939.0,939,0.88046378,0.88046378,nan,,nan,1.0,True,False,True,True,True,0,False,False,,,2018-04-12_batchdata_updated_struct_errorcorrect.mat,Raw label equals observed max+1 and endpoint is within 0.005 Ah above threshold; exact crossing unobserved.
Batch3,45,46,1801.0,False,True,stop_boundary_asprovided,reserved_no_development_no_final_test,1800.0,1800,0.88047254,0.88047254,nan,,nan,1.0,True,False,True,True,True,0,False,False,,,2018-04-12_batchdata_updated_struct_errorcorrect.mat,Raw label equals observed max+1 and endpoint is within 0.005 Ah above threshold; exact crossing unobserved.
