candidate,feature,coefficient_standardized,coefficient_original_units
linear_iqr,log10_delta_Q_iqr,-117.28088319399208,-1140.2530313072994
pls_1,dq_000,0.2501520452772369,1745.6302959551335
pls_1,dq_001,0.22077079352039483,2480.3810290223387
pls_1,dq_002,0.1978184531521416,2304.2816751144637
pls_1,dq_003,0.19326907597547796,2239.7484795804735
pls_1,dq_004,0.2703238604519501,3079.6549205983315
pls_1,dq_005,0.3298498286928412,3648.4426094435844
pls_1,dq_006,0.2762626540545978,3034.563458093725
pls_1,dq_007,0.3077893702166874,3210.663277893264
pls_1,dq_008,0.4392486922998254,4556.6255005112125
pls_1,dq_009,0.5299833221779362,5365.955774767489
pls_1,dq_010,0.48009567195531816,4540.226383280105
pls_1,dq_011,0.614332173669149,5481.227137887194
pls_1,dq_012,0.6805235602217611,5614.1966647295485
pls_1,dq_013,0.6805411622081059,5080.201260129096
pls_1,dq_014,0.7876256903077675,5128.692689100033
pls_1,dq_015,0.7790737165763444,4451.1831800693335
pls_1,dq_016,0.9460275268123762,4055.721239027385
pls_1,dq_017,0.8005300835299894,2949.348173695443
pls_1,dq_018,0.9401218449232615,2232.0878494383296
pls_1,dq_019,0.9446375170287113,1418.8273453140139
pls_1,dq_020,0.9407512354794232,671.1913168577296
pls_1,dq_021,0.993442047761545,255.41494627780392
pls_1,dq_022,1.1418983900228759,141.70420094180741
pls_1,dq_023,1.318458658178563,127.32585745351761
pls_1,dq_024,1.3217848229308355,122.09592247403056
pls_1,dq_025,1.3154974420399939,123.38687939288876
pls_1,dq_026,1.333870571049954,125.64334811766558
pls_1,dq_027,1.3634633922166959,127.28597512737404
pls_1,dq_028,1.361702015010933,122.72629963406604
pls_1,dq_029,1.3629412700859382,120.26364711964774
pls_1,dq_030,1.3833084040149781,122.00797300226753
pls_1,dq_031,1.3932720512573482,122.47061629882784
pls_1,dq_032,1.3960372626957993,121.7621482166013
pls_1,dq_033,1.4114308560082895,123.3202438305663
pls_1,dq_034,1.412135149914866,124.89923873316297
pls_1,dq_035,1.4243488006068035,127.5213384238754
pls_1,dq_036,1.429478466177989,130.36718446533695
pls_1,dq_037,1.4354504424943217,134.22178497692738
pls_1,dq_038,1.441431194877652,136.81874056981042
pls_1,dq_039,1.4405467722640266,141.28585686304396
pls_1,dq_040,1.4405558407101273,143.45728415449977
pls_1,dq_041,1.435365321626719,145.7348920445681
pls_1,dq_042,1.431229747806857,149.0682080963574
pls_1,dq_043,1.4256825701806546,150.2221311880116
pls_1,dq_044,1.4226451270636342,152.78400905606082
pls_1,dq_045,1.4144966315811653,154.92835923880227
pls_1,dq_046,1.4138444055334043,157.55502603981523
pls_1,dq_047,1.3973373133295728,157.86280485290123
pls_1,dq_048,1.3955178755634174,160.14152334153815
pls_1,dq_049,1.382318438661405,161.36148295313063
pls_1,dq_050,1.3758846886644074,163.3263895754521
pls_1,dq_051,1.3748762633582825,165.51825125711784
pls_1,dq_052,1.3655049951279055,166.78407399878196
pls_1,dq_053,1.3604760888582954,169.15696683799243
pls_1,dq_054,1.3514467169420448,170.44941956096298
pls_1,dq_055,1.3485948189215253,173.20197969297797
pls_1,dq_056,1.3461901779065022,174.2987221106644
pls_1,dq_057,1.3384312394379403,176.52737281210366
pls_1,dq_058,1.3355450277278929,178.8420997223441
pls_1,dq_059,1.331598997367067,179.50361630271436
pls_1,dq_060,1.3312956525316442,182.0877024290619
pls_1,dq_061,1.3208373432663747,183.31097984285356
pls_1,dq_062,1.31647911716016,185.41661983033728
pls_1,dq_063,1.3127694787662654,186.78074528915104
pls_1,dq_064,1.3100967786035222,188.38738733182538
pls_1,dq_065,1.3001205049471272,189.90023593572064
pls_1,dq_066,1.2996433680739785,191.79208730242243
pls_1,dq_067,1.2900984667276365,192.21653947128357
pls_1,dq_068,1.287814094996171,194.14926481171554
pls_1,dq_069,1.2851204584802625,194.33799160430632
pls_1,dq_070,1.2794865017625152,196.47046025036514
pls_1,dq_071,1.2743226177555413,197.101048032781
pls_1,dq_072,1.26980118714321,199.26626085797145
pls_1,dq_073,1.2659280133271187,201.42168233394594
pls_1,dq_074,1.2530060238126268,201.88336588184157
pls_1,dq_075,1.245337930543799,204.77665777149747
pls_1,dq_076,1.2419410392911203,208.95782491530625
pls_1,dq_077,1.2250698906502084,213.26540627928583
pls_1,dq_078,1.210950222864604,216.6023776714729
pls_1,dq_079,1.196126178316291,220.8743974953502
pls_1,dq_080,1.174189027210073,222.869032211041
pls_1,dq_081,1.1527838280305411,227.46419421942963
pls_1,dq_082,1.1460816506194156,232.2536370368996
pls_1,dq_083,1.1199326525403095,232.52983054857447
pls_1,dq_084,1.1215378026389988,236.33631966571122
pls_1,dq_085,1.1053930061496129,238.8169797567464
pls_1,dq_086,1.0967831308706766,239.69821368036455
pls_1,dq_087,1.0835366410522247,239.2992147344577
pls_1,dq_088,1.0813618451838187,241.7239365341996
pls_1,dq_089,1.0824806722866127,243.5390726103787
pls_1,dq_090,1.0776395335892603,244.29642371928443
pls_1,dq_091,1.0830006719291265,245.89195419890783
pls_1,dq_092,1.0868714460216555,247.69455759346974
pls_1,dq_093,1.071997013773626,245.2392837251776
pls_1,dq_094,1.0856736199268886,249.43638815959787
pls_1,dq_095,1.084672889789117,248.51998203097463
pls_1,dq_096,1.0766232197498604,246.21772003304648
pls_1,dq_097,1.0910513590303537,251.7315489797377
pls_1,dq_098,1.0865977426254192,249.88561871760302
pls_1,dq_099,1.09027753637938,250.3320081913643
