candidate,batch,cell_id,fold,actual,prediction
linear_iqr,Batch1,11,1,788.0,925.6918029080692
linear_iqr,Batch1,14,2,880.0,885.3589256468885
linear_iqr,Batch1,15,3,719.0,880.4863457431564
linear_iqr,Batch1,16,3,862.0,994.9259315483249
linear_iqr,Batch1,17,3,857.0,887.4198520664639
linear_iqr,Batch1,18,3,691.0,710.8673049036996
linear_iqr,Batch1,19,5,788.0,681.0661743243064
linear_iqr,Batch1,20,5,534.0,630.4598695235698
linear_iqr,Batch1,21,1,559.0,605.093326897457
linear_iqr,Batch1,23,1,1014.0,919.1648997513443
linear_iqr,Batch1,24,5,1017.0,834.9301414025161
linear_iqr,Batch1,25,2,854.0,887.2227149580472
linear_iqr,Batch1,28,1,860.0,797.8932195175032
linear_iqr,Batch1,29,2,917.0,782.3819879824388
linear_iqr,Batch1,31,5,876.0,770.1152020773928
linear_iqr,Batch1,32,2,731.0,689.3584147287289
linear_iqr,Batch1,33,3,757.0,757.0293080197221
linear_iqr,Batch1,34,2,742.0,858.9931476343882
linear_iqr,Batch1,36,4,704.0,707.1436737764479
linear_iqr,Batch1,37,5,648.0,691.2334745443554
linear_iqr,Batch1,38,4,617.0,588.5050838152703
linear_iqr,Batch1,39,1,625.0,636.2156411459996
linear_iqr,Batch1,41,2,1051.0,926.0176035715336
linear_iqr,Batch1,42,3,702.0,682.982794292327
linear_iqr,Batch1,43,4,651.0,698.2677965162956
linear_iqr,Batch1,5,1,1074.0,1002.6043305691976
linear_iqr,Batch1,6,4,636.0,765.6584723324859
linear_iqr,Batch1,7,4,870.0,854.0859155957927
pls_1,Batch1,11,1,788.0,947.6720609485775
pls_1,Batch1,14,2,880.0,881.9205862867915
pls_1,Batch1,15,3,719.0,930.5198479347564
pls_1,Batch1,16,3,862.0,898.1287039330371
pls_1,Batch1,17,3,857.0,891.8422880222324
pls_1,Batch1,18,3,691.0,754.5628467903679
pls_1,Batch1,19,5,788.0,749.2206541711495
pls_1,Batch1,20,5,534.0,515.6331083815028
pls_1,Batch1,21,1,559.0,557.3572346830721
pls_1,Batch1,23,1,1014.0,849.8679790003382
pls_1,Batch1,24,5,1017.0,831.511460250852
pls_1,Batch1,25,2,854.0,860.9048363777144
pls_1,Batch1,28,1,860.0,793.9099124883577
pls_1,Batch1,29,2,917.0,800.443389457087
pls_1,Batch1,31,5,876.0,789.1691507167652
pls_1,Batch1,32,2,731.0,725.1551822840494
pls_1,Batch1,33,3,757.0,721.8415135465457
pls_1,Batch1,34,2,742.0,814.7426088064512
pls_1,Batch1,36,4,704.0,733.7454888411656
pls_1,Batch1,37,5,648.0,739.9800997348666
pls_1,Batch1,38,4,617.0,651.907296666463
pls_1,Batch1,39,1,625.0,665.965669490422
pls_1,Batch1,41,2,1051.0,870.0976344026292
pls_1,Batch1,42,3,702.0,727.2583921779515
pls_1,Batch1,43,4,651.0,772.6300480612641
pls_1,Batch1,5,1,1074.0,894.5099717465496
pls_1,Batch1,6,4,636.0,850.6607289149368
pls_1,Batch1,7,4,870.0,808.3791533188376
pls_2,Batch1,11,1,788.0,966.537584535617
pls_2,Batch1,14,2,880.0,896.1675415951813
pls_2,Batch1,15,3,719.0,889.1176681665236
pls_2,Batch1,16,3,862.0,962.6858548062232
pls_2,Batch1,17,3,857.0,860.3215117718967
pls_2,Batch1,18,3,691.0,652.0150614300356
pls_2,Batch1,19,5,788.0,639.895148177601
pls_2,Batch1,20,5,534.0,839.6608965325797
pls_2,Batch1,21,1,559.0,613.5364827797141
pls_2,Batch1,23,1,1014.0,873.0420368795136
pls_2,Batch1,24,5,1017.0,798.6830056655565
pls_2,Batch1,25,2,854.0,871.4433314330033
pls_2,Batch1,28,1,860.0,847.8280444450697
pls_2,Batch1,29,2,917.0,858.7505451704936
pls_2,Batch1,31,5,876.0,899.6030335877003
pls_2,Batch1,32,2,731.0,704.7173446249981
pls_2,Batch1,33,3,757.0,739.479236714118
pls_2,Batch1,34,2,742.0,878.6591355325921
pls_2,Batch1,36,4,704.0,734.4145755809153
pls_2,Batch1,37,5,648.0,620.5447983183633
pls_2,Batch1,38,4,617.0,657.8865741852863
pls_2,Batch1,39,1,625.0,629.7923329734468
pls_2,Batch1,41,2,1051.0,942.7571992666713
pls_2,Batch1,42,3,702.0,766.5713884435363
pls_2,Batch1,43,4,651.0,741.9989078536665
pls_2,Batch1,5,1,1074.0,1020.1130664534738
pls_2,Batch1,6,4,636.0,869.8320931179805
pls_2,Batch1,7,4,870.0,778.3524734351654
pls_3,Batch1,11,1,788.0,956.8092745126444
pls_3,Batch1,14,2,880.0,881.0205160174995
pls_3,Batch1,15,3,719.0,852.3663734125187
pls_3,Batch1,16,3,862.0,956.6422693864616
pls_3,Batch1,17,3,857.0,864.5550423812338
pls_3,Batch1,18,3,691.0,658.7374991772793
pls_3,Batch1,19,5,788.0,615.3406062286168
pls_3,Batch1,20,5,534.0,832.832964851316
pls_3,Batch1,21,1,559.0,634.1532315214824
pls_3,Batch1,23,1,1014.0,884.7051003587907
pls_3,Batch1,24,5,1017.0,842.7032034514702
pls_3,Batch1,25,2,854.0,911.1320892797543
pls_3,Batch1,28,1,860.0,858.9592418524229
pls_3,Batch1,29,2,917.0,849.1885393549328
pls_3,Batch1,31,5,876.0,861.6787837641739
pls_3,Batch1,32,2,731.0,716.8841517340901
pls_3,Batch1,33,3,757.0,745.4317867020657
pls_3,Batch1,34,2,742.0,839.8843973027369
pls_3,Batch1,36,4,704.0,768.1062556743799
pls_3,Batch1,37,5,648.0,646.8949994154815
pls_3,Batch1,38,4,617.0,551.438608214504
pls_3,Batch1,39,1,625.0,639.8954800688603
pls_3,Batch1,41,2,1051.0,947.3819925668868
pls_3,Batch1,42,3,702.0,717.6698921048966
pls_3,Batch1,43,4,651.0,696.4464568322635
pls_3,Batch1,5,1,1074.0,999.966345491719
pls_3,Batch1,6,4,636.0,800.7880206565449
pls_3,Batch1,7,4,870.0,847.1991698236452
