candidate,evaluation,life_band,n,mape_pct,bias_cycles
linear_iqr,Test (Batch 2),<=500,28,32.81377657281937,146.15316359913936
linear_iqr,Test (Batch 2),500-1000,8,31.66846400656762,230.83157377633242
linear_iqr,Test (Batch 2),>1000,3,6.633715220049637,47.58144304496318
linear_iqr,Valid (Batch 1 Hold-out),500-1000,7,5.023900729857045,-10.067712887785612
linear_iqr,Valid (Batch 1 Hold-out),>1000,1,10.634221336301259,-112.08469288461527
linear_variance,Test (Batch 2),<=500,28,29.389224873236156,130.50101479314282
linear_variance,Test (Batch 2),500-1000,8,22.484086950247868,152.349910332636
linear_variance,Test (Batch 2),>1000,3,6.15682583458423,-70.9657506106937
linear_variance,Valid (Batch 1 Hold-out),500-1000,7,5.512615964151252,-8.52171134951571
linear_variance,Valid (Batch 1 Hold-out),>1000,1,12.920566521217223,-136.18277113362956
pls_1,Test (Batch 2),<=500,28,33.5587841699191,119.05826628691683
pls_1,Test (Batch 2),500-1000,8,20.1406453821781,110.73396153163081
pls_1,Test (Batch 2),>1000,3,15.708974016970293,-179.48418018558246
pls_1,Valid (Batch 1 Hold-out),500-1000,7,7.286948623632163,-13.640831614370443
pls_1,Valid (Batch 1 Hold-out),>1000,1,14.66263204560709,-154.54414176069872
