feature,original_position,voltage
dq_000,0,3.5
dq_001,10,3.484984984984985
dq_002,20,3.46996996996997
dq_003,30,3.454954954954955
dq_004,40,3.43993993993994
dq_005,50,3.424924924924925
dq_006,61,3.4084084084084085
dq_007,71,3.3933933933933935
dq_008,81,3.3783783783783785
dq_009,91,3.3633633633633635
dq_010,101,3.3483483483483485
dq_011,111,3.3333333333333335
dq_012,121,3.3183183183183185
dq_013,131,3.3033033033033035
dq_014,141,3.2882882882882885
dq_015,151,3.2732732732732734
dq_016,161,3.2582582582582584
dq_017,172,3.2417417417417416
dq_018,182,3.2267267267267266
dq_019,192,3.2117117117117115
dq_020,202,3.1966966966966965
dq_021,212,3.1816816816816815
dq_022,222,3.1666666666666665
dq_023,232,3.1516516516516515
dq_024,242,3.1366366366366365
dq_025,252,3.1216216216216215
dq_026,262,3.1066066066066065
dq_027,272,3.0915915915915915
dq_028,283,3.075075075075075
dq_029,293,3.06006006006006
dq_030,303,3.045045045045045
dq_031,313,3.03003003003003
dq_032,323,3.015015015015015
dq_033,333,3.0
dq_034,343,2.984984984984985
dq_035,353,2.96996996996997
dq_036,363,2.954954954954955
dq_037,373,2.93993993993994
dq_038,383,2.924924924924925
dq_039,394,2.9084084084084085
dq_040,404,2.8933933933933935
dq_041,414,2.8783783783783785
dq_042,424,2.8633633633633635
dq_043,434,2.8483483483483485
dq_044,444,2.8333333333333335
dq_045,454,2.8183183183183185
dq_046,464,2.8033033033033035
dq_047,474,2.7882882882882885
dq_048,484,2.773273273273273
dq_049,494,2.758258258258258
dq_050,505,2.741741741741742
dq_051,515,2.726726726726727
dq_052,525,2.7117117117117115
dq_053,535,2.6966966966966965
dq_054,545,2.6816816816816815
dq_055,555,2.6666666666666665
dq_056,565,2.6516516516516515
dq_057,575,2.6366366366366365
dq_058,585,2.6216216216216215
dq_059,595,2.6066066066066065
dq_060,605,2.5915915915915915
dq_061,616,2.575075075075075
dq_062,626,2.56006006006006
dq_063,636,2.545045045045045
dq_064,646,2.53003003003003
dq_065,656,2.515015015015015
dq_066,666,2.5
dq_067,676,2.484984984984985
dq_068,686,2.46996996996997
dq_069,696,2.454954954954955
dq_070,706,2.43993993993994
dq_071,716,2.424924924924925
dq_072,727,2.408408408408408
dq_073,737,2.393393393393393
dq_074,747,2.378378378378378
dq_075,757,2.363363363363363
dq_076,767,2.348348348348348
dq_077,777,2.333333333333333
dq_078,787,2.318318318318318
dq_079,797,2.303303303303303
dq_080,807,2.288288288288288
dq_081,817,2.273273273273273
dq_082,827,2.258258258258258
dq_083,838,2.241741741741742
dq_084,848,2.226726726726727
dq_085,858,2.211711711711712
dq_086,868,2.196696696696697
dq_087,878,2.181681681681682
dq_088,888,2.166666666666667
dq_089,898,2.151651651651652
dq_090,908,2.136636636636637
dq_091,918,2.121621621621622
dq_092,928,2.106606606606607
dq_093,938,2.091591591591592
dq_094,949,2.075075075075075
dq_095,959,2.06006006006006
dq_096,969,2.045045045045045
dq_097,979,2.03003003003003
dq_098,989,2.015015015015015
dq_099,999,2.0
