batch,cell_id,cycle_life,charging_policy,source_file,early_records,empty_early_records,input_max_cycle,mean_QD,std_QD,mean_IR,valid_IR_records,mean_Tavg,mean_Tmax,mean_chargetime,median_chargetime,delta_Q_mean,delta_Q_min,delta_Q_var,log10_delta_Q_var,delta_status,C1,switch_SOC,C2,has_newstructure,early_drop_per100,model_eligible,label_status,label_eligible,audit_reason,qd_initial_median,qd_fraction_change,ir_change,ir_fraction_change,tavg_change,temperature_spread,first_window_ir_count,last_window_ir_count,change_feature_max_cycle
Batch1,0,1190.0,3.6C(80%)-3.6C,2017-05-12_batchdata_updated_struct_errorcorrect.mat,99,1,100.0,1.0805965747474746,0.0465623705364551,0.016643322040404,99,31.603747328822767,35.376748303030304,13.384230505050484,13.358211666666708,-0.0028734152246919,-0.0084596429342688,9.663600264771342e-06,-5.014861042960788,ok,3.6,80.0,3.6,False,-0.0001807802994104,False,exclude_continuation_pending_merge,False,Official continued test; local endpoint well above EOL; no verified continuation identity.,1.0750562,0.0007834939233876189,5.4277999999997883e-05,0.003265101152987589,-0.04050668060930818,3.765615864498642,11,11,100.0
Batch1,1,1179.0,3.6C(80%)-3.6C,2017-05-12_batchdata_updated_struct_errorcorrect.mat,99,1,100.0,1.0812468797979795,0.0011909795450513,0.0169217703877551,98,31.33031430692745,34.16065478787879,13.374696464646446,13.341623333333215,-0.0040996146213451,-0.0110038165966219,9.683678956852016e-06,-5.013959617162855,ok,3.6,80.0,3.6,False,0.0014134150342413,False,exclude_continuation_pending_merge,False,Official continued test; local endpoint well above EOL; no verified continuation identity.,1.0819396,-0.0009592956945099468,0.00010223000000000176,0.006061130679827384,-0.1571969824521453,2.8230577040000036,10,11,100.0
Batch1,2,1177.0,3.6C(80%)-3.6C,2017-05-12_batchdata_updated_struct_errorcorrect.mat,99,1,100.0,1.0853711969696969,0.0010255172720119,0.0167689786020408,98,31.47958411321121,34.54464383838384,13.378886329966337,13.341569999999772,-0.0044867342828869,-0.0172163918496444,1.8323155109711005e-05,-4.7369997419805365,ok,3.6,80.0,3.6,False,0.0005360238891547,False,exclude_continuation_pending_merge,False,Official continued test; local endpoint well above EOL; no verified continuation identity.,1.0855571,-0.0003054652767689396,0.00011857599999999871,0.007100226630496406,-0.14425071307277193,3.0641807176685454,10,11,100.0
Batch1,3,1226.0,4C(80%)-4C,2017-05-12_batchdata_updated_struct_errorcorrect.mat,99,1,100.0,1.08494896969697,0.0010963475152406,0.0163109127346938,98,29.942198807956427,30.662263141414144,12.053277171717166,12.092243333333318,-0.0074557847000184,-0.0189605397732695,3.608997994486938e-05,-4.442613359277012,ok,4.0,80.0,4.0,False,-0.0003167419971329,False,exclude_continuation_pending_merge,False,Official continued test; local endpoint well above EOL; no verified continuation identity.,1.0842366,0.0004914978889292579,8.129349999999591e-05,0.004983514619340206,-0.18413050333671777,0.7019976336996621,10,11,100.0
Batch1,4,1227.0,4C(80%)-4C,2017-05-12_batchdata_updated_struct_errorcorrect.mat,99,1,100.0,1.082843531313131,0.0010950287531073,0.0166688861632653,98,31.44888383416564,34.38251588888889,12.053313636363642,12.09220499999986,-0.0057500081219601,-0.0139579950936773,2.250382488567616e-05,-4.647743660307859,ok,4.0,80.0,4.0,False,-0.0005480738174872,False,exclude_continuation_pending_merge,False,Official continued test; local endpoint well above EOL; no verified continuation identity.,1.0819536,0.0007400502202681117,4.3612999999997903e-05,0.002613720170071175,-0.04044157950538363,2.9302575120817664,10,11,100.0
Batch1,5,1074.0,4.4C(80%)-4.4C,2017-05-12_batchdata_updated_struct_errorcorrect.mat,99,1,100.0,1.0803274434343435,0.0010474769149627,0.0162703885757575,99,30.92149771366389,33.02000678787879,15.07576803030309,10.91741500000062,-0.0110739129797385,-0.0251787789493372,6.624026126041227e-05,-4.178877963304522,ok,4.4,80.0,4.4,False,0.0001351287625417,True,stop_boundary_asprovided,True,Raw label equals observed max+1 and endpoint is within 0.005 Ah above threshold; exact crossing unobserved.,1.0799582,-6.944713230572002e-05,6.225500000000064e-05,0.003830812655939282,-0.0076765664162365965,2.0591203302919787,11,11,100.0
Batch1,6,636.0,4.8C(80%)-4.8C,2017-05-12_batchdata_updated_struct_errorcorrect.mat,99,1,100.0,1.0809117848484848,0.0011514053246823,0.0166757100612244,98,32.27384521945563,35.79263145454546,10.04485760942758,10.0083150000001,-0.0159650562482748,-0.0378860393134797,0.0001702637129223,-3.768877900227724,ok,4.8,80.0,4.8,False,0.0020778099219621,True,stop_boundary_asprovided,True,Raw label equals observed max+1 and endpoint is within 0.005 Ah above threshold; exact crossing unobserved.,1.0811012,-0.001420403566289604,1.5100000000031755e-07,9.055906730177013e-06,-0.10762019621748209,3.4991643398692247,10,11,100.0
Batch1,7,870.0,4.8C(80%)-4.8C,2017-05-12_batchdata_updated_struct_errorcorrect.mat,99,1,100.0,1.0969264323232324,0.0008160083405221,0.0162139184081632,98,31.99008450921703,35.32269474747474,10.044094528619514,10.009005000000371,-0.0166457272456197,-0.0382333865070744,0.0001536434047758,-3.8134860773269863,ok,4.8,80.0,4.8,False,0.001504458512502,True,stop_boundary_asprovided,True,Raw label equals observed max+1 and endpoint is within 0.005 Ah above threshold; exact crossing unobserved.,1.0967561,-0.0007503035542724219,9.806349999999867e-05,0.006062775930772981,-0.06944984003871824,3.3330381242937754,10,11,100.0
Batch1,8,879.0,5.4C(40%)-3.6C,2017-05-12_batchdata_updated_struct_errorcorrect.mat,99,1,100.0,1.0947719373737377,0.0008728084188628,0.0167117057070707,99,32.076506270161325,34.45206194949494,11.24361163299663,11.20847000000067,-0.0128189672320227,-0.030807702259195,9.97253091328456e-05,-4.001194608771134,ok,5.4,40.0,3.6,False,0.0008169471253381,False,exclude_official_unfinished,False,Official unfinished Batch1 index and local endpoint above 0.885 Ah.,1.0947338,-0.0004336213972748901,0.00014783399999999947,0.00887102078005741,-0.00540293952303017,2.3828535849909755,11,11,100.0
Batch1,9,1054.0,5.4C(40%)-3.6C,2017-05-12_batchdata_updated_struct_errorcorrect.mat,99,1,100.0,1.0876998484848484,0.0009772024093552,0.0168353652323232,99,32.64153361126789,35.98493365656566,11.24185760942762,11.208363333333304,-0.0115106005684801,-0.0287244756962299,8.72200481780871e-05,-4.059383677769545,ok,5.4,40.0,3.6,False,-0.0004908586558369,True,stop_boundary_asprovided,True,Raw label equals observed max+1 and endpoint is within 0.005 Ah above threshold; exact crossing unobserved.,1.0872157,0.00046844430226683243,0.0001181789999999995,0.007032133217268604,0.059107653374070424,3.331106379278445,11,11,100.0
Batch1,10,906.0,5.4C(50%)-3C,2017-05-12_batchdata_updated_struct_errorcorrect.mat,99,1,100.0,1.0817046181818184,0.0015792204108333,0.0165639684285714,98,33.208150668462316,36.87145022222223,11.688040235690274,11.652169999999993,-0.0106680078437342,-0.0269929319225264,9.493510903192644e-05,-4.022573146487059,ok,5.4,50.0,3.0,False,-0.000608690078038,False,exclude_official_unfinished,False,Official unfinished Batch1 index and local endpoint above 0.885 Ah.,1.0809921,0.000684371328893216,0.00016964449999999978,0.010280123822394531,0.03376264684953867,3.653601119241266,10,11,100.0
Batch1,11,788.0,5.4C(50%)-3C,2017-05-12_batchdata_updated_struct_errorcorrect.mat,99,1,100.0,1.060083885858586,0.0014342920160654,0.0162007278265306,98,32.75932260623101,36.23175358585859,11.684114427609464,11.652381666667257,-0.0083782051025299,-0.0236915130336226,7.130228856858242e-05,-4.146896530502188,ok,5.4,50.0,3.0,False,-0.0004718680522376,True,stop_boundary_asprovided,True,Raw label equals observed max+1 and endpoint is within 0.005 Ah above threshold; exact crossing unobserved.,1.0594341,0.0005407603927416309,0.0001440525000000019,0.008930592644735435,-0.007751793877240232,3.45242743250445,10,11,100.0
Batch1,12,902.0,5.4C(50%)-3.6C,2017-05-12_batchdata_updated_struct_errorcorrect.mat,99,1,100.0,1.082155223232323,0.0008676591348281,0.0164390562323232,99,33.4580219141428,37.448847525252525,10.68385405723906,10.65295333333294,-0.0112379583337073,-0.0274388695876881,7.495650888780392e-05,-4.125190648988873,ok,5.4,50.0,3.6,False,-2.621691352127365e-05,False,exclude_official_unfinished,False,Official unfinished Batch1 index and local endpoint above 0.885 Ah.,1.0817928,0.00020715612083925712,0.00011246999999999993,0.006853426969414224,0.07899786667557862,3.943689640909092,11,11,100.0
Batch1,13,897.0,5.4C(50%)-3.6C,2017-05-12_batchdata_updated_struct_errorcorrect.mat,99,1,100.0,1.0842732373737374,0.0008261310229366,0.0170365509494949,99,32.09216634315908,34.67959250505051,10.685353013468022,10.65265833333348,-0.0131487343816584,-0.0291370752398165,8.953514522265102e-05,-4.048006457642694,ok,5.4,50.0,3.6,False,0.000777229335881,False,exclude_official_unfinished,False,Official unfinished Batch1 index and local endpoint above 0.885 Ah.,1.0841756,-0.00036101162948146197,0.00012106200000000164,0.007119304481435903,0.066801256732262,2.554749647716598,11,11,100.0
Batch1,14,880.0,5.4C(60%)-3C,2017-05-12_batchdata_updated_struct_errorcorrect.mat,99,1,100.0,1.0761029171717171,0.001227002833192,0.0169750018383838,99,33.07746279993842,36.63094507070707,14.925935387205389,10.763341666666626,-0.0119462182234678,-0.0282939556930506,8.993529426869348e-05,-4.046069839990279,ok,5.4,60.0,3.0,False,-0.0013099592291774,True,stop_boundary_asprovided,True,Raw label equals observed max+1 and endpoint is within 0.005 Ah above threshold; exact crossing unobserved.,1.0752021,0.0010094846354931914,0.00012509800000000057,0.007395917790133048,-0.05779048481323201,3.550395557021737,11,11,100.0
Batch1,15,719.0,5.4C(60%)-3C,2017-05-12_batchdata_updated_struct_errorcorrect.mat,99,1,100.0,1.0676568858585858,0.001400799907925,0.0168399864343434,99,33.147720104395674,37.05618863636363,14.92770846801342,10.76351999999994,-0.0110130893131804,-0.028944554696785,9.595130743781206e-05,-4.017949103167607,ok,5.4,60.0,3.0,False,-0.0013269057971015,True,stop_boundary_asprovided,True,Raw label equals observed max+1 and endpoint is within 0.005 Ah above threshold; exact crossing unobserved.,1.0666022,0.0011756960561304752,0.0002147779999999988,0.012848433553902684,0.0866806654839749,3.9306313733825746,11,11,100.0
Batch1,16,862.0,5.4C(60%)-3.6C,2017-05-12_batchdata_updated_struct_errorcorrect.mat,99,1,100.0,1.0864695565656566,0.001203283189577,0.0166975241428571,98,32.41716254671688,35.85141423232323,10.12547436026938,10.09699833333337,-0.0124038061637924,-0.0276066748423711,7.954013514589506e-05,-4.099413675443745,ok,5.4,60.0,3.6,False,-0.0010787977384932,True,stop_boundary_asprovided,True,Raw label equals observed max+1 and endpoint is within 0.005 Ah above threshold; exact crossing unobserved.,1.0856069,0.0007585618698629201,0.00015573749999999928,0.009354571366316983,0.10365092186480496,3.463240815227522,10,11,100.0
Batch1,17,857.0,5.4C(60%)-3.6C,2017-05-12_batchdata_updated_struct_errorcorrect.mat,99,1,100.0,1.0771062363636363,0.0010541182453571,0.0166762275353535,99,32.088753858534446,35.43276257575758,10.13811205387206,10.103795000000051,-0.0133431157573995,-0.0310679671089385,0.0001071125969275,-3.970159451162403,ok,5.4,60.0,3.6,False,-0.0004198623984715,True,stop_boundary_asprovided,True,Raw label equals observed max+1 and endpoint is within 0.005 Ah above threshold; exact crossing unobserved.,1.076528,0.0005099728014507126,0.00016563600000000026,0.00996449536408767,0.13768841308369772,3.3277543302583865,11,11,100.0
Batch1,18,691.0,5.4C(70%)-3C,2017-05-12_batchdata_updated_struct_errorcorrect.mat,99,1,100.0,1.086443382828283,0.1825211816014715,0.0180047544141414,99,31.831057275618026,35.415118353535355,9.925956313131316,9.957751666666688,-0.0207023868033387,-0.0441332154082728,0.0002238305979209,-3.650080545153841,ok,5.4,70.0,3.0,False,0.006284574136009,True,stop_boundary_asprovided,True,Raw label equals observed max+1 and endpoint is within 0.005 Ah above threshold; exact crossing unobserved.,1.0698264,-0.004657951981741949,-0.003968050000000001,-0.19953855279649158,1.0295345259515436,3.6608293217184844,11,11,100.0
Batch1,19,788.0,5.4C(70%)-3C,2017-05-12_batchdata_updated_struct_errorcorrect.mat,99,1,100.0,1.0883684717171715,0.0007718216160143,0.016324869080808,99,33.044085397077396,36.83902758585858,9.930255336700304,9.957913333333272,-0.0201062748217697,-0.0458926934265084,0.0002399347614457,-3.6199068274368353,ok,5.4,70.0,3.0,False,0.0020675113075324,True,stop_boundary_asprovided,True,Raw label equals observed max+1 and endpoint is within 0.005 Ah above threshold; exact crossing unobserved.,1.0889834,-0.0016344601763443377,0.00011556999999999887,0.007101543468887311,0.08996645031104578,3.7905915782568087,11,11,100.0
Batch1,20,534.0,5.4C(80%)-5.4C,2017-05-12_batchdata_updated_struct_errorcorrect.mat,99,1,100.0,1.0698410858585858,0.0041844104195436,0.0152103660918367,98,32.15292201754506,34.92834715151515,9.027207626262616,9.006340000000394,-0.0327959830071476,-0.0635804268966032,0.0004293016817129,-3.367237410245857,ok,5.4,80.0,5.4,False,0.015266872193025,True,stop_boundary_asprovided,True,Raw label equals observed max+1 and endpoint is within 0.005 Ah above threshold; exact crossing unobserved.,1.0741806,-0.01089742264941305,-0.00019535700000000017,-0.012726948176108343,-0.13771503449108735,2.782970970287863,10,11,100.0
Batch1,21,559.0,5.4C(80%)-5.4C,2017-05-12_batchdata_updated_struct_errorcorrect.mat,99,1,100.0,1.082226497979798,0.0026137864433469,0.0150902362346938,98,33.13697371135653,36.94892544444444,8.987271380471347,8.985736666666586,-0.0306575771127106,-0.0647202627657549,0.0004463360322465,-3.3503380515995875,ok,5.4,80.0,5.4,False,0.0094119185379829,True,stop_boundary_asprovided,True,Raw label equals observed max+1 and endpoint is within 0.005 Ah above threshold; exact crossing unobserved.,1.08462,-0.006503936862679876,4.479199999999836e-05,0.0029676576858006574,-0.23066083516229696,3.7403520160680586,10,11,100.0
Batch1,22,891.0,6C(30%)-3.6C,2017-05-12_batchdata_updated_struct_errorcorrect.mat,99,1,100.0,1.082979815151515,0.0007437449096877,0.0165919733030303,99,32.84391283877385,36.64192422222223,11.46291215488218,11.43029333333349,-0.0147163713132086,-0.0321471440089913,0.0001116429559894,-3.952168673142781,ok,6.0,30.0,3.6,False,0.0017054419493548,False,exclude_official_unfinished,False,Official unfinished Batch1 index and local endpoint above 0.885 Ah.,1.0834104,-0.0010677394272751654,0.000132796000000001,0.00802418106626578,0.15466259152285033,3.7643708447654305,11,11,100.0
Batch1,23,1014.0,6C(30%)-3.6C,2017-05-12_batchdata_updated_struct_errorcorrect.mat,99,1,100.0,1.0824610575757576,0.0006413256985738,0.0168240025858585,99,31.99077454717494,34.8727843939394,11.458691784511789,11.430255000000004,-0.0133406205123602,-0.0299535169317572,9.103457241110652e-05,-4.0407936433278895,ok,6.0,30.0,3.6,False,0.0015515482560913,True,stop_boundary_asprovided,True,Raw label equals observed max+1 and endpoint is within 0.005 Ah above threshold; exact crossing unobserved.,1.0829387,-0.0010556460859696038,0.00014636900000000036,0.008725893414603095,0.15101093714716995,2.874088723696275,11,11,100.0
Batch1,24,1017.0,6C(40%)-3C,2017-05-12_batchdata_updated_struct_errorcorrect.mat,99,1,100.0,1.0780331868686868,0.000717218855769,0.0165874488888888,99,33.378063951824195,36.866496545454545,12.128487205387223,12.098313333333742,-0.0138735070132826,-0.0318421340978982,0.0001151694986635,-3.938662523656534,ok,6.0,40.0,3.0,False,0.0007016630832934,True,stop_boundary_asprovided,True,Raw label equals observed max+1 and endpoint is within 0.005 Ah above threshold; exact crossing unobserved.,1.0781142,-0.00036740078184657927,0.00016486099999999879,0.00997918644640268,0.09821077894135044,3.482748301921191,11,11,100.0
Batch1,25,854.0,6C(40%)-3C,2017-05-12_batchdata_updated_struct_errorcorrect.mat,99,1,100.0,1.078847887878788,0.00073110500813,0.0165961417979798,99,33.848557073949294,37.990239878787875,12.13749808080808,12.09737499999998,-0.0124061930528873,-0.0294411728905654,9.378020536805894e-05,-4.027888820540259,ok,6.0,40.0,3.0,False,0.001135727106227,True,stop_boundary_asprovided,True,Raw label equals observed max+1 and endpoint is within 0.005 Ah above threshold; exact crossing unobserved.,1.0789477,-0.0006351559023667225,0.00014805799999999952,0.00895171714948708,0.07809773063021908,4.110380789233538,11,11,100.0
Batch1,26,870.0,6C(40%)-3.6C,2017-05-12_batchdata_updated_struct_errorcorrect.mat,99,1,100.0,1.090574287878788,0.0008664365793143,0.0162854918383838,99,33.15641406115227,36.41381293939394,10.800664208754249,10.765060000000329,-0.0178501571256248,-0.0383544536324539,0.0001602433454256,-3.795219996785343,ok,6.0,40.0,3.6,False,0.0023458016403882,True,stop_boundary_asprovided,True,Raw label equals observed max+1 and endpoint is within 0.005 Ah above threshold; exact crossing unobserved.,1.0913129,-0.001591111036990373,0.00015657600000000202,0.009650989294820726,0.1636987841260762,3.2732995766423656,11,11,100.0
Batch1,27,842.0,6C(40%)-3.6C,2017-05-12_batchdata_updated_struct_errorcorrect.mat,99,1,100.0,1.0820360393939392,0.000754620571751,0.0160989066666666,99,33.89497000372245,37.51131004040404,10.803712340067367,10.763831666666675,-0.0155141871466561,-0.0358321196463462,0.0001400544137433,-3.8537032000559392,ok,6.0,40.0,3.6,False,0.0020203343685299,True,stop_boundary_asprovided,True,Raw label equals observed max+1 and endpoint is within 0.005 Ah above threshold; exact crossing unobserved.,1.0825608,-0.0012966477263909868,0.0001762699999999992,0.011000346978664506,0.16909765020662348,3.5831915940958865,11,11,100.0
Batch1,28,860.0,6C(50%)-3C,2017-05-12_batchdata_updated_struct_errorcorrect.mat,99,1,100.0,1.0806956292929293,0.0005808473697885,0.0166800375454545,99,33.773800525042,37.491157878787874,11.138253585858592,11.178876666666474,-0.0166981227551627,-0.0372134803197419,0.0001429842469732,-3.844711807496199,ok,6.0,50.0,3.0,False,0.00151900621118,True,stop_boundary_asprovided,True,Raw label equals observed max+1 and endpoint is within 0.005 Ah above threshold; exact crossing unobserved.,1.0810313,-0.0010603763276789899,0.00019163399999999955,0.01154481010379627,0.2028211858334572,3.7044459547100104,11,11,100.0
Batch1,29,917.0,6C(50%)-3C,2017-05-12_batchdata_updated_struct_errorcorrect.mat,99,1,100.0,1.0827828212121215,0.0006456219175832,0.0165455236262626,99,32.70415601771739,35.39940990909091,11.151875336700314,11.179469999999856,-0.0166005234269311,-0.0368684498819182,0.0001451170011316,-3.8382817049630766,ok,6.0,50.0,3.0,False,0.0014495911769387,True,stop_boundary_asprovided,True,Raw label equals observed max+1 and endpoint is within 0.005 Ah above threshold; exact crossing unobserved.,1.0830729,-0.0009592152107212302,0.0001774899999999989,0.010774583201982178,0.1811088227481079,2.6809683937777535,11,11,100.0
Batch1,30,709.0,6C(50%)-3.6C,2017-05-12_batchdata_updated_struct_errorcorrect.mat,99,1,100.0,1.0828237171717172,0.0008262149778357,0.0160094262525252,99,33.54008830692456,36.797617333333335,10.124524292929316,10.09681166666669,-0.0177191221668012,-0.0408153850243965,0.0001800117202166,-3.744699217898308,ok,6.0,50.0,3.6,False,0.0026672968625574,True,stop_boundary_asprovided,True,Raw label equals observed max+1 and endpoint is within 0.005 Ah above threshold; exact crossing unobserved.,1.0835986,-0.0018387805226031703,0.00018135000000000026,0.011380633719622245,0.1814995055765749,3.236510525688054,11,11,100.0
Batch1,31,876.0,6C(50%)-3.6C,2017-05-12_batchdata_updated_struct_errorcorrect.mat,99,1,100.0,1.097068405050505,0.0009821231393733,0.0168655661414141,99,30.375396745150564,30.709141161616163,10.126957558922545,10.096814999999818,-0.0179835888032468,-0.0394782064842472,0.0001668273978984,-3.777732624088043,ok,6.0,50.0,3.6,False,0.0034705624303236,True,stop_boundary_asprovided,True,Raw label equals observed max+1 and endpoint is within 0.005 Ah above threshold; exact crossing unobserved.,1.098269,-0.002458049894879955,0.00014338099999999798,0.00852868584860088,0.045681682873830454,0.33224158396226144,11,11,100.0
Batch1,32,731.0,6C(60%)-3C,2017-05-12_batchdata_updated_struct_errorcorrect.mat,99,1,100.0,1.0806714494949494,0.0007058238630044,0.0161670642525252,99,33.08050304573434,36.23561784848484,10.129902676767715,10.096439999999951,-0.0207302738370073,-0.0455662852625746,0.000225702569302,-3.6464634970703615,ok,6.0,60.0,3.0,False,0.0021461451664286,True,stop_boundary_asprovided,True,Raw label equals observed max+1 and endpoint is within 0.005 Ah above threshold; exact crossing unobserved.,1.0812578,-0.0015493067425733141,0.0001754729999999989,0.010902374622971358,0.11293336679242572,3.1139264276673657,11,11,100.0
Batch1,33,757.0,6C(60%)-3C,2017-05-12_batchdata_updated_struct_errorcorrect.mat,99,1,100.0,1.0954916464646465,0.0009462319167455,0.0164837756565656,99,33.67169761442224,37.731304424242424,10.129993047138068,10.096583333333305,-0.021651569301358,-0.0449017812116827,0.0002152496244542,-3.6670575975866417,ok,6.0,60.0,3.0,False,0.0031864898072946,True,stop_boundary_asprovided,True,Raw label equals observed max+1 and endpoint is within 0.005 Ah above threshold; exact crossing unobserved.,1.0964888,-0.002291313873885314,0.00012624500000000052,0.007676513911063017,0.21746175569542459,3.9866531777777965,11,11,100.0
Batch1,34,742.0,7C(30%)-3.6C,2017-05-12_batchdata_updated_struct_errorcorrect.mat,99,1,100.0,1.0800699888888887,0.0007272870882621,0.016855197080808,99,32.66455167507311,36.08252629292929,11.035507962962974,11.001284999999916,-0.0160803594303168,-0.0372181417488076,0.0001417045655742,-3.848616157008837,ok,7.0,30.0,3.6,False,0.0010684652014658,True,stop_boundary_asprovided,True,Raw label equals observed max+1 and endpoint is within 0.005 Ah above threshold; exact crossing unobserved.,1.080246,-0.0005683890521234186,0.00014544600000000046,0.008659761331723971,0.24617438773923084,3.4193271882571707,11,11,100.0
Batch1,35,703.0,7C(30%)-3.6C,2017-05-12_batchdata_updated_struct_errorcorrect.mat,99,1,100.0,1.0745076737373735,0.0007027143826541,0.0169670922929292,99,32.09733437854189,34.87752171717172,11.036444074074083,11.001281666666667,-0.018223341654084,-0.0391520343350484,0.0001688084508574,-3.77260581559603,ok,7.0,30.0,3.6,False,0.0006331257365825,True,stop_boundary_asprovided,True,Raw label equals observed max+1 and endpoint is within 0.005 Ah above threshold; exact crossing unobserved.,1.074385,-0.0002453496651573044,0.00019175499999999832,0.01135187240626829,0.19807854952681225,2.760547926296546,11,11,100.0
Batch1,36,704.0,7C(40%)-3C,2017-05-12_batchdata_updated_struct_errorcorrect.mat,99,1,100.0,1.0812765595959597,0.0007104421735963,0.0164377462626262,99,32.04688205693082,33.970878757575754,11.554803670033683,11.52468333333333,-0.0210423508580267,-0.0446214059612219,0.0002140418309783,-3.669501342595944,ok,7.0,40.0,3.0,False,0.0017389129638474,True,stop_boundary_asprovided,True,Raw label equals observed max+1 and endpoint is within 0.005 Ah above threshold; exact crossing unobserved.,1.0817475,-0.0012100790618882913,0.00021425099999999864,0.013109929349895475,0.1595592151897982,1.9272550647810363,11,11,100.0
Batch1,37,648.0,7C(40%)-3C,2017-05-12_batchdata_updated_struct_errorcorrect.mat,99,1,100.0,1.0780300424242424,0.0007605825290446,0.016546422020202,99,32.95969887229894,36.05156987878787,11.561455202020229,11.524764999999997,-0.0194368246349165,-0.0445447849576301,0.000211865921671,-3.673938893314921,ok,7.0,40.0,3.0,False,0.0020345725433982,True,stop_boundary_asprovided,True,Raw label equals observed max+1 and endpoint is within 0.005 Ah above threshold; exact crossing unobserved.,1.0785298,-0.001379470460621523,0.00020266000000000034,0.012314601175787398,0.21247877240170965,3.0478822130395073,11,11,100.0
Batch1,38,617.0,7C(40%)-3.6C,2017-05-12_batchdata_updated_struct_errorcorrect.mat,99,1,100.0,1.075801506060606,0.0006463898758454,0.0162120569696969,99,33.69474656343401,37.29856363636363,10.23158840067342,10.193719999999969,-0.0267641938349674,-0.0564155969469958,0.0003689366724831,-3.4330481735466756,ok,7.0,40.0,3.6,False,0.0018679196528111,True,stop_boundary_asprovided,True,Raw label equals observed max+1 and endpoint is within 0.005 Ah above threshold; exact crossing unobserved.,1.0763566,-0.0012616636531052722,0.00022510599999999922,0.013964676204329667,0.3261127839492488,3.622655392956382,11,11,100.0
Batch1,39,625.0,7C(40%)-3.6C,2017-05-12_batchdata_updated_struct_errorcorrect.mat,99,1,100.0,1.085658998989899,0.0006974026916973,0.0166911045555555,99,33.50643317156701,37.40386024242424,10.242025976430943,10.274616666666892,-0.024440041487006,-0.0531439540918114,0.0003129437479421,-3.5045337204530713,ok,7.0,40.0,3.6,False,0.0013583021181714,True,stop_boundary_asprovided,True,Raw label equals observed max+1 and endpoint is within 0.005 Ah above threshold; exact crossing unobserved.,1.0858474,-0.0008347397617750753,0.0002372390000000002,0.014306538231315108,0.23958992995036255,3.872805313543573,11,11,100.0
Batch1,40,966.0,8C(15%)-3.6C,2017-05-12_batchdata_updated_struct_errorcorrect.mat,99,1,100.0,1.0869299777777777,0.0007304158641508,0.0166792732121212,99,33.45968416375564,37.756139949494944,12.087224326599337,12.054698333333365,-0.0126288078477035,-0.0290957088162858,8.806174658415387e-05,-4.0552127051547355,ok,8.0,15.0,3.6,False,0.0018427732122944,True,stop_boundary_asprovided,True,Raw label equals observed max+1 and endpoint is within 0.005 Ah above threshold; exact crossing unobserved.,1.087337,-0.0013063107389889137,0.0001969019999999988,0.011865132952616406,0.10935018689897902,4.286153406363681,11,11,100.0
Batch1,41,1051.0,8C(15%)-3.6C,2017-05-12_batchdata_updated_struct_errorcorrect.mat,99,1,100.0,1.082886786868687,0.00066140508839,0.0167448905050505,99,33.07332253245542,36.8232453030303,12.091290892255918,12.054646666666182,-0.0123585685628461,-0.028506291359022,8.48176100238975e-05,-4.071513969179501,ok,8.0,15.0,3.6,False,0.0009746379200505,True,stop_boundary_asprovided,True,Raw label equals observed max+1 and endpoint is within 0.005 Ah above threshold; exact crossing unobserved.,1.0830122,-0.0006377582819473724,0.0001489559999999987,0.008931080557260112,0.13326892379097188,3.7494200651203258,11,11,100.0
Batch1,42,702.0,8C(25%)-3.6C,2017-05-12_batchdata_updated_struct_errorcorrect.mat,99,1,100.0,1.083889183838384,0.0006395508190474,0.0167156228383838,99,33.58506724391689,37.673212,11.178124326599384,11.138530000000417,-0.0205992102528132,-0.0447096457287301,0.0002158461043174,-3.6658557852690015,ok,8.0,25.0,3.6,False,0.0007135648988683,True,stop_boundary_asprovided,True,Raw label equals observed max+1 and endpoint is within 0.005 Ah above threshold; exact crossing unobserved.,1.08398,-0.00048718611044476864,0.0002573210000000013,0.015496944586774322,0.28472499908424,4.092801005586601,11,11,100.0
Batch1,43,651.0,8C(25%)-3.6C,2017-05-12_batchdata_updated_struct_errorcorrect.mat,99,1,100.0,1.070522194949495,0.0008917599141955,0.0161048555656565,99,33.339782658681436,36.82060524242424,11.17782324915825,11.138113333333118,-0.0191656267784761,-0.0446058901526373,0.000214892336711,-3.667779071634814,ok,8.0,25.0,3.6,False,0.0032219099378877,True,stop_boundary_asprovided,True,Raw label equals observed max+1 and endpoint is within 0.005 Ah above threshold; exact crossing unobserved.,1.0715883,-0.0023666738429300974,0.0002307660000000003,0.014417873800025635,0.2492138262931647,3.4816337801998714,11,11,100.0
Batch1,44,616.0,8C(35%)-3.6C,2017-05-12_batchdata_updated_struct_errorcorrect.mat,99,1,100.0,1.0868420717171718,0.0011324582364728,0.0174138499696969,99,32.55333216968653,35.79095866666667,10.258049427609434,10.22140833333348,-0.029329092901317,-0.0587970716540376,0.0003795770928016,-3.42070000480644,ok,8.0,35.0,3.6,False,0.0042103382704254,True,stop_boundary_asprovided,True,Raw label equals observed max+1 and endpoint is within 0.005 Ah above threshold; exact crossing unobserved.,1.0882808,-0.003018430537412701,0.00026086600000000196,0.015074692441105078,0.2826428448635099,3.2535946700274962,11,11,100.0
Batch1,45,599.0,8C(35%)-3.6C,2017-05-12_batchdata_updated_struct_errorcorrect.mat,99,1,100.0,1.0871594505050506,0.0007692257379954,0.0166742515858585,99,33.0005473910965,36.69642807070708,10.257274326599305,10.221549999999842,-0.0288660905211357,-0.0594035099161143,0.0003755845892835,-3.425292235698853,ok,8.0,35.0,3.6,False,0.0022554030896634,True,stop_boundary_asprovided,True,Raw label equals observed max+1 and endpoint is within 0.005 Ah above threshold; exact crossing unobserved.,1.0877666,-0.0015686269462584516,0.0002726779999999984,0.016468447544517522,0.3542597543657209,3.678427816589945,11,11,100.0
Batch2,0,477.0,5.2C(58%)-4C,2018-02-20_batchdata_updated_struct_errorcorrect.mat,100,0,100.0,1.105038492,0.0031350786761728,0.01733813236,100,31.807497385473816,35.36194140015722,10.173261300000108,10.173191666666874,-0.025801000173386,-0.055061277717081,0.0003256380937,-3.4872647963011447,ok,5.2,58.0,4.0,False,-0.0013176985188727,False,observed_crossing_matches_raw,True,Raw target exactly matches first summary-cycle crossing after cycle 100.,1.1056149,-5.146457414775737e-05,0.00021817300000000206,0.012683055799504444,0.12195620095638304,3.5696013135906846,11,11,100.0
Batch2,1,491.0,5.6C(26%)-4.5C,2018-02-20_batchdata_updated_struct_errorcorrect.mat,100,0,100.0,1.10494644,0.0034263134266403,0.01755915909,100,33.59830289682961,36.44809667816464,10.19907416666656,10.176859166666691,-0.0355950076396831,-0.0661147205894651,0.0005034410615908,-3.2980513654760366,ok,5.6,26.0,4.5,False,0.0031199390030255,False,observed_crossing_matches_raw,True,Raw target exactly matches first summary-cycle crossing after cycle 100.,1.1071947,-0.001291642743593226,-0.0001971330000000021,-0.011158592126692506,0.10110293640197199,2.7984900315247323,11,11,100.0
Batch2,2,424.0,5.2C(50%)-4.25C,2018-02-20_batchdata_updated_struct_errorcorrect.mat,100,0,100.0,1.0746560542,0.0112369360355704,0.01646341462,100,33.17756576063981,37.427644510910824,10.175027650000056,10.17488666666759,-0.025013386420214,-0.0527178185440413,0.0003465386146452,-3.4602483651128177,ok,5.2,50.0,4.25,False,0.0019689263417736,False,observed_crossing_matches_raw,True,Raw target exactly matches first summary-cycle crossing after cycle 100.,1.0770315,-0.002461487895200853,0.0001861850000000019,0.011373004493859421,-0.17580618042676832,4.269670655869984,11,11,100.0
Batch2,3,499.0,4.65C(44%)-5C,2018-02-20_batchdata_updated_struct_errorcorrect.mat,100,0,100.0,1.101432267,0.0030749105226385,0.01591692555,100,33.93958543884461,38.77312907194259,10.173197350000049,10.173144166667043,-0.0200898829186987,-0.0558684526115137,0.0003189752621457,-3.496242996974693,ok,4.65,44.0,5.0,False,-0.007721629957,False,observed_crossing_matches_raw,True,Raw target exactly matches first summary-cycle crossing after cycle 100.,1.0991765,0.0023675906462701894,0.0001977379999999994,0.012468594103557683,-0.24922549328982768,4.777159822853168,11,11,100.0
Batch2,4,444.0,4.65C(69%)-6C,2018-02-20_batchdata_updated_struct_errorcorrect.mat,100,0,100.0,1.0859578399999998,0.0032304919205107,0.01619582082,100,33.05027186948681,37.43383570894893,10.231934299999953,10.229690833332883,-0.034781796484889,-0.0702972069008408,0.0005854545529657,-3.232506812226559,ok,4.65,69.0,6.0,False,0.0066965444338264,False,observed_crossing_matches_raw,True,Raw target exactly matches first summary-cycle crossing after cycle 100.,1.0892452,-0.006860714189972875,-0.00023106800000000094,-0.01410904461884312,-0.33195190796755725,4.378162959238221,11,11,100.0
Batch2,5,416.0,3.6C(30%)-6C,2018-02-20_batchdata_updated_struct_errorcorrect.mat,100,0,100.0,1.088025367,0.0129336980852427,0.0153065824999999,100,33.01550370431462,37.64690458017922,10.19850721666668,10.201059166666042,-0.0464854046004899,-0.0861500284792774,0.0008205749892219,-3.085881724279185,ok,3.6,30.0,6.0,False,0.0192947987736899,False,observed_crossing_matches_raw,True,Raw target exactly matches first summary-cycle crossing after cycle 100.,1.097384,-0.01606748412588482,-0.00016042299999999982,-0.010388298288430015,0.06713794963015118,4.654746539936493,11,11,100.0
Batch2,6,393.0,3.6C(9%)-5C,2018-02-20_batchdata_updated_struct_errorcorrect.mat,100,0,100.0,1.092913134,0.0029628047355596,0.01604186506,100,33.81745006948466,39.79549926626684,10.179292016666745,10.17936083333334,-0.020824792460517,-0.0498724789374046,0.0002950939552921,-3.53003968650195,ok,3.6,9.0,5.0,False,-0.0054457562509955,False,observed_crossing_matches_raw,True,Raw target exactly matches first summary-cycle crossing after cycle 100.,1.0906245,0.0011303615497358832,7.55440000000003e-05,0.004719746024383707,-0.1036228159049486,5.962864779344127,11,11,100.0
Batch2,7,777.0,4.8C(80%)-4.8C-newstructure,2018-02-20_batchdata_updated_struct_errorcorrect.mat,100,0,100.0,1.092982529,0.0025127995691672,0.0147906000699999,100,33.766912217149354,37.14445502401018,10.035779716666658,10.035633333332951,-0.0088230998347084,-0.0217379799240435,5.865835912266468e-05,-4.231670089905405,ok,4.8,80.0,4.8,True,-0.0053088209109731,False,observed_crossing_matches_raw,True,Raw target exactly matches first summary-cycle crossing after cycle 100.,1.0918348,0.0033301741252430976,6.529999999997649e-07,4.4127074893225986e-05,-0.09582253360994031,3.3809495047675284,11,11,100.0
Batch2,8,904.0,5.2C(58%)-4C-newstructure,2018-02-20_batchdata_updated_struct_errorcorrect.mat,100,0,100.0,1.0901623493,0.0121573225334554,0.01646674221,100,33.59821236744562,35.677756334230715,10.039867333333332,10.039811666667084,-0.0112034155800459,-0.0278411109453321,7.899098323286501e-05,-4.10242248030074,ok,5.2,58.0,4.0,True,0.0027981750278702,False,observed_crossing_matches_raw,True,Raw target exactly matches first summary-cycle crossing after cycle 100.,1.0917038,-0.0013756478634589324,5.662799999999954e-05,0.0034448103100493247,-0.061413044100248726,2.062805713457724,11,11,100.0
Batch2,9,791.0,5.6C(26%)-4.5C-newstructure,2018-02-20_batchdata_updated_struct_errorcorrect.mat,100,0,100.0,1.097482268,0.001879897654633,0.01539659944,100,32.35755295299843,33.59605648813232,10.039938566666658,10.04024166666677,-0.007446960333569,-0.0197541523253084,4.5245388051825846e-05,-4.344425682662564,ok,5.6,26.0,4.5,True,0.0039948442427129,False,observed_crossing_matches_raw,True,Raw target exactly matches first summary-cycle crossing after cycle 100.,1.0984173,-0.001524557196977742,-1.8904999999999617e-05,-0.0012296721149716184,0.27102372264290153,0.9809162091481554,11,11,100.0
Batch2,10,492.0,4.8C(80%)-4.8C,2018-02-20_batchdata_updated_struct_errorcorrect.mat,100,0,100.0,1.1111485095999998,0.0116045330271939,0.01706057563,100,31.720671317513244,34.35420149165315,10.169517366666604,10.170869166666792,-0.0295202962995694,-0.0558024498619833,0.0003540787689973,-3.4509001132975605,ok,4.8,80.0,4.8,False,-0.0048262716993156,False,observed_crossing_matches_raw,True,Raw target exactly matches first summary-cycle crossing after cycle 100.,1.111069,0.0044363581379734465,8.9332000000001e-05,0.005256364881113727,-0.10612243208168337,2.6551413568859665,11,11,100.0
Batch2,11,449.0,5.2C(50%)-4.25C,2018-02-20_batchdata_updated_struct_errorcorrect.mat,100,0,100.0,1.101019946,0.0143032853414194,0.01721904361,100,33.14963101101539,37.949925321805395,10.17388110000002,10.173719999999836,-0.0240126334676137,-0.0548987559471969,0.000327044446642,-3.485393220979881,ok,5.2,50.0,4.25,False,-0.0105416078197161,False,observed_crossing_matches_raw,True,Raw target exactly matches first summary-cycle crossing after cycle 100.,1.0994618,0.007598626891811961,0.000439448000000002,0.025708291668200007,-0.41432317814312114,4.767413755326508,11,11,100.0
Batch2,12,466.0,4.65C(44%)-5C,2018-02-20_batchdata_updated_struct_errorcorrect.mat,100,0,100.0,1.1041123279999998,0.0021180854894985,0.0165294125499999,100,31.316793895936517,33.597951965213426,10.17485430000005,10.17462499999965,-0.0393975922721543,-0.0773312434486568,0.0006792531042316,-3.1679683681509765,ok,4.65,44.0,5.0,False,-0.0030423032329996,False,observed_crossing_matches_raw,True,Raw target exactly matches first summary-cycle crossing after cycle 100.,1.1031756,0.003572414038163981,-0.00020281200000000013,-0.012128415093529491,-0.6108753361021435,2.168381710248509,11,11,100.0
Batch2,13,460.0,4.65C(69%)-6C,2018-02-20_batchdata_updated_struct_errorcorrect.mat,100,0,100.0,1.094944933,0.0014608041999241,0.01607549433,100,31.948019425910115,35.06856349287113,10.2140922166666,10.212831666666895,-0.0340700221226121,-0.0646744884060953,0.0004524309203412,-3.3444477218838284,ok,4.65,69.0,6.0,False,0.0007374865424433,False,observed_crossing_matches_raw,True,Raw target exactly matches first summary-cycle crossing after cycle 100.,1.0958774,-0.00019764984659771266,-0.0002302399999999996,-0.014152962643407527,-0.2940047748238612,3.091911187402017,11,11,100.0
Batch2,14,426.0,3.6C(30%)-6C,2018-02-20_batchdata_updated_struct_errorcorrect.mat,100,0,100.0,1.079302612,0.0035480742375274,0.0162701026,100,32.124753255414234,35.20006219179895,49.482795350000096,10.23871166666698,-0.0445557645103633,-0.0837144352028476,0.0007611671443129,-3.118519966248836,ok,3.6,30.0,6.0,False,0.0098753228221053,False,observed_crossing_matches_raw,True,Raw target exactly matches first summary-cycle crossing after cycle 100.,1.0832349,-0.005579860840894151,-0.0001654960000000011,-0.01008027994984474,-0.11658201955944492,3.013820595056284,11,11,100.0
Batch2,15,396.0,3.6C(9%)-5C,2018-02-20_batchdata_updated_struct_errorcorrect.mat,100,0,100.0,1.0749797360000002,0.0030926595215552,0.0163139075299999,100,32.862312590345454,36.06955824939098,10.17305868333338,10.174974166667624,-0.0241352883526542,-0.0509346763941556,0.0003046127470747,-3.516251926776714,ok,3.6,9.0,5.0,False,-0.0088911381589428,False,observed_crossing_matches_raw,True,Raw target exactly matches first summary-cycle crossing after cycle 100.,1.0717336,0.005463484582362591,-0.0001510179999999993,-0.009216592111696132,0.00026957075060352054,3.206650876030018,11,11,100.0
Batch2,16,472.0,4.8C(80%)-4.8C,2018-02-20_batchdata_updated_struct_errorcorrect.mat,100,0,100.0,1.097015996,0.0019885957690061,0.01749419094,100,32.76618715423966,36.98699901212051,10.171623783333349,10.171572499999456,-0.0262446524109426,-0.0532543676756424,0.0003199771811309,-3.494880991874622,ok,4.8,80.0,4.8,False,0.0022130840101922,False,observed_crossing_matches_raw,True,Raw target exactly matches first summary-cycle crossing after cycle 100.,1.0974938,-0.001456864722151569,2.1472000000001545e-05,0.0012287238696608233,0.11072890328382812,4.237863159413923,11,11,100.0
Batch2,17,471.0,5.6C(26%)-4.5C,2018-02-20_batchdata_updated_struct_errorcorrect.mat,100,0,100.0,1.093877117,0.0022738666566741,0.01709369671,100,32.98821355652246,34.74856366071168,10.181189350000093,10.17711666666728,-0.0243463403874459,-0.0525623965755335,0.000315977291098,-3.500344128474038,ok,5.6,26.0,4.5,False,-0.0038361350533521,False,observed_crossing_matches_raw,True,Raw target exactly matches first summary-cycle crossing after cycle 100.,1.092568,0.001711106311003039,-8.784600000000253e-05,-0.005117490941599605,0.07782393292572465,1.7530266575672648,11,11,100.0
Batch2,18,449.0,5.2C(50%)-4.25C,2018-02-20_batchdata_updated_struct_errorcorrect.mat,100,0,100.0,1.082437682,0.0035925633186431,0.01664831154,100,32.88628935898336,36.39882808811051,10.174147266666704,10.173985833333184,-0.0166408911109324,-0.0397456691043013,0.0001961992142789,-3.707302736176298,ok,5.2,50.0,4.25,False,-0.0107152791845836,False,observed_crossing_matches_raw,True,Raw target exactly matches first summary-cycle crossing after cycle 100.,1.0784447,0.00638632653116107,0.0001871470000000021,0.011289078391072859,-0.0096436672765563,3.516692297158933,11,11,100.0
Batch2,19,392.0,6C(60%)-3C,2018-02-20_batchdata_updated_struct_errorcorrect.mat,100,0,100.0,1.09472128,0.0028602450118968,0.01671897276,100,32.76991201802439,36.54390200243137,10.173766266666714,10.174563333333328,-0.0343082077979218,-0.0656517508735375,0.0005105543672328,-3.291958004542694,ok,6.0,60.0,3.0,False,-0.0012071033604078,False,observed_crossing_matches_raw,True,Raw target exactly matches first summary-cycle crossing after cycle 100.,1.0941044,0.0010689107913285473,0.0002665989999999993,0.01602824010946856,-0.0014462348610351228,3.7856560483388364,11,11,100.0
Batch2,20,489.0,5.2C(58%)-4C,2018-02-20_batchdata_updated_struct_errorcorrect.mat,100,0,100.0,1.10005656,0.0021280982151995,0.0166120606699999,100,33.62225921545461,36.887813024693614,49.397125683333336,10.172896666666688,-0.0244351394515884,-0.0605040880380607,0.0003619883290668,-3.441305431410401,ok,5.2,58.0,4.0,False,-0.0028491989170247,False,observed_crossing_matches_raw,True,Raw target exactly matches first summary-cycle crossing after cycle 100.,1.0994825,0.003360490048727569,0.0003185230000000011,0.01926839234873218,-0.4350341971619258,3.2044344897791888,11,11,100.0
Batch2,21,408.0,6C(60%)-3C,2018-02-20_batchdata_updated_struct_errorcorrect.mat,100,0,100.0,1.1010897552,0.0110512911526382,0.01720174435,100,33.59820005445401,38.6518784788995,10.174718300000022,10.174734166667136,-0.0332885526110049,-0.064467582043982,0.0004713254868518,-3.326679075199306,ok,6.0,60.0,3.0,False,-0.002730669135213,False,observed_crossing_matches_raw,True,Raw target exactly matches first summary-cycle crossing after cycle 100.,1.1011059,0.002143027296466184,0.00026661399999999835,0.015587984318118404,0.2790838505919666,5.08449527738734,11,11,100.0
Batch2,22,,VarCharge-2C-100cycles,2018-02-20_batchdata_updated_struct_errorcorrect.mat,100,0,100.0,1.1020667873,0.1082091474935772,0.021770682,100,34.502712698156095,38.13150976710858,33.57274644999992,24.21713916666631,-0.0026188163032225,-0.0067791693229939,2.2847111406387513e-05,-4.641168700608011,ok,,,,False,0.003026997770345,False,missing_raw_target,False,Raw target missing; retain NaN; no imputation.,1.0937762,-0.002663616194976591,0.0,0.0,-0.06015257653174899,3.5952048994710175,11,11,100.0
Batch2,23,,VarCharge-4C-100cycles,2018-02-20_batchdata_updated_struct_errorcorrect.mat,100,0,100.0,1.0961362059,0.1077189925929658,0.0211608889999999,100,34.14729364226761,35.52716849132356,21.6917311,12.211757499999171,-0.011590160361131,-0.0192175664913609,4.4029699642585154e-05,-4.356254277157163,ok,,,,False,0.0109220023092853,False,missing_raw_target,False,Raw target missing; retain NaN; no imputation.,1.0904051,-0.004958524130160271,0.0,0.0,0.07198329072446796,1.347862480083986,11,11,100.0
Batch2,24,514.0,4.8C(80%)-4.8C,2018-02-20_batchdata_updated_struct_errorcorrect.mat,100,0,100.0,1.096261652,0.0024487849724112,0.01651723855,100,33.205124014909316,38.16546466536514,10.169994666666671,10.16985833333359,-0.0227714797747635,-0.0457299743253289,0.0002286202692677,-3.6408852680750527,ok,4.8,80.0,4.8,False,-0.0039653585762064,False,observed_crossing_matches_raw,True,Raw target exactly matches first summary-cycle crossing after cycle 100.,1.0955253,0.004211313056850339,7.037600000000047e-05,0.004277009929085628,0.08171947960914139,4.980245521420482,11,11,100.0
Batch2,25,493.0,5.2C(58%)-4C,2018-02-20_batchdata_updated_struct_errorcorrect.mat,100,0,100.0,1.102206125,0.0024670549917662,0.01674229199,100,32.23892710270436,34.441815154393964,10.172937516666645,10.173032500000163,-0.0236109824444173,-0.0505084648903096,0.0002920936192579,-3.5344779300217333,ok,5.2,58.0,4.0,False,-0.0035088236184105,False,observed_crossing_matches_raw,True,Raw target exactly matches first summary-cycle crossing after cycle 100.,1.1015189,0.0031557334150143683,0.00022345999999999824,0.013438747253283775,-0.2518800429143795,2.1432230300073485,11,11,100.0
Batch2,26,450.0,5.6C(26%)-4.5C,2018-02-20_batchdata_updated_struct_errorcorrect.mat,100,0,100.0,1.1041737820000002,0.0021535162519353,0.01770844381,100,33.76445582326918,36.92304607129649,49.42568144999996,10.177571666666337,-0.0380385416540002,-0.0733087791289827,0.0005997170447101,-3.2220536077932804,ok,5.6,26.0,4.5,False,0.0007634233158142,False,observed_crossing_matches_raw,True,Raw target exactly matches first summary-cycle crossing after cycle 100.,1.1058496,0.00015318538795881218,-0.000242924000000002,-0.01357975270521482,-2.2524208846582567,3.3696075627573876,11,11,100.0
Batch2,27,474.0,5.2C(50%)-4.25C,2018-02-20_batchdata_updated_struct_errorcorrect.mat,100,0,100.0,1.098470285,0.0027889304439673,0.01758962648,100,33.303981946117254,38.082671612305006,10.174639799999882,10.174634999999398,-0.0246839278022425,-0.0544912575606593,0.0003264347368865,-3.48620363289781,ok,5.2,50.0,4.25,False,-0.0084719614588304,False,observed_crossing_matches_raw,True,Raw target exactly matches first summary-cycle crossing after cycle 100.,1.0958723,0.006987310474039852,0.0002466290000000017,0.014080513023057337,-0.0979489796542552,4.841987167408121,11,11,100.0
Batch2,28,437.0,4.8C(80%)-4.8C,2018-02-20_batchdata_updated_struct_errorcorrect.mat,100,0,100.0,1.094977019,0.0025847564867306,0.01628117509,100,32.14418070388791,35.3302582161644,49.409072166666576,10.17329416666665,-0.0279893325926623,-0.0564913867827732,0.0003772148929015,-3.4234111691232063,ok,4.8,80.0,4.8,False,-0.0052378101608544,False,observed_crossing_matches_raw,True,Raw target exactly matches first summary-cycle crossing after cycle 100.,1.0931131,0.004926114232827194,-0.00010442899999999963,-0.006387226842976915,-0.18294028435516907,3.1528732910929005,11,11,100.0
Batch2,29,452.0,5.2C(58%)-4C,2018-02-20_batchdata_updated_struct_errorcorrect.mat,100,0,100.0,1.109943851,0.0037825980172495,0.01673359061,100,31.797456695109688,34.43331396225578,10.173061883333313,10.172925833333284,-0.0253222323765719,-0.0526335295361444,0.0003102785983552,-3.5082481790944344,ok,5.2,58.0,4.0,False,-0.0111477013855706,False,observed_crossing_matches_raw,True,Raw target exactly matches first summary-cycle crossing after cycle 100.,1.1068796,0.008222213147663056,0.0002443919999999995,0.014688029915519998,-0.12495590582955529,2.629370092973012,11,11,100.0
Batch2,30,412.0,5.6C(26%)-4.5C,2018-02-20_batchdata_updated_struct_errorcorrect.mat,100,0,100.0,1.092999151,0.0034578807793416,0.0168940669499999,100,33.81003990939852,37.33979500154215,49.43361824999998,10.179420833333278,-0.0396558894899704,-0.0755230365113099,0.0006525149114268,-3.1854095592748743,ok,5.6,26.0,4.5,False,0.0087292517120564,False,observed_crossing_matches_raw,True,Raw target exactly matches first summary-cycle crossing after cycle 100.,1.0972185,-0.005092240059751256,-0.0003603380000000017,-0.02105151111476191,0.08770083302371745,3.478094514229486,11,11,100.0
Batch2,31,425.0,5.6C(26%)-4.5C,2018-02-20_batchdata_updated_struct_errorcorrect.mat,100,0,100.0,1.099834485,0.0017869538487184,0.01633070732,100,33.375923495204454,35.648417823524284,10.194311699999949,10.178263333333597,-0.0306244567640429,-0.0642288335820835,0.0004442640470427,-3.35235883148731,ok,5.6,26.0,4.5,False,-0.0048444124860659,False,observed_crossing_matches_raw,True,Raw target exactly matches first summary-cycle crossing after cycle 100.,1.0990098,0.0025480209548632677,-0.00015012199999999906,-0.00906580130844843,-0.527208284188184,2.111536315286539,11,11,100.0
Batch2,32,809.0,4.8C(80%)-4.8C-newstructure,2018-02-20_batchdata_updated_struct_errorcorrect.mat,100,0,100.0,1.090031214,0.0030403300117599,0.01481114372,100,32.16783240841186,33.94412444996172,49.27513175000007,10.040889166666602,-0.0133899398336471,-0.0274612065130356,7.388118368069333e-05,-4.131466155166347,ok,4.8,80.0,4.8,True,0.0074946097308489,False,observed_crossing_matches_raw,True,Raw target exactly matches first summary-cycle crossing after cycle 100.,1.0924315,-0.0037952951741139296,-6.091999999999903e-05,-0.004106908241678945,-0.07525208278423179,1.7592800102371093,11,11,100.0
Batch2,33,1140.0,5.2C(58%)-4C-newstructure,2018-02-20_batchdata_updated_struct_errorcorrect.mat,100,0,100.0,1.0706076800000002,0.0149529767169543,0.01499290727,100,32.73895611525105,34.29814806747137,10.039557949999924,10.039250833333304,-0.0115795410077861,-0.0240847421362162,5.866400117176798e-05,-4.23162831933775,ok,5.2,58.0,4.0,True,0.0093160911769389,False,observed_crossing_matches_raw,True,Raw target exactly matches first summary-cycle crossing after cycle 100.,1.0745113,-0.005575092602562681,1.612699999999946e-05,0.0010763029158351715,0.05473842180265365,1.5345423085463494,11,11,100.0
Batch2,34,1186.0,5.6C(26%)-4.5C-newstructure,2018-02-20_batchdata_updated_struct_errorcorrect.mat,100,0,100.0,1.0671250090000002,0.0020888035316799,0.01495435383,100,35.66583614425341,38.96627418693022,49.2812586666667,10.040178333333218,-0.008120054579074,-0.0191429496439993,3.5597117054099105e-05,-4.448585173324752,ok,5.6,26.0,4.5,True,0.006361463131072,False,observed_crossing_matches_raw,True,Raw target exactly matches first summary-cycle crossing after cycle 100.,1.0687661,-0.004162557176916474,1.4216000000000922e-05,0.0009507384273545772,0.0796342769090117,3.2674085548165017,11,11,100.0
Batch2,35,,VarCharge-6C-100cycles,2018-02-20_batchdata_updated_struct_errorcorrect.mat,100,0,100.0,1.0565366316,0.1034149210054472,0.0206665209999999,100,36.50175433149703,38.37067410825434,17.612362249999997,8.091728333332867,-0.0448212443045177,-0.0757084076580606,0.0006040752455982,-3.2189089608610653,ok,,,,False,0.0389507744067528,False,missing_raw_target,False,Raw target missing; retain NaN; no imputation.,1.0628147,-0.02816793934069583,0.0,0.0,0.396612798430688,1.8057478822331987,11,11,100.0
Batch2,36,,VarCharge-8C-100cycles,2018-02-20_batchdata_updated_struct_errorcorrect.mat,100,0,100.0,1.0434052236999998,0.1011507977005477,0.02033557,100,38.55935886221206,41.3871334539639,16.29528071666668,6.776123333333574,-0.0844287653143593,-0.1360257368450053,0.0020657710680016,-2.6849178093471577,ok,,,,False,0.0736291148272016,False,missing_raw_target,False,Raw target missing; retain NaN; no imputation.,1.0624661,-0.05298945538121164,0.0,0.0,0.5972712725967284,2.7798897439355876,11,11,100.0
Batch2,37,,3.6C(80%)-3.6C(SLOWCYCLE,2018-02-20_batchdata_updated_struct_errorcorrect.mat,100,0,100.0,1.0950189059000002,0.108665825124013,0.01724251618,100,32.929452048618025,38.0085816232,18.172783016666813,13.504224166666972,-0.0029820466170849,-0.0286817433780755,1.695856550878882e-05,-4.770610886629153,ok,3.6,80.0,3.6,False,0.0006828303073728,False,missing_raw_target,False,Raw target missing; retain NaN; no imputation.,1.0851231,-0.00025186082574402927,0.00017114199999999913,0.01001187733844419,-0.13510963590091052,5.027655669459708,11,11,100.0
Batch2,38,,4.8C(80%)-4.8C(SLOWCYCLE,2018-02-20_batchdata_updated_struct_errorcorrect.mat,100,0,100.0,1.09488241,0.107840842661672,0.01658825556,100,33.448461595697054,400.0,14.869877166666718,10.169859166667448,-0.0131482097119456,-0.036149525403572,6.0904550971894e-05,-4.215350254359975,ok,4.8,80.0,4.8,False,0.0060507078356421,False,missing_raw_target,False,Raw target missing; retain NaN; no imputation.,1.0862443,-0.0036161294471233883,-7.096900000000059e-05,-0.004287891017276486,28.08329565432587,367.1310706567539,11,11,100.0
Batch2,39,,3.6C(9%)-5C(SLOWCYCLE,2018-02-20_batchdata_updated_struct_errorcorrect.mat,100,0,100.0,1.0818235189999998,0.1056039625130052,0.01681359783,100,32.88418677825157,37.61655951405202,14.875160683333265,10.175470833333506,-0.0345530196501599,-0.0609517978351833,0.0004339268330283,-3.3625834932774885,ok,3.6,9.0,5.0,False,0.0078414214046818,False,missing_raw_target,False,Raw target missing; retain NaN; no imputation.,1.0739799,-0.005036407105943041,-0.00018542499999999948,-0.011017044468457355,0.2711057993324104,4.690671544771899,11,11,100.0
Batch2,40,,5.2C(58%)-4C(SLOWCYCLE,2018-02-20_batchdata_updated_struct_errorcorrect.mat,100,0,100.0,1.096316141,0.1076166804360296,,0,32.467598204820945,36.69653803638811,54.10118255000003,10.173175833333032,-0.0254758308282517,-0.0481632102205803,0.0002514390480151,-3.5995672762895525,ok,5.2,58.0,4.0,False,0.0024476882465356,False,missing_raw_target,False,Raw target missing; retain NaN; no imputation.,1.0863268,-0.000956342051029169,,,0.07463486874897285,4.192130487390312,0,0,100.0
Batch2,41,442.0,5.6C(26%)-4.5C,2018-02-20_batchdata_updated_struct_errorcorrect.mat,100,0,100.0,1.105940476,0.0017710111313306,,0,30.20099354305731,32.73893316284874,49.423369649999984,10.177162500000364,-0.0377682914957012,-0.0809310492448376,0.0006724100406155,-3.1723658101769976,ok,5.6,26.0,4.5,False,-0.0028895191113234,False,observed_crossing_matches_raw,True,Raw target exactly matches first summary-cycle crossing after cycle 100.,1.1056466,0.0031601417668176124,,,-0.5540375748691133,2.3059616209807814,0,0,100.0
Batch2,42,474.0,5.2C(50%)-4.25C,2018-02-20_batchdata_updated_struct_errorcorrect.mat,100,0,100.0,1.1070860530000002,0.0034437860589017,,0,31.71041325336692,35.56989042695383,10.175117383333331,10.175186666666802,-0.0293407149263684,-0.0541676249706457,0.0003291640157368,-3.482587648007536,ok,5.2,50.0,4.25,False,-0.0087392340340815,False,observed_crossing_matches_raw,True,Raw target exactly matches first summary-cycle crossing after cycle 100.,1.104986,0.006868593810238349,,,-0.29226770106820865,3.784226776206264,0,0,100.0
Batch2,43,1029.0,4.8C(80%)-4.8C-newstructure,2018-02-20_batchdata_updated_struct_errorcorrect.mat,100,0,100.0,1.098649702,0.0032152642943969,,0,33.91860336356293,36.959106807008,10.036757000000032,10.036843333333188,-0.0077783483513934,-0.0191648421122405,5.3483284647826735e-05,-4.271781928623568,ok,4.8,80.0,4.8,True,0.0081218407389708,False,observed_crossing_matches_raw,True,Raw target exactly matches first summary-cycle crossing after cycle 100.,1.1011943,-0.00422314209218109,,,0.7147873393755404,3.0919913264128844,0,0,100.0
Batch2,44,841.0,5.2C(58%)-4C-newstructure,2018-02-20_batchdata_updated_struct_errorcorrect.mat,100,0,100.0,1.09763018,0.0012841757230522,,0,33.956934554468496,36.87556475443348,49.26516493333332,10.040326666667047,-0.0087505726171709,-0.0203022776205166,4.3199281110227894e-05,-4.36452348032534,ok,5.2,58.0,4.0,True,0.0031439313584964,False,observed_crossing_matches_raw,True,Raw target exactly matches first summary-cycle crossing after cycle 100.,1.0986536,-0.0016661302525200557,,,0.2919237259181955,2.920253090717555,0,0,100.0
Batch2,45,997.0,5.6C(26%)-4.5C-newstructure,2018-02-20_batchdata_updated_struct_errorcorrect.mat,100,0,100.0,1.10123867,0.008315637384446,,0,35.27071288818467,37.86716134641493,10.040191283333298,10.040354166666775,-0.0111576662855855,-0.0266704187870865,6.680132101075869e-05,-4.175214949171005,ok,5.6,26.0,4.5,True,0.00677069358178,False,observed_crossing_matches_raw,True,Raw target exactly matches first summary-cycle crossing after cycle 100.,1.1038034,-0.0038572992255687393,,,-0.0967959513551051,2.5805322579349372,0,0,100.0
Batch2,46,503.0,4.8C(80%)-4.8C,2018-02-20_batchdata_updated_struct_errorcorrect.mat,100,0,100.0,1.1025293669999998,0.0023280613956314,,0,29.88032329687331,31.00932954761403,49.40651875000001,10.169824166667729,-0.0228342986319132,-0.0528624050082824,0.000309830998892,-3.5088751328187,ok,4.8,80.0,4.8,False,-0.0021802921643576,False,observed_crossing_matches_raw,True,Raw target exactly matches first summary-cycle crossing after cycle 100.,1.1019233,0.0003589179029066661,,,0.3569934460467721,1.086170889573518,0,0,100.0
Batch3,0,1009.0,5C(67%)-4C-newstructure,2018-04-12_batchdata_updated_struct_errorcorrect.mat,100,0,100.0,1.070348299,0.0007528879114255,0.01523784218,100,32.194399649744255,33.5588901505872,10.042618066666668,10.042388333333172,-0.0101021773936911,-0.0233116574274743,5.687024898905241e-05,-4.245114870317645,ok,5.0,67.0,4.0,True,0.0015295807453418,False,stop_boundary_asprovided,True,Raw label equals observed max+1 and endpoint is within 0.005 Ah above threshold; exact crossing unobserved.,1.0706061,-0.0009651542243221058,1.6972999999999988e-05,0.0011133881497532964,0.1647834535700312,1.3701672109661587,11,11,100.0
Batch3,1,1063.0,5.3C(54%)-4C-newstructure,2018-04-12_batchdata_updated_struct_errorcorrect.mat,100,0,100.0,1.0676866939999998,0.000784545664162,0.0149863964799999,100,34.83064985952504,37.98597183780659,10.04138999999994,10.04128166666657,-0.0096210189293608,-0.0223241775540682,5.181521321780508e-05,-4.28554271039912,ok,5.3,54.0,4.0,True,0.0023005993788818,False,stop_boundary_asprovided,True,Raw label equals observed max+1 and endpoint is within 0.005 Ah above threshold; exact crossing unobserved.,1.0683461,-0.001541448038234107,7.347499999999993e-05,0.004914504674782523,0.30413617111390323,3.1237957015544993,11,11,100.0
Batch3,2,1267.0,5.6C(19%)-4.6C-newstructure,2018-04-12_batchdata_updated_struct_errorcorrect.mat,100,0,100.0,1.062052784,0.0007679876801831,0.0146215221399999,100,36.78314566494338,40.51615446500352,10.043666483333295,10.043703333333056,-0.0026131423354832,-0.0086480383416137,1.6619555727408117e-05,-4.77938058992098,ok,5.6,19.0,4.6,True,0.0026933951266127,False,stop_boundary_asprovided,True,Raw label equals observed max+1 and endpoint is within 0.005 Ah above threshold; exact crossing unobserved.,1.0629044,-0.0018180374453243924,-0.00012388499999999893,-0.008447647802128378,0.9704926978772619,3.709534632065264,11,11,100.0
Batch3,3,1115.0,5.6C(36%)-4.3C-newstructure,2018-04-12_batchdata_updated_struct_errorcorrect.mat,100,0,100.0,1.064629226,0.000651929029511,0.0149994498499999,100,36.08627496168611,39.44593354194349,10.041506500000024,10.04136249999962,-0.0107054143527131,-0.0268366147351127,7.645259474220121e-05,-4.116607770381197,ok,5.6,36.0,4.3,True,0.0019719331103675,False,stop_boundary_asprovided,True,Raw label equals observed max+1 and endpoint is within 0.005 Ah above threshold; exact crossing unobserved.,1.0651001,-0.0012309641131381908,3.9111999999999134e-05,0.0026115673497191377,0.3606457523208988,3.3412883704390417,11,11,100.0
Batch3,4,1048.0,5.6C(19%)-4.6C-newstructure,2018-04-12_batchdata_updated_struct_errorcorrect.mat,100,0,100.0,1.074509803,0.000560634394714,0.0151307879299999,100,32.116221938163385,32.98179311458605,10.04558156666669,10.045821666666598,-0.0101064388689067,-0.024810275761238,6.630317519564988e-05,-4.178465673149821,ok,5.6,19.0,4.6,True,0.0011827448638316,False,stop_boundary_asprovided,True,Raw label equals observed max+1 and endpoint is within 0.005 Ah above threshold; exact crossing unobserved.,1.0747403,-0.0007563687711346585,3.441199999999929e-05,0.002274637416040404,0.13001670990539083,0.8624943615103025,11,11,100.0
Batch3,5,828.0,5.6C(36%)-4.3C-newstructure,2018-04-12_batchdata_updated_struct_errorcorrect.mat,100,0,100.0,1.053126149,0.0007147824783898,0.01518448037,100,35.55673795797331,39.68760790232446,10.042033966666736,10.042023333333296,-0.0114457654376924,-0.0254450982463654,7.683799523990656e-05,-4.114423974726586,ok,5.6,36.0,4.3,True,0.0022218847746461,False,stop_boundary_asprovided,True,Raw label equals observed max+1 and endpoint is within 0.005 Ah above threshold; exact crossing unobserved.,1.0537277,-0.001608669867936527,2.873399999999901e-05,0.00189542922131257,0.8369415105955369,4.097140777850097,11,11,100.0
Batch3,6,667.0,3.7C(31%)-5.9C-newstructure,2018-04-12_batchdata_updated_struct_errorcorrect.mat,100,0,100.0,1.053842363,0.0058461922128015,0.0137285242899999,100,34.106830623582404,36.9848547328634,10.080800200000038,10.077624166666403,-0.0285175611004537,-0.0532016465912453,0.0002980518398608,-3.5257081929454923,ok,3.7,31.0,5.9,True,0.020198068402612,False,stop_boundary_asprovided,True,Raw label equals observed max+1 and endpoint is within 0.005 Ah above threshold; exact crossing unobserved.,1.0612603,-0.015456434203748242,0.00021026299999999873,0.015441493284044936,0.39255503195612107,2.7781628905166684,11,11,100.0
Batch3,7,1836.0,4.8C(80%)-4.8C-newstructure,2018-04-12_batchdata_updated_struct_errorcorrect.mat,100,0,100.0,1.070140345,0.0007304149319414,0.01542963463,100,32.796573540122225,34.274365488315254,11.040715933333365,11.03865666666631,-0.0070377790148798,-0.0170590218350703,3.2453221357996856e-05,-4.488742187967907,ok,4.8,80.0,4.8,True,0.0011547613473489,False,stop_boundary_asprovided,True,Raw label equals observed max+1 and endpoint is within 0.005 Ah above threshold; exact crossing unobserved.,1.070624,-0.0007790783692501381,6.130800000000124e-05,0.003977066285021996,0.07386306647315166,1.4795933209683199,11,11,100.0
Batch3,8,828.0,5C(67%)-4C-newstructure,2018-04-12_batchdata_updated_struct_errorcorrect.mat,100,0,100.0,1.067962636,0.0007974633129232,0.01525563959,100,33.054603185105975,35.07631520700576,10.043265533333384,10.04311416666654,-0.011806368426415,-0.0268489706128323,8.094615840627263e-05,-4.091803757442373,ok,5.0,67.0,4.0,True,0.0013761602962259,False,stop_boundary_asprovided,True,Raw label equals observed max+1 and endpoint is within 0.005 Ah above threshold; exact crossing unobserved.,1.0683548,-0.0010043479937564765,-1.2008000000000851e-05,-0.0007859944790564905,0.1769875922322086,2.009703220605733,11,11,100.0
Batch3,9,1039.0,5.3C(54%)-4C-newstructure,2018-04-12_batchdata_updated_struct_errorcorrect.mat,100,0,100.0,1.072814416,0.0007420405376658,0.01579997208,100,33.087905551872936,35.094569899072255,10.041160733333347,10.041714166666498,-0.014478011810756,-0.0295752747869662,0.0001041604978476,-3.982296953008088,ok,5.3,54.0,4.0,True,0.0009062262302907,False,stop_boundary_asprovided,True,Raw label equals observed max+1 and endpoint is within 0.005 Ah above threshold; exact crossing unobserved.,1.0731698,-0.0006719346742705861,8.50989999999982e-05,0.005394762758557706,0.14182629287702042,1.9944235749835535,11,11,100.0
Batch3,10,1078.0,4.8C(80%)-4.8C-newstructure,2018-04-12_batchdata_updated_struct_errorcorrect.mat,100,0,100.0,1.0643435529999998,0.0006987887962096,0.01537472673,100,32.534149378796045,34.79030485135325,11.039600116666676,11.038147499999951,-0.0083351835824898,-0.0190930258852295,3.878323894759448e-05,-4.4113559240265765,ok,4.8,80.0,4.8,True,0.0010536494664755,False,stop_boundary_asprovided,True,Raw label equals observed max+1 and endpoint is within 0.005 Ah above threshold; exact crossing unobserved.,1.0644456,-0.0005925150143888002,4.6290000000000914e-05,0.0030135055043836716,0.1213288639713852,2.249969201853343,11,11,100.0
Batch3,11,817.0,5.6C(19%)-4.6C-newstructure,2018-04-12_batchdata_updated_struct_errorcorrect.mat,100,0,100.0,1.069802646,0.0007736087197,0.01552572104,100,34.2024404879238,37.60510592572477,10.042450400000046,10.042707500000205,-0.0156206911756534,-0.034087374997818,0.0001303403357952,-3.884921164468091,ok,5.6,19.0,4.6,True,0.002607307294155,False,stop_boundary_asprovided,True,Raw label equals observed max+1 and endpoint is within 0.005 Ah above threshold; exact crossing unobserved.,1.0706613,-0.0019937210768708894,3.073800000000064e-05,0.0019808324909629522,0.23371308057662077,3.4007415625332413,11,11,100.0
Batch3,12,932.0,5.6C(36%)-4.3C-newstructure,2018-04-12_batchdata_updated_struct_errorcorrect.mat,100,0,100.0,1.076303704,0.0005934234812211,0.01604917654,100,33.219414908227094,35.53857274944269,10.042451699999964,10.042370833333068,-0.0153148930636195,-0.0317349217881972,0.0001130342411889,-3.9467899768101886,ok,5.6,36.0,4.3,True,0.0014129818442427,False,stop_boundary_asprovided,True,Raw label equals observed max+1 and endpoint is within 0.005 Ah above threshold; exact crossing unobserved.,1.0767156,-0.0009499258671464418,7.572900000000007e-05,0.004725680986299405,0.2018794585381869,2.3171650686444316,11,11,100.0
Batch3,13,816.0,5.6C(19%)-4.6C-newstructure,2018-04-12_batchdata_updated_struct_errorcorrect.mat,100,0,100.0,1.0686685349999998,0.0009193411989439,0.01512986131,100,34.11454602993669,37.22804076197745,10.042356366666644,10.042263333333054,-0.0117654801974339,-0.0276460839609007,8.045138308284514e-05,-4.094466485311571,ok,5.6,19.0,4.6,True,0.0023821467590381,False,stop_boundary_asprovided,True,Raw label equals observed max+1 and endpoint is within 0.005 Ah above threshold; exact crossing unobserved.,1.0694506,-0.0018393556467216799,-8.621400000000112e-05,-0.005674517137187946,0.3562731460603814,3.0926491033019445,11,11,100.0
Batch3,14,858.0,5.6C(36%)-4.3C-newstructure,2018-04-12_batchdata_updated_struct_errorcorrect.mat,100,0,100.0,1.0769619220000002,0.0009381089817997,0.01555350093,100,33.1189634917196,35.485201171755136,10.041865466666687,10.041927499999776,-0.0132035573326509,-0.0292823603627372,0.0001000765453483,-3.999667694941731,ok,5.6,36.0,4.3,True,0.000741603838191,False,stop_boundary_asprovided,True,Raw label equals observed max+1 and endpoint is within 0.005 Ah above threshold; exact crossing unobserved.,1.0770531,-0.0005234653704632707,4.909999999999984e-05,0.0031592094203892955,0.14033721004413735,2.3484535692838584,11,11,100.0
Batch3,15,876.0,5.9C(15%)-4.6C-newstructure,2018-04-12_batchdata_updated_struct_errorcorrect.mat,100,0,100.0,1.07051888,0.0006987989154559,0.0153073857799999,100,33.50890495011492,36.80312790291116,10.04163998333339,10.041699999999883,-0.01334033083158,-0.0294843450023362,9.984253014088351e-05,-4.000684421929468,ok,5.9,15.0,4.6,True,0.0019179976110839,False,stop_boundary_asprovided,True,Raw label equals observed max+1 and endpoint is within 0.005 Ah above threshold; exact crossing unobserved.,1.0710675,-0.0013455734582555649,2.4521999999999045e-05,0.0016027646873853323,0.24921460145251473,3.2943474182954375,11,11,100.0
Batch3,16,1638.0,4.8C(80%)-4.8C-newstructure,2018-04-12_batchdata_updated_struct_errorcorrect.mat,100,0,100.0,1.063479291,0.000763704131337,0.0153126160699999,100,34.940582146689,37.831863057962785,11.040743116666665,11.040202500000303,-0.0053233023549801,-0.0134519956396188,2.020628622431914e-05,-4.694513499472995,ok,4.8,80.0,4.8,True,0.0017792854753944,False,stop_boundary_asprovided,True,Raw label equals observed max+1 and endpoint is within 0.005 Ah above threshold; exact crossing unobserved.,1.0638813,-0.0010840495081548428,-1.4477000000000587e-05,-0.0009447028124306228,0.26020326646263925,2.8883513600384845,11,11,100.0
Batch3,17,1315.0,5.3C(54%)-4C-newstructure,2018-04-12_batchdata_updated_struct_errorcorrect.mat,100,0,100.0,1.06703041,0.0013952882873254,0.0154448375099999,100,35.0701249907806,37.39966894768936,10.042114583333325,10.042461666666108,-0.0072362168298251,-0.0178823915504138,3.633180045384266e-05,-4.439713079764758,ok,5.3,54.0,4.0,True,0.0007808218665389,False,stop_boundary_asprovided,True,Raw label equals observed max+1 and endpoint is within 0.005 Ah above threshold; exact crossing unobserved.,1.0689212,-0.002119520129266655,-4.899300000000065e-05,-0.003175521295787474,0.7779788720318166,2.318029071391674,11,11,100.0
Batch3,18,1146.0,5.6C(19%)-4.6C-newstructure,2018-04-12_batchdata_updated_struct_errorcorrect.mat,100,0,100.0,1.068854892,0.0009522239721129,0.01501670906,100,35.2895491601317,37.9685961949252,10.04312064999998,10.0431541666665,-0.0103422572436678,-0.0234557699816599,5.571190370898626e-05,-4.254052001185467,ok,5.6,19.0,4.6,True,0.003473453655041,False,stop_boundary_asprovided,True,Raw label equals observed max+1 and endpoint is within 0.005 Ah above threshold; exact crossing unobserved.,1.0700382,-0.002555329333102283,4.2477000000000834e-05,0.002832302261601113,0.3634552849201569,2.6592815329946973,11,11,100.0
Batch3,19,1155.0,5.6C(36%)-4.3C-newstructure,2018-04-12_batchdata_updated_struct_errorcorrect.mat,100,0,100.0,1.072699883,0.0009511302826409,0.0154649055099999,100,35.096922678438716,37.8743819389224,10.04319876666662,10.043325000000063,-0.01154547966315,-0.0252936577042025,6.730667325120848e-05,-4.171941874669042,ok,5.6,36.0,4.3,True,0.0035139420289853,False,stop_boundary_asprovided,True,Raw label equals observed max+1 and endpoint is within 0.005 Ah above threshold; exact crossing unobserved.,1.0738484,-0.0024688773573624118,4.514599999999938e-05,0.002922416780288477,0.35453705788599166,2.762027448700408,11,11,100.0
Batch3,20,813.0,5C(67%)-4C-newstructure,2018-04-12_batchdata_updated_struct_errorcorrect.mat,100,0,100.0,1.067413169,0.000663070633941,0.0152651037,100,33.10117160343903,35.73575315343805,10.043364750000022,10.043153333333612,-0.0119193833873199,-0.0280719935724769,8.583320053473407e-05,-4.066344693269561,ok,5.0,67.0,4.0,True,0.0015214903647072,False,stop_boundary_asprovided,True,Raw label equals observed max+1 and endpoint is within 0.005 Ah above threshold; exact crossing unobserved.,1.0678315,-0.0010899659730960424,8.10619999999998e-05,0.005320097778175628,0.154596407384318,2.619243444472712,11,11,100.0
Batch3,21,772.0,3.7C(31%)-5.9C-newstructure,2018-04-12_batchdata_updated_struct_errorcorrect.mat,100,0,100.0,1.0620371939999995,0.0046125703113924,0.01409146368,100,34.89763562513402,37.91789788915317,10.07912276666667,10.075920000000044,-0.0235387042230519,-0.0432761485780055,0.0001975483079849,-3.704326685729231,ok,3.7,31.0,5.9,True,0.016495982720178,False,stop_boundary_asprovided,True,Raw label equals observed max+1 and endpoint is within 0.005 Ah above threshold; exact crossing unobserved.,1.0681145,-0.012419829522022315,0.00014640700000000118,0.010452134582218112,0.6263221721330794,3.0239773088168853,11,11,100.0
Batch3,22,1002.0,5.9C(60%)-3.1C-newstructure,2018-04-12_batchdata_updated_struct_errorcorrect.mat,100,0,100.0,1.0581246559999995,0.0007339927314092,0.01568802504,100,34.60869711791826,37.530657648574746,10.042560166666604,10.042943333333335,-0.0137225505163629,-0.02840932971863,8.977958692912617e-05,-4.046822397094466,ok,5.9,60.0,3.1,True,0.0023528085682438,False,stop_boundary_asprovided,True,Raw label equals observed max+1 and endpoint is within 0.005 Ah above threshold; exact crossing unobserved.,1.0589116,-0.0015950339952835076,-1.0204999999999242e-05,-0.0006499461414056862,0.45851098417575287,2.9283764071243112,11,11,100.0
Batch3,23,,4.8C(80%)-4.8C-newstructure,2018-04-12_batchdata_updated_struct_errorcorrect.mat,100,0,100.0,1.0680805560000002,0.000669361458168,0.01526244305,100,34.92795337287084,38.20120274723386,11.038356266666655,11.037759166666609,-0.0068086586843723,-0.0156083197208289,2.8589729471192788e-05,-4.5437899541111975,ok,4.8,80.0,4.8,True,0.0010021841057487,False,missing_raw_target,False,Raw target missing; retain NaN; no imputation.,1.0684897,-0.0010520457052603889,5.16000000000752e-07,3.377787902418273e-05,0.20078438896372575,3.245958783269547,11,11,100.0
Batch3,24,825.0,5C(67%)-4C-newstructure,2018-04-12_batchdata_updated_struct_errorcorrect.mat,100,0,100.0,1.050388327,0.0009017918662705,0.01555621234,100,34.68692543774402,37.23479966727514,10.041844149999976,10.04189583333306,-0.010345482795288,-0.0247723986145858,6.994312062017459e-05,-4.155254994876533,ok,5.0,67.0,4.0,True,-2.0911769389694144e-05,False,stop_boundary_asprovided,True,Raw label equals observed max+1 and endpoint is within 0.005 Ah above threshold; exact crossing unobserved.,1.0502356,2.8565019125208184e-05,4.284999999999879e-05,0.0027584312077511847,0.2622363179181306,2.5421101433441677,11,11,100.0
Batch3,25,989.0,5.3C(54%)-4C-newstructure,2018-04-12_batchdata_updated_struct_errorcorrect.mat,100,0,100.0,1.064775079,0.000843799331702,0.015643412,100,35.58083474119666,38.88370920104618,10.042412550000016,10.042399166666776,-0.0109258216461676,-0.0265762492097603,7.135743905511085e-05,-4.1465607447332715,ok,5.3,54.0,4.0,True,0.0002394430641818,False,stop_boundary_asprovided,True,Raw label equals observed max+1 and endpoint is within 0.005 Ah above threshold; exact crossing unobserved.,1.0646185,-3.653891041705723e-05,8.14849999999992e-05,0.005218276500324085,0.21417994928722095,3.303243483938644,11,11,100.0
Batch3,26,1028.0,5.6C(19%)-4.6C-newstructure,2018-04-12_batchdata_updated_struct_errorcorrect.mat,100,0,100.0,1.075070867,0.0007352192162686,0.0155948014799999,100,35.744145079440855,39.13868450818955,10.04228274999997,10.042265000000285,-0.0101395927834648,-0.0241791392678879,6.032434097872005e-05,-4.219507413901045,ok,5.6,19.0,4.6,True,0.0009366520146517,False,stop_boundary_asprovided,True,Raw label equals observed max+1 and endpoint is within 0.005 Ah above threshold; exact crossing unobserved.,1.0753336,-0.0006844387639334155,6.144500000000025e-05,0.003945559308155229,0.2739555513137475,3.349702363200258,11,11,100.0
Batch3,27,850.0,5.6C(36%)-4.3C-newstructure,2018-04-12_batchdata_updated_struct_errorcorrect.mat,100,0,100.0,1.063664561,0.0007818364330597,0.01492139064,100,35.30704053711157,38.44326739483011,10.04501170000002,10.044974166666604,-0.0107099108732285,-0.0266002908070785,7.410844302086189e-05,-4.130132310934438,ok,5.6,36.0,4.3,True,0.0013608311833091,False,stop_boundary_asprovided,True,Raw label equals observed max+1 and endpoint is within 0.005 Ah above threshold; exact crossing unobserved.,1.0639206,-0.000882490667066872,6.063000000000075e-05,0.004069604124778422,0.225850836575745,3.141383179442027,11,11,100.0
Batch3,28,541.0,3.7C(31%)-5.9C-newstructure,2018-04-12_batchdata_updated_struct_errorcorrect.mat,100,0,100.0,1.044589539,0.0057185897402199,0.01341840246,100,35.69503585363536,39.55881069772407,10.088379333333394,10.083590000000306,-0.0302561192147094,-0.0578311205506406,0.0003534614925326,-3.451657893017001,ok,3.7,31.0,5.9,True,0.0203827112597549,False,stop_boundary_asprovided,True,Raw label equals observed max+1 and endpoint is within 0.005 Ah above threshold; exact crossing unobserved.,1.0516714,-0.015600215048160572,0.0003310809999999987,0.024980961392881224,0.5346982833189671,3.860491008038963,11,11,100.0
Batch3,29,858.0,5.9C(15%)-4.6C-newstructure,2018-04-12_batchdata_updated_struct_errorcorrect.mat,100,0,100.0,1.070447271,0.0009623677010263,0.01482580993,100,31.26277010223316,31.681289998175465,10.0419695333333,10.041552500000154,-0.0113005751485532,-0.0289214751611649,8.638212824469724e-05,-4.0635761002012085,ok,5.9,15.0,4.6,True,0.0008320326485101,False,stop_boundary_asprovided,True,Raw label equals observed max+1 and endpoint is within 0.005 Ah above threshold; exact crossing unobserved.,1.0703279,-0.0003999708874263236,-7.201099999999856e-05,-0.004841704156687404,0.07167408340199088,0.408498347529326,11,11,100.0
Batch3,30,935.0,5.3C(54%)-4C-newstructure,2018-04-12_batchdata_updated_struct_errorcorrect.mat,100,0,100.0,1.071663629,0.0007045625970706,0.01557456206,100,32.242770445878016,33.955655894480245,10.04344528333331,10.043574999999691,-0.0111375708993828,-0.0267371697557434,7.939158148811134e-05,-4.1002255467806545,ok,5.3,54.0,4.0,True,0.0012111815575727,False,stop_boundary_asprovided,True,Raw label equals observed max+1 and endpoint is within 0.005 Ah above threshold; exact crossing unobserved.,1.0720305,-0.0008906463015745768,4.564799999999883e-05,0.0029317211093681248,0.09892534533292263,1.7037928773060216,11,11,100.0
Batch3,31,731.0,5.9C(60%)-3.1C-newstructure,2018-04-12_batchdata_updated_struct_errorcorrect.mat,100,0,100.0,1.070766659,0.0007243807220821,0.01587661182,100,33.99934624579011,36.77289772500682,10.04570423333328,10.045919166666865,-0.0163505485614894,-0.0356194097392656,0.0001446761604603,-3.8396030254357143,ok,5.9,60.0,3.1,True,0.0018176889632097,False,stop_boundary_asprovided,True,Raw label equals observed max+1 and endpoint is within 0.005 Ah above threshold; exact crossing unobserved.,1.071138,-0.0011447637932739238,0.00011312599999999812,0.007143833702493806,0.18611968283725133,2.7584217765673067,11,11,100.0
Batch3,32,,4.8C(80%)-4.8C-newstructure,2018-04-12_batchdata_updated_struct_errorcorrect.mat,100,0,100.0,1.074301613,0.0006351197234873,0.0153743322599999,100,35.43328136368462,38.119828240013966,11.039470466666693,11.038452499999888,-0.0032569008987653,-0.0101214004162617,2.1215204766387927e-05,-4.67335277212347,ok,4.8,80.0,4.8,True,0.0016644308807143,False,missing_raw_target,False,Raw target missing; retain NaN; no imputation.,1.0748707,-0.0011940971132620817,-8.194700000000062e-05,-0.005317122318664283,0.527259261393489,2.681903581824127,11,11,100.0
Batch3,33,1284.0,5C(67%)-4C-newstructure,2018-04-12_batchdata_updated_struct_errorcorrect.mat,100,0,100.0,1.0621317549999998,0.0006587168442387,0.01534347393,100,33.10620851106884,34.28531457281655,10.043266033333351,10.043314999999954,-0.0078486783617875,-0.0198859256479102,4.0188487978171294e-05,-4.395898333073689,ok,5.0,67.0,4.0,True,0.0019786073419326,False,stop_boundary_asprovided,True,Raw label equals observed max+1 and endpoint is within 0.005 Ah above threshold; exact crossing unobserved.,1.0626241,-0.0012291270261987166,-1.7252000000000586e-05,-0.0011238744562137213,0.3290261522970894,1.1731598466528332,11,11,100.0
Batch3,34,1158.0,5.3C(54%)-4C-newstructure,2018-04-12_batchdata_updated_struct_errorcorrect.mat,100,0,100.0,1.06321586,0.000844247924355,0.01530397606,100,35.77751733452584,38.986137122300555,10.043544616666672,10.043918333333323,-0.0095520055677729,-0.0215098927699143,4.946983882423062e-05,-4.305659504591576,ok,5.3,54.0,4.0,True,0.0028768515687214,False,stop_boundary_asprovided,True,Raw label equals observed max+1 and endpoint is within 0.005 Ah above threshold; exact crossing unobserved.,1.0641203,-0.002035202222906505,4.544200000000144e-05,0.002972690069944858,0.4415523217610371,3.1868652236066453,11,11,100.0
Batch3,35,1093.0,5.6C(19%)-4.6C-newstructure,2018-04-12_batchdata_updated_struct_errorcorrect.mat,100,0,100.0,1.064480499,0.0007108903719337,0.0153756603599999,100,35.53070785023565,38.53573773732641,10.04359398333331,10.043604166666531,-0.009826425701495,-0.0230280751526336,5.8229318902417414e-05,-4.234858289724564,ok,5.6,19.0,4.6,True,0.0025972753623184,False,stop_boundary_asprovided,True,Raw label equals observed max+1 and endpoint is within 0.005 Ah above threshold; exact crossing unobserved.,1.0652966,-0.0016711777734011786,1.8224000000000712e-05,0.0011856961993115176,0.4313852260193727,2.979742713192376,11,11,100.0
Batch3,36,923.0,5.6C(36%)-4.3C-newstructure,2018-04-12_batchdata_updated_struct_errorcorrect.mat,100,0,100.0,1.0593433760000002,0.0008728669517044,0.01513591896,100,35.87707905775121,39.385265734517226,10.043492250000025,10.043481666666413,-0.0099083574699246,-0.0229818135179924,5.5788165335225655e-05,-4.253457920681209,ok,5.6,36.0,4.3,True,0.0031330277114188,False,stop_boundary_asprovided,True,Raw label equals observed max+1 and endpoint is within 0.005 Ah above threshold; exact crossing unobserved.,1.0603836,-0.002302940181270302,2.3274999999999685e-05,0.0015383326047596034,0.41260306985770256,3.511220898264977,11,11,100.0
Batch3,37,1390.0,4.8C(80%)-4.8C-newstructure,2018-04-12_batchdata_updated_struct_errorcorrect.mat,100,0,100.0,1.049437267,0.0018968216036761,0.01471833276,100,35.01566783438418,37.821866391239226,11.038440433333296,11.038369999999972,-0.0010767977663257,-0.0084398229887185,7.96423654716803e-06,-5.098855849397497,ok,4.8,80.0,4.8,True,0.0010553569835955,False,stop_boundary_asprovided,True,Raw label equals observed max+1 and endpoint is within 0.005 Ah above threshold; exact crossing unobserved.,1.0490963,-0.00045572556113298354,5.760000000003956e-07,3.902713219081826e-05,0.26987025102536677,2.742017182494891,11,11,100.0
Batch3,38,1935.0,5C(67%)-4C-newstructure,2018-04-12_batchdata_updated_struct_errorcorrect.mat,100,0,100.0,1.071954521,0.000537721890736,0.01583763829,100,34.743831508087126,37.73701176388907,10.043712449999964,10.04354666666671,-0.0086930833729754,-0.0201470057216749,4.5493249228224246e-05,-4.342053043792284,ok,5.0,67.0,4.0,True,0.0014591073419333,False,stop_boundary_asprovided,True,Raw label equals observed max+1 and endpoint is within 0.005 Ah above threshold; exact crossing unobserved.,1.0724161,-0.000941425627608692,-2.6366999999999363e-05,-0.0016629929912984327,0.4309596326644609,2.973311301901713,11,11,100.0
Batch3,39,1156.0,5.3C(54%)-4C-newstructure,2018-04-12_batchdata_updated_struct_errorcorrect.mat,100,0,100.0,1.050541451,0.0008788248672931,0.01556493222,100,33.88624079961266,36.07485440375697,10.043103450000004,10.04355333333345,-0.0064284385895605,-0.0174579176948327,3.510467231268054e-05,-4.454635076566319,ok,5.3,54.0,4.0,True,0.0018589115304987,False,stop_boundary_asprovided,True,Raw label equals observed max+1 and endpoint is within 0.005 Ah above threshold; exact crossing unobserved.,1.050892,-0.0010849830429768574,2.3627999999999497e-05,0.0015188816896073533,0.36926351250162526,2.1717003618569635,11,11,100.0
Batch3,40,796.0,5.6C(19%)-4.6C-newstructure,2018-04-12_batchdata_updated_struct_errorcorrect.mat,100,0,100.0,1.062950962,0.0009449537959716,0.01539237993,100,34.05078155019701,37.52384046715492,10.043767949999994,10.043501666666511,-0.0090788614789257,-0.0220537944821722,5.068643250322407e-05,-4.29510827493732,ok,5.6,19.0,4.6,True,0.0020118159738809,False,stop_boundary_asprovided,True,Raw label equals observed max+1 and endpoint is within 0.005 Ah above threshold; exact crossing unobserved.,1.0635124,-0.0013966926948853348,-0.00012751800000000008,-0.008251586750275262,0.6047578659269206,3.4190897490390206,11,11,100.0
Batch3,41,786.0,5.6C(36%)-4.3C-newstructure,2018-04-12_batchdata_updated_struct_errorcorrect.mat,100,0,100.0,1.0543223270000002,0.0008579445558897,0.01830944555,100,33.639374640057895,36.627600886306475,10.043166433333276,10.043069999999958,-0.0097480505250246,-0.0241929936990986,6.03240691683163e-05,-4.2195093707566445,ok,5.6,36.0,4.3,True,3.574534161364752e-06,False,stop_boundary_asprovided,True,Raw label equals observed max+1 and endpoint is within 0.005 Ah above threshold; exact crossing unobserved.,1.0540271,0.0002952485756768919,2.9020000000001128e-05,0.0015861171137063492,0.2822527655189049,2.977569352558451,11,11,100.0
Batch3,42,1642.0,4.8C(80%)-4.8C-newstructure,2018-04-12_batchdata_updated_struct_errorcorrect.mat,100,0,100.0,1.069482281,0.000605043012695,0.01613480678,100,33.02954632330684,35.567796863982466,11.038488366666636,11.038323333333391,0.0007845194706261,-0.0056097890463586,4.5061465820542114e-05,-4.346194685061839,ok,4.8,80.0,4.8,True,0.0004988232998889,False,stop_boundary_asprovided,True,Raw label equals observed max+1 and endpoint is within 0.005 Ah above threshold; exact crossing unobserved.,1.0694478,-0.0002540563457142058,-0.00037491499999999997,-0.023077627163317873,0.8913399717564161,2.4586351404523654,11,11,100.0
Batch3,43,1046.0,5C(67%)-4C-newstructure,2018-04-12_batchdata_updated_struct_errorcorrect.mat,100,0,100.0,1.0728472510000002,0.000597972364061,0.0158306738,100,33.891919511346536,36.95027454276166,10.04364709999994,10.043629166666264,-0.0032660569334268,-0.0129763989917587,4.822275074444368e-05,-4.316748020025344,ok,5.0,67.0,4.0,True,0.0004330693581778,False,stop_boundary_asprovided,True,Raw label equals observed max+1 and endpoint is within 0.005 Ah above threshold; exact crossing unobserved.,1.0730265,-0.0004760367055240792,-0.00025422300000000134,-0.015990099866184743,1.0611508557081422,3.01064694895528,11,11,100.0
Batch3,44,940.0,5.3C(54%)-4C-newstructure,2018-04-12_batchdata_updated_struct_errorcorrect.mat,100,0,100.0,1.073270589,0.0008308499862037,0.01557422266,100,33.350873108759004,36.33391749012359,10.043223416666626,10.043418333333102,-0.0112310610964919,-0.0259851318875047,7.387618796699746e-05,-4.131495522376496,ok,5.3,54.0,4.0,True,0.0006423009237142,False,stop_boundary_asprovided,True,Raw label equals observed max+1 and endpoint is within 0.005 Ah above threshold; exact crossing unobserved.,1.0733364,-0.0003507753953001145,4.197100000000002e-05,0.0026949437459146616,0.19323141736377636,2.9521970243015296,11,11,100.0
Batch3,45,1801.0,4.8C(80%)-4.8C-newstructure,2018-04-12_batchdata_updated_struct_errorcorrect.mat,100,0,100.0,1.071439217,0.0005292018442242,0.01562028664,100,32.724855320443154,34.68002467582143,11.03858153333335,11.037995833333238,-0.0071317524619861,-0.0164779607403006,3.014041303195534e-05,-4.5208508005857535,ok,4.8,80.0,4.8,True,0.0007017380156074,False,stop_boundary_asprovided,True,Raw label equals observed max+1 and endpoint is within 0.005 Ah above threshold; exact crossing unobserved.,1.0716475,-0.0005166810914969617,3.656899999999845e-05,0.002341553432995513,0.1320449094877887,1.9542644310869903,11,11,100.0
