candidate,fold,n_train,n_valid,train_mape_pct,mape_pct,mae,rmse,r2
S0_linear,1,22,6,8.708242207884776,8.541388902992729,75.80040452144196,94.88331507125316,0.7439003002367501
S0_linear,2,22,6,8.91914909331568,7.44270149476221,66.9819848731132,80.37896466705159,0.4516515978741643
S0_linear,3,22,6,8.947363145382838,9.363022592749266,71.24065518490526,96.5839317173296,-0.897484581516975
S0_linear,4,23,5,8.885833231564035,9.308929774011677,63.78872161735112,79.85004116271033,0.24463939589357064
S0_linear,5,23,5,7.766931248828069,11.766677078466492,96.41549170238791,106.76631059267439,0.6017528159981814
S1_linear,1,22,6,8.6840132027088,9.150650985606323,78.83719044651485,97.0209512042413,0.7322309202669488
S1_linear,2,22,6,8.925548536572975,7.523858969522465,67.82022897809867,82.29272901914644,0.42522920075378934
S1_linear,3,22,6,9.004647678989484,8.952325175622484,68.54452991701056,96.49234641309721,-0.8938877242405272
S1_linear,4,23,5,9.092768276817567,8.3638127552473,58.23551578144979,74.73308800352763,0.338347591938552
S1_linear,5,23,5,7.732852795658378,12.739643734177356,103.51021508166862,113.68452408134881,0.5484696588621343
S1_ridge_0.1,1,22,6,8.676072172783593,9.196409965511933,79.20207163097888,97.05321750803796,0.7320527864709458
S1_ridge_0.1,2,22,6,8.93420964135546,7.502861351083951,67.67611399710812,82.44436892216034,0.4231090015087715
S1_ridge_0.1,3,22,6,9.019467308832716,8.91436730556702,68.22399088262507,96.01926367200863,-0.8753625404563676
S1_ridge_0.1,4,23,5,9.100147584813813,8.374973922936086,58.314505064602415,74.83462907356079,0.3365483745394606
S1_ridge_0.1,5,23,5,7.736955338407496,12.768763595179095,103.6683413319801,113.77423645430882,0.5477567413957087
S1_ridge_1,1,22,6,8.608255115674721,9.591718165703755,82.347507490215,97.58986141842676,0.7290814314770083
S1_ridge_1,2,22,6,9.055622473032475,7.322442607412137,66.43763401899986,83.87719322284113,0.4028828498001803
S1_ridge_1,3,22,6,9.147725875767508,8.589336783526292,65.47849762831417,92.01431963846188,-0.7221831389676192
S1_ridge_1,4,23,5,9.164788003718574,8.750895870856061,60.72147119253266,75.77931382122415,0.31969231241463436
S1_ridge_1,5,23,5,7.772809357419205,13.021159520128597,105.03805256678393,114.60601210706061,0.5411200902809862
S1_ridge_10,1,22,6,9.193726982035436,12.391868231616476,104.2982127899263,112.39439602733437,0.6406491425735786
S1_ridge_10,2,22,6,10.401805141311291,7.555602705942054,70.76293246289579,98.78772265389405,0.17171897157650762
S1_ridge_10,3,22,6,10.58332458274756,6.643757872775069,49.03478519613153,68.64244270956686,0.041584222975511675
S1_ridge_10,4,23,5,9.845395749247567,11.451361008517905,78.00620551647225,85.67727446199362,0.1303683717603774
S1_ridge_10,5,23,5,8.889815220538964,14.851993532942732,114.93111953758753,123.3322478383539,0.46858043880520217
S1_elasticnet_0.001_0.1,1,22,6,8.679271085472202,9.177963573504643,79.05500007999574,97.03945316528323,0.7321287830396868
S1_elasticnet_0.001_0.1,2,22,6,8.930144602116036,7.512687223888208,67.74355344625599,82.37300805414873,0.42410724132582045
S1_elasticnet_0.001_0.1,3,22,6,9.011967095167366,8.933567271467355,68.38612915657434,96.25842694916477,-0.8847164224686801
S1_elasticnet_0.001_0.1,4,23,5,9.096882039800283,8.363748681811515,58.24076823796211,74.78952935021658,0.3373478030637328
S1_elasticnet_0.001_0.1,5,23,5,7.735235982770088,12.75656574884291,103.6021072385976,113.73649862533738,0.5480567011906712
S1_elasticnet_0.001_0.5,1,22,6,8.667332708633873,9.246896440240826,79.60446085399406,97.09610145380975,0.7318159437840951
S1_elasticnet_0.001_0.5,2,22,6,8.9451261930391,7.486541461065562,67.5641008584493,82.56444421885273,0.4214273632652471
S1_elasticnet_0.001_0.5,3,22,6,9.028183284465388,8.89208209851283,68.03579286308421,95.742013669873,-0.8645481768760865
S1_elasticnet_0.001_0.5,4,23,5,9.106564309639431,8.412650350779316,58.55575015655372,74.92400683013636,0.3349626586910712
S1_elasticnet_0.001_0.5,5,23,5,7.741002542545554,12.79744138592276,103.8240471987991,113.86386003410023,0.5470439680109043
S1_elasticnet_0.01_0.1,1,22,6,8.637180478229055,9.422110412121281,80.99942670572773,97.30360925543019,0.7306684260304727
S1_elasticnet_0.01_0.1,2,22,6,8.994385345425924,7.413142451685157,67.06028441119412,83.12816570464437,0.4134998040765717
S1_elasticnet_0.01_0.1,3,22,6,9.077431589208098,8.766706124387884,66.97688005784708,94.18929656196876,-0.8045611418330809
S1_elasticnet_0.01_0.1,4,23,5,9.133904923316978,8.572284854504426,59.57787964790161,75.31587344237423,0.3279879265602661
S1_elasticnet_0.01_0.1,5,23,5,7.756662318968131,12.907950038799418,104.4238698283342,114.22097357116127,0.5441982820991789
S1_elasticnet_0.01_0.5,1,22,6,8.65192291875093,10.115426620296521,86.49626481988888,98.98236049154731,0.7212948571942626
S1_elasticnet_0.01_0.5,2,22,6,9.180257697891507,7.153520956725558,65.27775978958272,85.42059984795482,0.3807058177865503
S1_elasticnet_0.01_0.5,3,22,6,9.240805418443037,8.357303037068036,63.517712387447396,89.21077339313031,-0.6188369299960224
S1_elasticnet_0.01_0.5,4,23,5,9.233841479540757,9.144022131373921,63.238377226929266,76.89022819194962,0.2995996712004583
S1_elasticnet_0.01_0.5,5,23,5,7.896535260654877,13.320286981340992,106.65943991705399,115.71524215386052,0.5321944396288244
S1_elasticnet_0.1_0.1,1,22,6,8.989326771361403,11.709479985726663,99.00019580758918,107.31965485281918,0.6723667995450004
S1_elasticnet_0.1_0.1,2,22,6,9.9131871081504,7.0629070761212445,65.72636055507661,92.89677945766992,0.2675582648809045
S1_elasticnet_0.1_0.1,3,22,6,9.950512527754354,7.272240291927323,54.33892514920503,76.90653951799649,-0.20308146240786495
S1_elasticnet_0.1_0.1,4,23,5,9.552736196401726,10.598540401321072,72.54870805822914,82.01155338580008,0.20319120762939913
S1_elasticnet_0.1_0.1,5,23,5,8.517450567367293,14.336333803694428,112.15192137835209,120.42608486084326,0.4933297820598014
S1_elasticnet_0.1_0.5,1,22,6,13.305489060378662,19.229173628143485,155.8905546341376,182.0224952593769,0.05750404091228345
S1_elasticnet_0.1_0.5,2,22,6,13.73611970111423,10.846381601601097,102.40184269298165,134.49811960629626,-0.5353386812900396
S1_elasticnet_0.1_0.5,3,22,6,14.111604883086256,6.561199182662449,48.56720107008149,57.32987894948965,0.33145515564642636
S1_elasticnet_0.1_0.5,4,23,5,13.321491108795666,16.594753610043533,110.89949167492493,115.12401213430768,-0.5701309518614086
S1_elasticnet_0.1_0.5,5,23,5,12.972686219665452,18.818834983636513,136.15130772850617,154.44023376488073,0.1666927829695588
S2_linear,1,22,6,8.53785368016559,9.280316898084891,82.87561898116815,103.40455832418432,0.6958353510145086
S2_linear,2,22,6,8.913146325200815,7.473169481256237,67.54359790851565,82.71836641175523,0.41926812435405847
S2_linear,3,22,6,8.985102091683116,9.001154971755678,68.80024434269944,96.20783450399782,-0.8827357677425689
S2_linear,4,23,5,8.814661784537629,9.73782325036458,66.7755277131411,85.77485878346621,0.12838626527968455
S2_linear,5,23,5,7.825203448965028,14.987404037560683,118.70449168304837,127.99204061536459,0.4276651794887917
S2_ridge_0.1,1,22,6,8.542447359242441,9.20829441007281,82.33221278784094,103.01165006786403,0.6981424398677026
S2_ridge_0.1,2,22,6,8.914851347270014,7.437429356380614,67.32601889909188,83.0183905248871,0.41504779092765276
S2_ridge_0.1,3,22,6,8.977535188413167,9.020114404121067,68.80403952463303,95.59461781499708,-0.8588116122758713
S2_ridge_0.1,4,23,5,8.834586101579802,9.603368642206952,65.94197100907438,84.59983579818805,0.15210303267365388
S2_ridge_0.1,5,23,5,7.713541062942418,14.116938687198413,112.77718348842932,122.13451193182424,0.47885203651237207
S2_ridge_1,1,22,6,8.525736264514292,9.195515517042697,82.30907717554867,102.4295856997797,0.7015440771480875
S2_ridge_1,2,22,6,8.949046696275847,7.292075736755793,66.38328471574901,84.28571921029588,0.3970521366634693
S2_ridge_1,3,22,6,9.032959184617457,8.927280494254486,67.72053031487617,93.01313006063306,-0.7597744716604022
S2_ridge_1,4,23,5,8.923392465016898,9.474282263832722,65.17250164743874,82.59694014749117,0.19177559616726858
S2_ridge_1,5,23,5,7.799885521113105,12.610097093511078,102.30819256116142,112.25142419174792,0.5597818319411311
S2_ridge_10,1,22,6,8.675501000116693,10.872992019506793,94.9332697657348,107.64824287815641,0.6703574536154251
S2_ridge_10,2,22,6,9.697491857054098,6.964696529599037,64.93882155299879,92.58484423874256,0.2724688932324283
S2_ridge_10,3,22,6,9.791463495964209,7.594494061749437,56.45457768812624,78.40325965268762,-0.25036478139268636
S2_ridge_10,4,23,5,9.24950661015125,10.850940504896748,74.03183807852108,85.909687577651,0.1256439467542384
S2_ridge_10,5,23,5,8.39071265287571,13.244228891132712,105.13135869324317,113.87603109299064,0.5469471286945142
S2_elasticnet_0.001_0.1,1,22,6,8.536770135601323,9.256869253011278,82.73171076273964,103.29373997060245,0.6964869463465803
S2_elasticnet_0.001_0.1,2,22,6,8.916244415750812,7.459107885857195,67.45266248766693,82.82999682174061,0.41769964365977985
S2_elasticnet_0.001_0.1,3,22,6,8.987566953217613,8.994596426196999,68.71123057149721,95.94123360622598,-0.8723157517732638
S2_elasticnet_0.001_0.1,4,23,5,8.81503522722359,9.710076052480524,66.60615495287695,85.45264057238766,0.13492249997705563
S2_elasticnet_0.001_0.1,5,23,5,7.760941005587331,14.472151823910846,115.20687645781659,124.51564845959132,0.45833333177354596
S2_elasticnet_0.001_0.5,1,22,6,8.524190753310558,9.260321360736164,82.9164275673885,103.40671364151926,0.6958226711446174
S2_elasticnet_0.001_0.5,2,22,6,8.9277014189054,7.435494803135427,67.28629173652996,83.00824820032018,0.4151907089659479
S2_elasticnet_0.001_0.5,3,22,6,9.006432699073146,8.946127458109853,68.32296967406985,95.46006555805245,-0.8535826300033682
S2_elasticnet_0.001_0.5,4,23,5,8.822230877251283,9.78149886505411,67.06153547688923,85.7058132897401,0.12978893221027366
S2_elasticnet_0.001_0.5,5,23,5,7.686287820943007,13.406051528811041,107.95159547202636,117.58805370551461,0.5169293557130553
S2_elasticnet_0.01_0.1,1,22,6,8.514111723037281,9.18719419837618,82.51862210954904,102.98576386856213,0.6982941307329371
S2_elasticnet_0.01_0.1,2,22,6,8.949032512068571,7.344914063159881,66.70328454595081,83.78164629672001,0.40424246165302047
S2_elasticnet_0.01_0.1,3,22,6,9.020449913766825,8.909122141931327,67.78944488219743,93.85435903849952,-0.7917499072175607
S2_elasticnet_0.01_0.1,4,23,5,8.882586296252583,9.666287324454133,66.36501487086696,84.18316139085682,0.16043465476303298
S2_elasticnet_0.01_0.1,5,23,5,7.756662318968131,12.907950038799418,104.4238698283342,114.22097357116127,0.5441982820991789
S2_elasticnet_0.01_0.5,1,22,6,8.46413831103991,9.886772949171945,87.96835828220789,104.78858594750834,0.687638622480016
S2_elasticnet_0.01_0.5,2,22,6,9.148017828621157,7.096691053011749,64.97115786873508,86.04987973591624,0.37154772623517174
S2_elasticnet_0.01_0.5,3,22,6,9.201014420502853,8.45143599446551,64.04181484681658,88.9938153462137,-0.6109725744447818
S2_elasticnet_0.01_0.5,4,23,5,8.974635165266962,10.291840121775467,70.36645858170331,86.16015403072655,0.12053821062351044
S2_elasticnet_0.01_0.5,5,23,5,7.896535260654877,13.320286981340992,106.65943991705399,115.71524215386052,0.5321944396288244
S2_elasticnet_0.1_0.1,1,22,6,8.767449904554098,11.17622380690067,97.29400352222581,109.46304829188878,0.6591490994390616
S2_elasticnet_0.1_0.1,2,22,6,9.71013602219834,6.971809724375107,64.98524256911628,92.5437301333173,0.2731148985135895
S2_elasticnet_0.1_0.1,3,22,6,9.713378036301993,7.694974448598792,57.35457604523481,79.54991365615653,-0.28720559743971497
S2_elasticnet_0.1_0.1,4,23,5,9.255965442963278,10.98681091073251,74.8934590438381,86.62089508549236,0.11110722548265661
S2_elasticnet_0.1_0.1,5,23,5,8.460286190637985,13.702577048279444,108.04823563127627,116.53807181176764,0.5255178282389045
S2_elasticnet_0.1_0.5,1,22,6,13.284242585797646,19.110403946686635,155.4529707116117,181.91547223468214,0.058612026103467496
S2_elasticnet_0.1_0.5,2,22,6,13.718783754387228,10.853617343223315,102.4610451975809,134.56480449369698,-0.5368615169790907
S2_elasticnet_0.1_0.5,3,22,6,14.068538172919698,6.64455052442753,49.15386144717701,58.08516846627519,0.3137237001808043
S2_elasticnet_0.1_0.5,4,23,5,13.227848661156443,16.82469326271904,112.31599430128645,116.93573024576204,-0.6199384208710812
S2_elasticnet_0.1_0.5,5,23,5,12.972686219665452,18.818834983636513,136.15130772850617,154.44023376488073,0.1666927829695588
S3_linear,1,22,6,6.407862882029604,5.290840880076241,48.90144963134603,59.729558112851656,0.8985135705420054
S3_linear,2,22,6,6.105538189400416,5.6023396375471695,50.25788080687236,63.62278317883045,0.6564443515100706
S3_linear,3,22,6,5.007416710755909,11.189176142159498,88.70940227958029,118.7930649219942,-1.8704545148047313
S3_linear,4,23,5,5.987399392904029,9.01286086203308,57.86365558429011,84.2521592382831,0.1590578487588007
S3_linear,5,23,5,5.776253036877279,8.417843882458287,68.58516410912662,98.80114814848312,0.6589577181369097
S3_ridge_0.1,1,22,6,6.487608142954169,6.400962951802539,57.838223544832864,68.35668990234707,0.8670796677139709
S3_ridge_0.1,2,22,6,6.284309223811929,6.40253158643732,56.92179497095592,67.62267917513026,0.6118884984767259
S3_ridge_0.1,3,22,6,6.025118330200517,9.371962884863068,72.57872112911367,93.23729274684094,-0.7682668451123504
S3_ridge_0.1,4,23,5,6.075025342926652,9.184552354115386,60.457379509008526,85.17745295957928,0.14048523728339857
S3_ridge_0.1,5,23,5,6.03186717172524,8.88006561340425,71.45878780645717,95.46512997384131,0.681599472280987
S3_ridge_1,1,22,6,6.529530480209742,7.047037739564202,63.05671081214924,73.7581130906774,0.8452434763553213
S3_ridge_1,2,22,6,6.407151675824663,6.534197350085004,58.49859073453204,70.5175064037024,0.5779482943074363
S3_ridge_1,3,22,6,6.451349183760928,8.4526295758166,65.1706500166058,81.2466301898877,-0.34270067926843883
S3_ridge_1,4,23,5,6.2751682229137185,8.030646235834235,52.88431626760132,74.60140342226161,0.3406772870912794
S3_ridge_1,5,23,5,6.260763087836961,8.425107244659648,68.3947740121487,91.34520972038368,0.7084884296405667
S3_ridge_10,1,22,6,7.045587976238789,9.879537326675509,86.22661400666203,99.6665438296733,0.7174286240709213
S3_ridge_10,2,22,6,7.6956123852233524,6.637367176088634,61.745323160878534,86.67472378458315,0.36238768120403275
S3_ridge_10,3,22,6,7.416139311770888,7.383464358335047,55.824291836883084,69.87354153085246,0.006897657311985772
S3_ridge_10,4,23,5,7.534114691105309,8.099089928625311,52.778547538430324,73.28334869721229,0.3637692516233537
S3_ridge_10,5,23,5,7.044947077312112,8.953656274056945,75.55354773959434,96.35682308621678,0.6756236460114482
S3_elasticnet_0.001_0.1,1,22,6,6.532045053503194,6.561939759955602,59.04699875697628,69.36915669194582,0.8631130019584947
S3_elasticnet_0.001_0.1,2,22,6,6.281793999618877,6.386836056842542,56.72886320563267,67.43627102719854,0.614025279547304
S3_elasticnet_0.001_0.1,3,22,6,5.742659157858008,9.775812736716954,76.01469021386195,98.07724666593543,-0.9566134073619466
S3_elasticnet_0.001_0.1,4,23,5,6.110410026675216,9.52887813618719,62.84527359293431,88.19902968827758,0.07842293864812044
S3_elasticnet_0.001_0.1,5,23,5,5.974017216638437,8.826537781363495,71.11956777222369,96.0623129257552,0.6776034982781105
S3_elasticnet_0.001_0.5,1,22,6,6.54965242860875,6.863471468062375,61.14860632421945,70.91982231778954,0.856924705884066
S3_elasticnet_0.001_0.5,2,22,6,6.386642571330993,6.515426642183529,57.86569958794928,68.73977943624966,0.5989596828327143
S3_elasticnet_0.001_0.5,3,22,6,6.277419467534549,9.025804837701019,69.74485402539001,88.3110166411399,-0.5863472617123626
S3_elasticnet_0.001_0.5,4,23,5,6.080520767433499,9.412106280457625,62.05712591029667,86.73137504379906,0.10883831648847409
S3_elasticnet_0.001_0.5,5,23,5,6.204977110054474,8.97204996658539,71.94289510650208,95.57341211308876,0.6808767656077657
S3_elasticnet_0.01_0.1,1,22,6,6.541755208297956,7.222720654765916,64.12150309313729,74.21794752643406,0.8433078464540488
S3_elasticnet_0.01_0.1,2,22,6,6.451088021677825,6.509794726209687,58.15363100978046,70.23000279960704,0.5813827330745136
S3_elasticnet_0.01_0.1,3,22,6,6.3050333488199275,8.858513645969685,68.36203011266787,86.26027467625768,-0.5135269828913525
S3_elasticnet_0.01_0.1,4,23,5,6.143147328363596,8.435168181632937,55.573910270825785,77.94114535846828,0.28032302420200816
S3_elasticnet_0.01_0.1,5,23,5,6.2552548576381515,8.605463163079593,70.07219768811385,94.04643456308568,0.6909925761194913
S3_elasticnet_0.01_0.5,1,22,6,6.717521617177463,8.263230484167707,72.49291166763756,82.73147717532434,0.8052977693475917
S3_elasticnet_0.01_0.5,2,22,6,6.917319592752652,6.616339526119535,59.78666721743186,75.02867673291908,0.5222217885129858
S3_elasticnet_0.01_0.5,3,22,6,6.528679595156574,7.930180224432902,61.04391526636518,78.31920352888895,-0.24768518674220896
S3_elasticnet_0.01_0.5,4,23,5,6.6874219415387515,7.351029670841784,47.99310709757558,70.96484262056299,0.40338999836971834
S3_elasticnet_0.01_0.5,5,23,5,6.596932087405201,9.080806462120046,75.6538999650766,96.15688320354808,0.6769684077085878
S3_elasticnet_0.1_0.1,1,22,6,7.185447370424535,10.046831690084513,87.0881057999578,98.63255081034882,0.7232612981285202
S3_elasticnet_0.1_0.1,2,22,6,7.691731195862871,6.826161874009089,63.16181112764931,85.76362036022633,0.37572207538517455
S3_elasticnet_0.1_0.1,3,22,6,7.598351564617369,6.144352853008046,46.850295187532744,64.73857779543918,0.14749918422489738
S3_elasticnet_0.1_0.1,4,23,5,7.673011598438542,8.00630399061408,52.897395372202325,73.23086897060315,0.3646801614268328
S3_elasticnet_0.1_0.1,5,23,5,7.171319549396948,11.017121763255924,88.54342445781622,102.83274412107585,0.630557297077087
S3_elasticnet_0.1_0.5,1,22,6,13.284242585797646,19.110403946686635,155.4529707116117,181.91547223468214,0.058612026103467496
S3_elasticnet_0.1_0.5,2,22,6,13.718783754387228,10.853617343223315,102.4610451975809,134.56480449369698,-0.5368615169790907
S3_elasticnet_0.1_0.5,3,22,6,14.068538172919698,6.64455052442753,49.15386144717701,58.08516846627519,0.3137237001808043
S3_elasticnet_0.1_0.5,4,23,5,13.227848661156443,16.82469326271904,112.31599430128645,116.93573024576204,-0.6199384208710812
S3_elasticnet_0.1_0.5,5,23,5,12.972686219665452,18.818834983636513,136.15130772850617,154.44023376488073,0.1666927829695588
S4_linear,1,22,6,6.159626872888704,5.678715498563369,50.59695214502559,59.16834945511322,0.900411709241073
S4_linear,2,22,6,5.759845007322608,5.783653318492862,51.64464303356235,65.0913819594153,0.6404007718910654
S4_linear,3,22,6,4.9527752312918105,23.100796799792104,170.59220364208514,249.36577899370772,-11.64859254165909
S4_linear,4,23,5,5.977121105586538,9.1793616243134,58.43170979117242,85.82547509103475,0.12735727178145972
S4_linear,5,23,5,5.54911476852906,7.845063069750058,66.50219581914443,98.87047731210573,0.6584789287258233
S4_ridge_0.1,1,22,6,6.244427738555791,6.498990894387258,57.72034988896462,67.18269342316658,0.8716061588001862
S4_ridge_0.1,2,22,6,5.95683615154538,6.452212527894309,57.28593825372311,68.51070819569671,0.6016281153874765
S4_ridge_0.1,3,22,6,6.041854729660763,22.129208979907,160.71153780289333,251.05160640597708,-11.820191242399193
S4_ridge_0.1,4,23,5,5.961132275078489,9.013603945192356,59.469431986273115,84.34707767698377,0.15716197143395416
S4_ridge_0.1,5,23,5,5.781072550134363,7.868756914605965,66.03397798783348,94.90977260866167,0.6852932135570553
S4_ridge_1,1,22,6,6.276064286407999,6.97833605774558,62.631278584995435,74.12493192811766,0.8437003574777004
S4_ridge_1,2,22,6,6.092640961972807,6.555315400503827,58.71911753560628,71.19012339180667,0.5698585865568411
S4_ridge_1,3,22,6,6.440204612597472,19.501274367144593,141.31504675283352,216.61414863311984,-8.544257209520906
S4_ridge_1,4,23,5,6.025336332718023,7.9301209444921845,52.417664323652865,74.74659003453826,0.33810848878913813
S4_ridge_1,5,23,5,6.105569407290963,7.772665114926472,64.85270294507416,90.4431910245335,0.7142172598473029
S4_ridge_10,1,22,6,6.917767759138258,9.818179374602794,85.8922251274878,99.74146729697054,0.71700362318148
S4_ridge_10,2,22,6,7.502657956040738,6.693732555784869,62.246292830533605,87.05744825213831,0.3567443148656887
S4_ridge_10,3,22,6,7.4333655455423395,8.504962232669104,63.56235164988576,74.91123268991608,-0.1414644272500285
S4_ridge_10,4,23,5,7.4356372677112255,7.97304661732409,51.9090443033062,72.91184173460607,0.3702035927880636
S4_ridge_10,5,23,5,6.900429234674813,8.672908368984592,74.11147212892516,96.31021169726684,0.675937395986857
S4_elasticnet_0.001_0.1,1,22,6,6.277338311767064,6.696902544568643,58.54967111883152,66.76731957526835,0.8731889049999713
S4_elasticnet_0.001_0.1,2,22,6,6.01597098747471,6.518876342647974,57.740483357414085,68.77268054781484,0.5985756888767605
S4_elasticnet_0.001_0.1,3,22,6,5.819216403183862,22.35531198096826,162.7380405895565,252.0487857531429,-11.922237345674265
S4_elasticnet_0.001_0.1,4,23,5,6.055508744235273,9.518563422503215,62.832913459707335,88.34280229103102,0.07541597757714735
S4_elasticnet_0.001_0.1,5,23,5,5.740861467804301,7.9540777104735785,66.80671228314903,96.00384543059243,0.6779958265278223
S4_elasticnet_0.001_0.5,1,22,6,6.330706283723371,6.775921287463836,59.45114353766945,67.93789315525112,0.8687033881802473
S4_elasticnet_0.001_0.5,2,22,6,6.061230213084852,6.543684233119118,58.06248322742292,69.5097665885283,0.5899248741800858
S4_elasticnet_0.001_0.5,3,22,6,6.194919590857402,21.35044480479347,154.94846658064156,241.60231639944098,-10.873279247981293
S4_elasticnet_0.001_0.5,4,23,5,6.040595462333697,9.405199679613544,62.051807361353056,86.8370086582823,0.10666623156404942
S4_elasticnet_0.001_0.5,5,23,5,6.0170314405848995,7.976827054366684,66.52948637079996,93.35256830104615,0.6955354145331354
S4_elasticnet_0.01_0.1,1,22,6,6.363721315517341,7.011069586728465,62.25425754776577,72.30694393118367,0.8512731491072338
S4_elasticnet_0.01_0.1,2,22,6,6.116451592375778,6.543954430812626,58.407940620011765,70.75325048854226,0.5751216911290793
S4_elasticnet_0.01_0.1,3,22,6,6.311373280109188,18.720669474467755,136.44076906778662,202.87950973747056,-7.372301659852814
S4_elasticnet_0.01_0.1,4,23,5,6.013714339914611,8.25816797328841,54.544997147676305,77.07334988136724,0.2962595530958685
S4_elasticnet_0.01_0.1,5,23,5,6.048219330013686,7.788793230352567,65.99829662508337,93.04624917869583,0.6975302243848329
S4_elasticnet_0.01_0.5,1,22,6,6.717521617177463,8.263230484167707,72.49291166763756,82.73147717532434,0.8052977693475917
S4_elasticnet_0.01_0.5,2,22,6,6.917319592752652,6.616339526119535,59.78666721743186,75.02867673291908,0.5222217885129858
S4_elasticnet_0.01_0.5,3,22,6,6.416739148680926,11.631967539530132,86.6927050166027,108.34436748972014,-1.3877077634300896
S4_elasticnet_0.01_0.5,4,23,5,6.6874219415387515,7.351029670841784,47.99310709757558,70.96484262056299,0.40338999836971834
S4_elasticnet_0.01_0.5,5,23,5,6.596932087405201,9.080806462120046,75.6538999650766,96.15688320354808,0.6769684077085878
S4_elasticnet_0.1_0.1,1,22,6,7.185447370424535,10.046831690084513,87.0881057999578,98.63255081034882,0.7232612981285202
S4_elasticnet_0.1_0.1,2,22,6,7.691731195862871,6.826161874009089,63.16181112764931,85.76362036022633,0.37572207538517455
S4_elasticnet_0.1_0.1,3,22,6,7.598351564617369,6.144352853008046,46.850295187532744,64.73857779543918,0.14749918422489738
S4_elasticnet_0.1_0.1,4,23,5,7.673011598438542,8.00630399061408,52.897395372202325,73.23086897060315,0.3646801614268328
S4_elasticnet_0.1_0.1,5,23,5,7.171319549396948,11.017121763255924,88.54342445781622,102.83274412107585,0.630557297077087
S4_elasticnet_0.1_0.5,1,22,6,13.284242585797646,19.110403946686635,155.4529707116117,181.91547223468214,0.058612026103467496
S4_elasticnet_0.1_0.5,2,22,6,13.718783754387228,10.853617343223315,102.4610451975809,134.56480449369698,-0.5368615169790907
S4_elasticnet_0.1_0.5,3,22,6,14.068538172919698,6.64455052442753,49.15386144717701,58.08516846627519,0.3137237001808043
S4_elasticnet_0.1_0.5,4,23,5,13.227848661156443,16.82469326271904,112.31599430128645,116.93573024576204,-0.6199384208710812
S4_elasticnet_0.1_0.5,5,23,5,12.972686219665452,18.818834983636513,136.15130772850617,154.44023376488073,0.1666927829695588
S5_linear,1,22,6,6.659843108579057,5.367234473478211,46.76983855890421,54.42758092385396,0.9157310788284957
S5_linear,2,22,6,5.757447577858343,7.6419627847591975,65.54399239008045,67.8792887486852,0.6089373556810134
S5_linear,3,22,6,4.4817022895859715,22.311229974745604,165.91914159506612,226.05918913273766,-9.394720718757801
S5_linear,4,23,5,5.9685906374990685,9.779792199649059,62.771676691741526,91.31075650520317,0.012247986793984644
S5_linear,5,23,5,4.732449030447473,14.840206170143027,119.29679691051255,129.65238558972905,0.4127199246094133
S5_ridge_0.1,1,22,6,6.61797514339171,5.574466467223158,49.07769737233006,57.660137625183175,0.9054240485784775
S5_ridge_0.1,2,22,6,5.936267980038112,7.303613117431042,63.2300967838414,66.4851868470423,0.6248356578678838
S5_ridge_0.1,3,22,6,5.5104933103262335,18.819674912590553,138.51917875401236,190.19599648387458,-6.358194044805097
S5_ridge_0.1,4,23,5,5.934910896001411,9.154657125353031,60.48902913606573,84.84408746719508,0.14719996847058536
S5_ridge_0.1,5,23,5,4.861575964799529,14.776639500104185,118.42772655022671,128.42650365748398,0.42377305689103095
S5_ridge_1,1,22,6,6.4250401754388395,6.047008229588435,54.486072872030014,65.04303997824259,0.8796541740659221
S5_ridge_1,2,22,6,6.171713952416581,6.854388290516934,60.91131927947043,69.72856198198083,0.5873392301067332
S5_ridge_1,3,22,6,6.169654382731022,14.463349758603178,107.00418343094168,135.27998187254883,-2.722507378269996
S5_ridge_1,4,23,5,6.0083649926976666,8.003339957130013,52.80683321080487,72.21181842555409,0.3822388330910419
S5_ridge_1,5,23,5,5.214600566349923,13.802179833079498,111.94147873789368,123.61823221673117,0.4661130566009176
S5_ridge_10,1,22,6,6.807992729781888,9.196314548755256,81.14991346456064,94.3548301621342,0.746745224066
S5_ridge_10,2,22,6,7.11865535132621,7.257228134642901,67.65347984359505,90.80923966738271,0.3001066851434867
S5_ridge_10,3,22,6,7.221214510208307,6.5052309987659065,49.32414345539032,64.34334176678323,0.1578766291313648
S5_ridge_10,4,23,5,7.064175843218387,9.161070335712138,60.561653760128685,76.43548039329532,0.3078598534121584
S5_ridge_10,5,23,5,6.420660930216663,10.667086714621618,88.46491709394434,105.43348337181428,0.6116338650291989
S5_elasticnet_0.001_0.1,1,22,6,6.575769903085249,5.473168487419999,48.32359964374981,56.67021787633088,0.9086435669825581
S5_elasticnet_0.001_0.1,2,22,6,5.872239670412847,7.328262329427927,63.33181986206264,66.45099228919919,0.6252214665094349
S5_elasticnet_0.001_0.1,3,22,6,5.314067444724839,19.07563324061645,140.6652766024057,192.63111026978106,-6.5478167923409325
S5_elasticnet_0.001_0.1,4,23,5,6.015773454002324,9.676069235273742,64.02221131265318,89.7248243519157,0.0462615856598092
S5_elasticnet_0.001_0.1,5,23,5,4.810078211964104,14.614213659050296,117.39225941373832,127.68257376458175,0.43042948466871944
S5_elasticnet_0.001_0.5,1,22,6,6.320299050140038,5.29387278811975,47.97704882512975,57.67313063828555,0.9053814206876262
S5_elasticnet_0.001_0.5,2,22,6,5.862414299662575,7.019818095964836,61.35497105842478,66.74193409407998,0.6219325029923388
S5_elasticnet_0.001_0.5,3,22,6,5.728157831647458,16.33549024077302,120.81028329761386,158.98460057334935,-4.141367106070762
S5_elasticnet_0.001_0.5,4,23,5,6.038239309650252,9.409602653217144,62.079255946403556,85.88893765308597,0.12606626539197896
S5_elasticnet_0.001_0.5,5,23,5,4.984260152988999,14.010203415983794,113.38752716670653,124.4358708877403,0.45902720453207024
S5_elasticnet_0.01_0.1,1,22,6,6.232835027874749,5.927672950934421,54.0799337884719,65.54229783945291,0.8777995807148931
S5_elasticnet_0.01_0.1,2,22,6,5.876423783270459,6.670350403293305,59.3829187398679,69.85025333815823,0.5858976094205364
S5_elasticnet_0.01_0.1,3,22,6,5.88696436587702,9.946636680886394,76.4144412105939,91.46353236415293,-0.7016272606056151
S5_elasticnet_0.01_0.1,4,23,5,6.029429830242561,8.315588073699816,54.91772871380201,75.41437542690637,0.3262289929877856
S5_elasticnet_0.01_0.1,5,23,5,5.097216565481655,12.4310984631224,103.28541183881309,117.77709305456001,0.5153748990888987
S5_elasticnet_0.01_0.5,1,22,6,6.702275786342428,8.213882997955743,72.10594586592508,82.41411040705455,0.8067887012017853
S5_elasticnet_0.01_0.5,2,22,6,6.539947352723677,6.669975357105476,60.19941737786845,74.75143116686522,0.52574623170493
S5_elasticnet_0.01_0.5,3,22,6,6.137920642438108,7.722819629809906,59.961112392772954,78.8504443370267,-0.2646687417917759
S5_elasticnet_0.01_0.5,4,23,5,6.628133334678108,7.597158585299732,49.528957702520145,71.70205065391612,0.3909300195264146
S5_elasticnet_0.01_0.5,5,23,5,5.821843766666328,10.676734708589882,87.89331299868336,104.06152658986673,0.6216753595630115
S5_elasticnet_0.1_0.1,1,22,6,7.185447370424535,10.046831690084513,87.0881057999578,98.63255081034882,0.7232612981285202
S5_elasticnet_0.1_0.1,2,22,6,7.649692977717941,6.779323710340275,62.85170376007458,86.14408222371254,0.37017098583328767
S5_elasticnet_0.1_0.1,3,22,6,7.598351564617369,6.144352853008046,46.850295187532744,64.73857779543918,0.14749918422489738
S5_elasticnet_0.1_0.1,4,23,5,7.569933660273047,8.183826716611346,54.22094147601697,73.62208648976896,0.35787395639553643
S5_elasticnet_0.1_0.1,5,23,5,7.011007629335193,10.566708427960144,82.46614556191162,102.85519822014325,0.6303959397427752
S5_elasticnet_0.1_0.5,1,22,6,13.284242585797646,19.110403946686635,155.4529707116117,181.91547223468214,0.058612026103467496
S5_elasticnet_0.1_0.5,2,22,6,13.718783754387228,10.853617343223315,102.4610451975809,134.56480449369698,-0.5368615169790907
S5_elasticnet_0.1_0.5,3,22,6,14.068538172919698,6.64455052442753,49.15386144717701,58.08516846627519,0.3137237001808043
S5_elasticnet_0.1_0.5,4,23,5,13.227848661156443,16.82469326271904,112.31599430128645,116.93573024576204,-0.6199384208710812
S5_elasticnet_0.1_0.5,5,23,5,12.972686219665452,18.818834983636513,136.15130772850617,154.44023376488073,0.1666927829695588
S6_linear,1,22,6,6.519436204977423,4.5503344625366005,40.82679069005309,48.0807839693891,0.9342383880170566
S6_linear,2,22,6,5.397744464515776,7.729127686855184,63.51109524207658,72.2500384767405,0.5569549059058769
S6_linear,3,22,6,4.606640319861781,20.03046704488342,149.8826257843975,196.8113864899427,-6.87896073472952
S6_linear,4,23,5,5.401921858536278,10.913594482699821,70.35803173831323,92.18362378231303,-0.006726717755043188
S6_linear,5,23,5,4.824855791707005,13.048696964596553,106.11136990961647,116.11769139719239,0.528934793249997
S6_ridge_0.1,1,22,6,6.60442960242872,5.145940882929528,46.81775936902466,56.812710975595934,0.908183571318404
S6_ridge_0.1,2,22,6,5.655504600066769,7.659803330076365,63.5814101383163,69.31230809213098,0.592251390603791
S6_ridge_0.1,3,22,6,5.517845815317424,18.648943838092784,137.31385313858647,187.9193677565962,-6.183094494470677
S6_ridge_0.1,4,23,5,5.552959279707027,11.136940967546549,74.53854394059911,91.00753436709799,0.018797291378962577
S6_ridge_0.1,5,23,5,5.0059113448089345,13.272679528382875,107.23114368550564,115.91647131443227,0.5305659943182276
S6_ridge_1,1,22,6,6.632026308580717,5.950081840606108,54.14983271236806,65.8661326757216,0.8765890490231718
S6_ridge_1,2,22,6,6.082143602316292,7.302858487101238,62.37620517356902,64.03532462298406,0.6519745549813534
S6_ridge_1,3,22,6,6.315655482929186,11.312892036272913,84.67987090732994,96.71874504119943,-0.9027853541811881
S6_ridge_1,4,23,5,5.842121063142929,9.38459066907932,62.2507138541549,76.00678308797029,0.31560197850243954
S6_ridge_1,5,23,5,5.442386098531694,12.504951287743626,101.45305527656228,110.58948211660847,0.5727206629757124
S6_ridge_10,1,22,6,6.925502342161262,8.661835602100876,77.42724751676514,91.57591748902118,0.7614431307130783
S6_ridge_10,2,22,6,7.146501321224351,6.6463929053730775,61.07933704086614,79.45116406526533,0.4642375207345194
S6_ridge_10,3,22,6,7.345041100533223,7.568096270274791,55.99411103195757,63.49229641042021,0.18000620776526843
S6_ridge_10,4,23,5,6.932766968152547,10.214848618264302,68.90513502088979,80.29435334285837,0.23620985343656808
S6_ridge_10,5,23,5,6.378200972711371,10.149064802335301,82.57389130402916,96.28174481987878,0.6761289371932453
S6_elasticnet_0.001_0.1,1,22,6,6.584285332851157,5.08892495311581,46.44441691396478,56.60102382974907,0.9088665222619976
S6_elasticnet_0.001_0.1,2,22,6,5.560947574765578,7.676334281208732,63.51794755888892,70.12703979984927,0.5826092884559702
S6_elasticnet_0.001_0.1,3,22,6,5.314067858085124,19.075631377406353,140.6652627953593,192.6310885445709,-6.547815089834036
S6_elasticnet_0.001_0.1,4,23,5,5.585292068366816,11.719796672359648,78.6430516408752,96.10619381332918,-0.09422541408229246
S6_elasticnet_0.001_0.1,5,23,5,4.918479973977011,12.950161374641409,105.13185950304891,114.53195627454325,0.5417129344725827
S6_elasticnet_0.001_0.5,1,22,6,6.549874405778776,5.40651890118837,49.33577172151996,60.043225955468785,0.8974448663542121
S6_elasticnet_0.001_0.5,2,22,6,5.800602150271015,7.558191755917577,63.287842109980865,67.14209473928463,0.6173853987159437
S6_elasticnet_0.001_0.5,3,22,6,5.737666387636833,16.171927040474788,119.63600440461636,156.97624265910468,-4.012291887048119
S6_elasticnet_0.001_0.5,4,23,5,5.655518075303939,10.544578869317153,70.4532229676649,87.17601331792488,0.09967761105183515
S6_elasticnet_0.001_0.5,5,23,5,5.2140372810179425,12.50199090863579,101.92581488623986,111.55621159152489,0.5652177985059215
S6_elasticnet_0.01_0.1,1,22,6,6.563997118192575,5.866889788127704,53.49736135899891,65.11764051340727,0.879377956608604
S6_elasticnet_0.01_0.1,2,22,6,5.945615442201266,7.26714817293269,61.79500235876018,64.26962631544275,0.6494230841539899
S6_elasticnet_0.01_0.1,3,22,6,6.02817622167553,8.49738755954162,65.75527481431796,78.27423654846373,-0.24625288082998908
S6_elasticnet_0.01_0.1,4,23,5,5.94804876787431,8.874360709014766,58.63277515773493,71.9334553467516,0.38699236135320936
S6_elasticnet_0.01_0.1,5,23,5,5.36296501225737,11.544802001106328,95.23329322938835,106.36404483864462,0.6047481317694696
S6_elasticnet_0.01_0.5,1,22,6,7.035332597646315,7.942597068988623,70.20717930957018,81.67337774645573,0.8102462341761812
S6_elasticnet_0.01_0.5,2,22,6,6.734414709437223,6.912407867346413,61.1183467408463,68.46613384566524,0.6021463231748989
S6_elasticnet_0.01_0.5,3,22,6,6.25249275059558,7.564792088266273,58.297252841685896,69.99304116812763,0.003497891161486022
S6_elasticnet_0.01_0.5,4,23,5,6.698294198651447,7.981247704713683,52.57280805762666,69.0600313306737,0.4349881143326375
S6_elasticnet_0.01_0.5,5,23,5,6.036784640038119,10.14432430701925,82.84122847690018,96.85534023071187,0.6722585395818559
S6_elasticnet_0.1_0.1,1,22,6,7.365822704065833,9.846914492363064,85.86216368507688,98.34750608385787,0.7248585177578121
S6_elasticnet_0.1_0.1,2,22,6,7.689910096101493,6.89803714703519,63.391729949367935,82.5937167393122,0.42101703453807715
S6_elasticnet_0.1_0.1,3,22,6,7.5979436284719055,6.177706460021723,46.977822597054534,60.26531473298382,0.26124003438072674
S6_elasticnet_0.1_0.1,4,23,5,7.527193885892953,9.189121324969813,61.71026350012833,74.69016602350005,0.3391073966456737
S6_elasticnet_0.1_0.1,5,23,5,7.068000888924482,10.553995444356412,82.27405165934572,99.13537405765766,0.6566464502180167
S6_elasticnet_0.1_0.5,1,22,6,13.284242585797646,19.110403946686635,155.4529707116117,181.91547223468214,0.058612026103467496
S6_elasticnet_0.1_0.5,2,22,6,13.718783754387228,10.853617343223315,102.4610451975809,134.56480449369698,-0.5368615169790907
S6_elasticnet_0.1_0.5,3,22,6,14.068538172919698,6.64455052442753,49.15386144717701,58.08516846627519,0.3137237001808043
S6_elasticnet_0.1_0.5,4,23,5,13.227848661156443,16.82469326271904,112.31599430128645,116.93573024576204,-0.6199384208710812
S6_elasticnet_0.1_0.5,5,23,5,12.972686219665452,18.818834983636513,136.15130772850617,154.44023376488073,0.1666927829695588
S7_linear,1,22,6,5.972719116509583,8.732662046642481,75.69489522044346,102.78195656937594,0.6994870920180233
S7_linear,2,22,6,4.557743985011674,11.223459394027051,100.59162036742629,114.95701267470953,-0.12161215074313714
S7_linear,3,22,6,4.2745961853906165,20.99303685587896,156.66375711112448,213.07819798683116,-8.235204676486845
S7_linear,4,23,5,4.61353034484638,22.61771885982466,153.08817406013736,219.46435783059567,-4.7060035680432435
S7_linear,5,23,5,4.7807058453822435,12.837042191984855,103.93265199212787,112.91050155326154,0.5545972279321457
S7_ridge_0.1,1,22,6,6.082179798647502,7.024374698417097,62.78149605870605,95.44907614988553,0.7408371017380838
S7_ridge_0.1,2,22,6,4.58642264567586,11.090847401442112,98.9284323332721,111.13229650380605,-0.04821976500327718
S7_ridge_0.1,3,22,6,4.8186472218184315,19.938284719239086,147.0467097739434,202.65318836310018,-7.353632707670103
S7_ridge_0.1,4,23,5,5.237834114066108,14.043221213211485,96.24744165661143,116.2197119802325,-0.6001608158198752
S7_ridge_0.1,5,23,5,4.93592107170416,13.1204133802938,105.9940257790659,114.78436796889837,0.5396907131450936
S7_ridge_1,1,22,6,6.350277261720835,6.761481265190588,61.79173763936573,81.79764125764294,0.8096683859820962
S7_ridge_1,2,22,6,5.0329961688634155,8.98116322496959,80.26773890054157,88.95157896350774,0.32844886162650155
S7_ridge_1,3,22,6,5.710711059135513,11.984384903223559,89.59017383083415,106.54374917659412,-1.3090027210921886
S7_ridge_1,4,23,5,5.537681847701966,10.691796876614372,72.44902618677709,86.65960761879982,0.11031252160345761
S7_ridge_1,5,23,5,5.362757843748692,12.667387140205522,102.94278891839568,113.28927730148258,0.5516038704661624
S7_ridge_10,1,22,6,6.674658150236806,8.63620031167402,78.64415236156144,96.66840226987091,0.7341733911850945
S7_ridge_10,2,22,6,6.415757419289834,6.809603889190956,64.67042221512793,94.51528374579793,0.24181384187666244
S7_ridge_10,3,22,6,7.019831643078088,7.960887062301827,58.7903825830085,68.63948446225734,0.04166682987840231
S7_ridge_10,4,23,5,6.705116414372054,9.230524757606936,61.848942609506594,76.84466477955559,0.3004295080840428
S7_ridge_10,5,23,5,6.258381764935905,9.89108084840861,80.35112222482287,93.41933976449856,0.6950997154028775
S7_elasticnet_0.001_0.1,1,22,6,6.073763941937938,7.315469840481524,65.29074640708859,98.19908228770927,0.7256883654958242
S7_elasticnet_0.001_0.1,2,22,6,4.587498772645423,11.209067903018271,100.02885871158809,112.70644836740732,-0.07812544323835025
S7_elasticnet_0.001_0.1,3,22,6,4.624804792897627,19.659644085456677,145.5921587103551,196.87185325106148,-6.883802816583813
S7_elasticnet_0.001_0.1,4,23,5,5.21737464908175,14.666019012061165,100.76396447916326,123.26942845647127,-0.800175332895602
S7_elasticnet_0.001_0.1,5,23,5,4.866657668689625,12.861272269541587,104.29443486726534,113.44294299391228,0.5503866355523372
S7_elasticnet_0.001_0.5,1,22,6,6.264579581476217,5.935626122317056,53.70434743711966,74.88994846144026,0.8404574853104794
S7_elasticnet_0.001_0.5,2,22,6,4.707384720573436,10.04340496008463,89.49283404375352,99.01452969229388,0.16791129960863627
S7_elasticnet_0.001_0.5,3,22,6,5.1143707234840585,17.68698539639139,130.83857898173957,174.6698220029147,-5.205892520606815
S7_elasticnet_0.001_0.5,4,23,5,5.379006327893325,12.770011019184041,87.41398386999876,106.21070331109696,-0.3364127522008977
S7_elasticnet_0.001_0.5,5,23,5,5.169293177189633,13.236232341327064,108.0632127125488,119.33053199952838,0.5025065168727547
S7_elasticnet_0.01_0.1,1,22,6,6.3973989615892055,6.365077881928418,58.29169149049657,73.87404730973863,0.8447565962984942
S7_elasticnet_0.01_0.1,2,22,6,5.135858663097519,8.629097686647306,76.85293909470755,84.58042589704769,0.3928283269387447
S7_elasticnet_0.01_0.1,3,22,6,5.58900968812212,9.658524086242577,74.14491432284319,86.35518441130124,-0.5168593968356143
S7_elasticnet_0.01_0.1,4,23,5,5.628850388063514,10.46809981340842,71.00597845860906,85.95428339424154,0.12473595270042714
S7_elasticnet_0.01_0.1,5,23,5,5.354572641604586,11.938226237132485,98.2339210111788,109.31502329204832,0.5825120491275187
S7_elasticnet_0.01_0.5,1,22,6,6.755479663116148,7.982502955974434,71.7742016628356,86.87998644120019,0.785281799602987
S7_elasticnet_0.01_0.5,2,22,6,6.528210136277038,7.116174960338811,63.456986906603255,71.67310178270098,0.5640023323937775
S7_elasticnet_0.01_0.5,3,22,6,6.219119399876069,8.139731390777321,62.52141819225875,74.91967318445307,-0.14172166683061316
S7_elasticnet_0.01_0.5,4,23,5,6.656915904614462,7.893449311714152,51.82051016988321,69.27467338486765,0.43147048555864076
S7_elasticnet_0.01_0.5,5,23,5,6.036784640038119,10.14432430701925,82.84122847690018,96.85534023071187,0.6722585395818559
S7_elasticnet_0.1_0.1,1,22,6,7.256312022461428,9.840247247093249,86.58341950606233,100.8579852107141,0.7106323708072759
S7_elasticnet_0.1_0.1,2,22,6,7.689910096101493,6.89803714703519,63.391729949367935,82.5937167393122,0.42101703453807715
S7_elasticnet_0.1_0.1,3,22,6,7.597963388987433,6.177659524172281,46.977434274870724,60.26459600128196,0.26125765536365864
S7_elasticnet_0.1_0.1,4,23,5,7.527193885892953,9.189121324969813,61.71026350012833,74.69016602350005,0.3391073966456737
S7_elasticnet_0.1_0.1,5,23,5,7.068000888924482,10.553995444356412,82.27405165934572,99.13537405765766,0.6566464502180167
S7_elasticnet_0.1_0.5,1,22,6,13.284242585797646,19.110403946686635,155.4529707116117,181.91547223468214,0.058612026103467496
S7_elasticnet_0.1_0.5,2,22,6,13.718783754387228,10.853617343223315,102.4610451975809,134.56480449369698,-0.5368615169790907
S7_elasticnet_0.1_0.5,3,22,6,14.068538172919698,6.64455052442753,49.15386144717701,58.08516846627519,0.3137237001808043
S7_elasticnet_0.1_0.5,4,23,5,13.227848661156443,16.82469326271904,112.31599430128645,116.93573024576204,-0.6199384208710812
S7_elasticnet_0.1_0.5,5,23,5,12.972686219665452,18.818834983636513,136.15130772850617,154.44023376488073,0.1666927829695588
