rank,candidate,stage,title,target,model,n_features,cv_mape_pct,cv_mape_std_pp,oof_mape_pct,oof_mae,oof_rmse,oof_r2,convergence_warning_count,feature_names
1,S3_ridge_1,S3,+ 초기 용량 특징,log10,ridge_1,5,7.697923629191938,0.8641459227825354,7.660069835545154,61.66968431351688,78.29215908948125,0.7055892347272903,0,"log10_delta_Q_var,delta_Q_min,qd_initial_median,qd_fraction_change,early_drop_per100"
2,S3_elasticnet_0.01_0.5,S3,+ 초기 용량 특징,log10,elasticnet_0.01_0.5,5,7.848317273536395,0.9304499240939204,7.822060074040357,63.50628572220959,80.85634508049533,0.6859886408357004,0,"log10_delta_Q_var,delta_Q_min,qd_initial_median,qd_fraction_change,early_drop_per100"
3,S3_linear,S3,+ 초기 용량 특징,log10,linear,5,7.902612280854855,2.4704362779278273,7.844559417184081,62.83773195620984,87.55897841106186,0.631770551106857,0,"log10_delta_Q_var,delta_Q_min,qd_initial_median,qd_fraction_change,early_drop_per100"
4,S3_elasticnet_0.01_0.1,S3,+ 초기 용량 특징,log10,elasticnet_0.01_0.1,5,7.9263320743315635,1.011279238225867,7.883904674472656,63.287625896007576,80.59735064372457,0.6879970656218362,0,"log10_delta_Q_var,delta_Q_min,qd_initial_median,qd_fraction_change,early_drop_per100"
5,S3_ridge_0.1,S3,+ 초기 용량 특징,log10,ridge_0.1,5,8.048015078124513,1.5130482061207349,7.9777083705791325,63.700474087383704,82.26175273825378,0.6749777714680076,0,"log10_delta_Q_var,delta_Q_min,qd_initial_median,qd_fraction_change,early_drop_per100"
6,S6_elasticnet_0.01_0.5,S6,+ 충전시간 중앙값,log10,elasticnet_0.01_0.5,9,8.109073807266848,1.2159924521792858,8.040951507366875,64.8145305723303,77.52748173171263,0.7113121534237509,0,"log10_delta_Q_var,delta_Q_min,qd_initial_median,qd_fraction_change,early_drop_per100,ir_fraction_change,tavg_change,temperature_spread,median_chargetime"
7,S3_elasticnet_0.001_0.5,S3,+ 초기 용량 특징,log10,elasticnet_0.001_0.5,5,8.157771838997988,1.3566867953437216,8.083892818674878,64.37696659676236,82.07242607424965,0.6764721369516847,0,"log10_delta_Q_var,delta_Q_min,qd_initial_median,qd_fraction_change,early_drop_per100"
8,S5_elasticnet_0.01_0.5,S5,+ 온도 변화,log10,elasticnet_0.01_0.5,8,8.176114255752147,1.5052947547998505,8.107483370666959,65.73965026162202,82.68560392230908,0.6716198084623359,0,"log10_delta_Q_var,delta_Q_min,qd_initial_median,qd_fraction_change,early_drop_per100,ir_fraction_change,tavg_change,temperature_spread"
9,S3_ridge_10,S3,+ 초기 용량 특징,log10,ridge_10,5,8.190623012756289,1.2754546650755683,8.166640863571658,66.58706608630948,86.03256646813355,0.64449729984111,0,"log10_delta_Q_var,delta_Q_min,qd_initial_median,qd_fraction_change,early_drop_per100"
10,S3_elasticnet_0.001_0.1,S3,+ 초기 용량 특징,log10,elasticnet_0.001_0.1,5,8.216000894213156,1.6287400932326586,8.147307532458715,65.0202685673077,84.28447687861595,0.658797395479844,0,"log10_delta_Q_var,delta_Q_min,qd_initial_median,qd_fraction_change,early_drop_per100"
11,S7_elasticnet_0.01_0.5,S7,+ C1·전환 SOC·C2,log10,elasticnet_0.01_0.5,12,8.255236585164795,1.1274671746513454,8.200690140578944,66.42229763586082,80.33155057065197,0.6900515662971172,0,"log10_delta_Q_var,delta_Q_min,qd_initial_median,qd_fraction_change,early_drop_per100,ir_fraction_change,tavg_change,temperature_spread,median_chargetime,C1,switch_SOC,C2"
12,S4_ridge_10,S4,+ IR 변화율,log10,ridge_10,6,8.33256582987309,1.1366210595841517,8.333250711067288,67.86813570744998,86.97152283909162,0.6366950666177398,0,"log10_delta_Q_var,delta_Q_min,qd_initial_median,qd_fraction_change,early_drop_per100,ir_fraction_change"
13,S5_elasticnet_0.1_0.1,S5,+ 온도 변화,log10,elasticnet_0.1_0.1,8,8.344208679600865,1.9463031139926485,8.270561615837659,66.57771655982263,86.19716098221885,0.6431357278255091,0,"log10_delta_Q_var,delta_Q_min,qd_initial_median,qd_fraction_change,early_drop_per100,ir_fraction_change,tavg_change,temperature_spread"
14,S3_elasticnet_0.1_0.1,S3,+ 초기 용량 특징,log10,elasticnet_0.1_0.1,5,8.40815443419433,2.078518433376956,8.329328831141424,67.49304899431901,86.05144637243232,0.6443412521095759,0,"log10_delta_Q_var,delta_Q_min,qd_initial_median,qd_fraction_change,early_drop_per100"
15,S4_elasticnet_0.1_0.1,S4,+ IR 변화율,log10,elasticnet_0.1_0.1,6,8.40815443419433,2.078518433376956,8.329328831141424,67.49304899431901,86.05144637243232,0.6443412521095759,0,"log10_delta_Q_var,delta_Q_min,qd_initial_median,qd_fraction_change,early_drop_per100,ir_fraction_change"
16,S6_elasticnet_0.01_0.1,S6,+ 충전시간 중앙값,log10,elasticnet_0.01_0.1,9,8.410117646144622,2.1109103971353655,8.281584524079198,66.27200618314566,77.78751934478551,0.7093723098016991,0,"log10_delta_Q_var,delta_Q_min,qd_initial_median,qd_fraction_change,early_drop_per100,ir_fraction_change,tavg_change,temperature_spread,median_chargetime"
17,S7_ridge_10,S7,+ C1·전환 SOC·C2,log10,ridge_10,12,8.50565937383647,1.1869334966265783,8.430291986038519,68.70107382606552,86.82847702979913,0.637889170354001,0,"log10_delta_Q_var,delta_Q_min,qd_initial_median,qd_fraction_change,early_drop_per100,ir_fraction_change,tavg_change,temperature_spread,median_chargetime,C1,switch_SOC,C2"
18,S7_elasticnet_0.1_0.1,S7,+ C1·전환 SOC·C2,log10,elasticnet_0.1_0.1,12,8.531812137525389,1.900298553963513,8.436115977015552,67.91560993497058,84.68164689662797,0.6555741510263983,0,"log10_delta_Q_var,delta_Q_min,qd_initial_median,qd_fraction_change,early_drop_per100,ir_fraction_change,tavg_change,temperature_spread,median_chargetime,C1,switch_SOC,C2"
19,S6_elasticnet_0.1_0.1,S6,+ 충전시간 중앙값,log10,elasticnet_0.1_0.1,9,8.53315497374924,1.9014336789896935,8.437554730112536,67.76113832808451,84.04662596193923,0.6607204267424831,0,"log10_delta_Q_var,delta_Q_min,qd_initial_median,qd_fraction_change,early_drop_per100,ir_fraction_change,tavg_change,temperature_spread,median_chargetime"
20,S5_ridge_10,S5,+ 온도 변화,log10,ridge_10,8,8.557386146499564,1.6677269108590285,8.460479548023327,69.06778838755861,87.12231059099878,0.6354342073908079,0,"log10_delta_Q_var,delta_Q_min,qd_initial_median,qd_fraction_change,early_drop_per100,ir_fraction_change,tavg_change,temperature_spread"
21,S4_elasticnet_0.01_0.5,S4,+ IR 변화율,log10,elasticnet_0.01_0.5,6,8.588674736555841,1.9385310271161236,8.615300212989766,69.00245495440335,87.97008116923698,0.6283046468383823,0,"log10_delta_Q_var,delta_Q_min,qd_initial_median,qd_fraction_change,early_drop_per100,ir_fraction_change"
22,S6_ridge_10,S6,+ 충전시간 중앙값,log10,ridge_10,9,8.64804763966967,1.5717048524325201,8.538482706053232,68.72854661293313,82.5846394516478,0.6724212657561378,0,"log10_delta_Q_var,delta_Q_min,qd_initial_median,qd_fraction_change,early_drop_per100,ir_fraction_change,tavg_change,temperature_spread,median_chargetime"
23,S5_elasticnet_0.01_0.1,S5,+ 온도 변화,log10,elasticnet_0.01_0.1,8,8.658269314387265,2.6181834726825084,8.535764031956996,68.93855232845279,85.15457144156773,0.6517163545509334,0,"log10_delta_Q_var,delta_Q_min,qd_initial_median,qd_fraction_change,early_drop_per100,ir_fraction_change,tavg_change,temperature_spread"
24,S0_linear,S0,기존: 원 수명·분산,raw,linear,1,9.284543968596477,1.5900001169040912,9.195025435907715,74.46997621698063,92.1233324313707,0.5923791169888,0,log10_delta_Q_var
25,S6_ridge_1,S6,+ 충전시간 중앙값,log10,ridge_1,9,9.29107486416064,2.717569239905742,9.172953713142725,72.348367800471,83.83564669817511,0.6624216517516326,0,"log10_delta_Q_var,delta_Q_min,qd_initial_median,qd_fraction_change,early_drop_per100,ir_fraction_change,tavg_change,temperature_spread,median_chargetime"
26,S1_linear,S1,로그 수명,log10,linear,1,9.346058324035186,1.9996780116427901,9.259939043986819,74.99786965590488,93.6409583234446,0.5788383237246957,0,log10_delta_Q_var
27,S1_elasticnet_0.001_0.1,S1,로그 수명,log10,elasticnet_0.001_0.1,1,9.348906499902927,2.009732996681644,9.262388591658334,75.01151690999124,93.62791864825017,0.5789556106296756,0,log10_delta_Q_var
28,S1_ridge_0.1,S1,로그 수명,log10,ridge_0.1,1,9.351475228055616,2.016426072328208,9.264304261555475,75.01883182311374,93.60643157413216,0.5791488430332816,0,log10_delta_Q_var
29,S1_elasticnet_0.001_0.5,S1,로그 수명,log10,elasticnet_0.001_0.5,1,9.367122347304258,2.0282262863920186,9.27869923865806,75.11161122249749,93.61001327626107,0.5791166360086583,0,log10_delta_Q_var
30,S7_elasticnet_0.01_0.1,S7,+ C1·전환 SOC·C2,log10,elasticnet_0.01_0.1,12,9.411805141071842,2.0889357444732712,9.283851006486229,75.06917024275796,88.05440949231682,0.6275916892318647,0,"log10_delta_Q_var,delta_Q_min,qd_initial_median,qd_fraction_change,early_drop_per100,ir_fraction_change,tavg_change,temperature_spread,median_chargetime,C1,switch_SOC,C2"
31,S1_elasticnet_0.01_0.1,S1,로그 수명,log10,elasticnet_0.01_0.1,1,9.416438776299634,2.081983885052434,9.3218902998459,75.36529622963545,93.55937865220041,0.5795718331915242,0,log10_delta_Q_var
32,S1_ridge_1,S1,로그 수명,log10,ridge_1,1,9.455110589525368,2.1522733318750027,9.352902224813443,75.51355191506275,93.45358086663897,0.5805221434709644,0,log10_delta_Q_var
33,S2_ridge_1,S2,+ ΔQ 최솟값,log10,ridge_1,2,9.499850221079356,1.9344904500731344,9.389683116965601,76.28145801000156,95.35595960337048,0.5632701984815485,0,"log10_delta_Q_var,delta_Q_min"
34,S2_elasticnet_0.01_0.1,S2,+ ΔQ 최솟값,log10,elasticnet_0.01_0.1,2,9.603093553344188,2.0420585842093764,9.482806044181146,77.00044759722105,96.22715173787637,0.555253633558982,0,"log10_delta_Q_var,delta_Q_min"
35,S1_elasticnet_0.01_0.5,S1,로그 수명,log10,elasticnet_0.01_0.5,1,9.618111945361004,2.3367729285897627,9.502823187432686,76.47283956076537,93.88958451064136,0.5765989012782363,0,log10_delta_Q_var
36,S4_elasticnet_0.01_0.1,S4,+ IR 변화율,log10,elasticnet_0.01_0.1,6,9.664530939129964,5.106093144665515,9.781748820366355,76.61908115275654,116.70414381504365,0.34583139136870544,0,"log10_delta_Q_var,delta_Q_min,qd_initial_median,qd_fraction_change,early_drop_per100,ir_fraction_change"
37,S4_ridge_1,S4,+ IR 변화율,log10,ridge_1,6,9.747542376962532,5.481725670517276,9.882981616052048,77.22658905658022,121.55840588582723,0.29027984528916584,0,"log10_delta_Q_var,delta_Q_min,qd_initial_median,qd_fraction_change,early_drop_per100,ir_fraction_change"
38,S2_elasticnet_0.001_0.5,S2,+ ΔQ 최솟값,log10,elasticnet_0.001_0.5,2,9.765898803169318,2.2141235082860375,9.635336203614798,78.07927816473241,97.47487494957184,0.5436453083751489,0,"log10_delta_Q_var,delta_Q_min"
39,S2_elasticnet_0.01_0.5,S2,+ ΔQ 최솟값,log10,elasticnet_0.01_0.5,2,9.809405419953134,2.3328050985542306,9.666786981981339,78.10776708858371,96.7136272253859,0.5507454443424924,0,"log10_delta_Q_var,delta_Q_min"
40,S5_ridge_1,S5,+ 온도 변화,log10,ridge_1,8,9.834053213783612,3.992118458976194,9.757717022260675,77.07682190136234,97.62174225226863,0.5422690752578696,0,"log10_delta_Q_var,delta_Q_min,qd_initial_median,qd_fraction_change,early_drop_per100,ir_fraction_change,tavg_change,temperature_spread"
41,S2_ridge_0.1,S2,+ ΔQ 최솟값,log10,ridge_0.1,2,9.87722909999597,2.5092269200079134,9.735591631088349,78.72747856274691,98.23815107231201,0.5364703637289183,0,"log10_delta_Q_var,delta_Q_min"
42,S2_ridge_10,S2,+ ΔQ 최솟값,log10,ridge_10,2,9.905470401376945,2.596443849689626,9.75246223733139,78.34914278214215,96.28531570948546,0.5547158220886514,0,"log10_delta_Q_var,delta_Q_min"
43,S2_elasticnet_0.001_0.1,S2,+ ΔQ 최솟값,log10,elasticnet_0.001_0.1,2,9.978560288291368,2.650524095075943,9.827663599012489,79.37281357088895,99.00257118585021,0.5292285752397283,0,"log10_delta_Q_var,delta_Q_min"
44,S2_linear,S2,+ ΔQ 최솟값,log10,linear,2,10.095973727804415,2.863450214682807,9.934070876650255,80.09703087054451,99.9001490355369,0.5206536568477269,0,"log10_delta_Q_var,delta_Q_min"
45,S2_elasticnet_0.1_0.1,S2,+ ΔQ 최솟값,log10,elasticnet_0.1_0.1,2,10.106479187777305,2.761012724833018,9.946606702653826,79.73255022125117,97.59055252528628,0.5425615146592604,0,"log10_delta_Q_var,delta_Q_min"
46,S1_elasticnet_0.1_0.1,S1,로그 수명,log10,elasticnet_0.1_0.1,1,10.195900311758148,3.08057082772111,10.03364768384746,79.92485843764753,96.82703626462073,0.5496912102827244,0,log10_delta_Q_var
47,S7_ridge_1,S7,+ C1·전환 SOC·C2,log10,ridge_1,12,10.217242682040725,2.3885864320625623,10.112789158728642,80.95917777679686,95.88880981651985,0.558375658774235,0,"log10_delta_Q_var,delta_Q_min,qd_initial_median,qd_fraction_change,early_drop_per100,ir_fraction_change,tavg_change,temperature_spread,median_chargetime,C1,switch_SOC,C2"
48,S4_linear,S4,+ IR 변화율,log10,linear,6,10.317518062182359,7.295462079066687,10.446468470407403,80.7740114634151,134.32813730180507,0.13333525284369263,0,"log10_delta_Q_var,delta_Q_min,qd_initial_median,qd_fraction_change,early_drop_per100,ir_fraction_change"
49,S4_ridge_0.1,S4,+ IR 변화율,log10,ridge_0.1,6,10.392554652397378,6.646545149050292,10.531938525432963,81.49371448371497,135.49068435543396,0.11826918469876746,0,"log10_delta_Q_var,delta_Q_min,qd_initial_median,qd_fraction_change,early_drop_per100,ir_fraction_change"
50,S4_elasticnet_0.001_0.5,S4,+ IR 변화율,log10,elasticnet_0.001_0.5,6,10.41041541187133,6.220494587033416,10.53322984364856,81.3456795976846,132.0429997615022,0.1625711655094052,0,"log10_delta_Q_var,delta_Q_min,qd_initial_median,qd_fraction_change,early_drop_per100,ir_fraction_change"
51,S5_elasticnet_0.001_0.5,S5,+ 온도 변화,log10,elasticnet_0.001_0.5,8,10.41379743881171,4.6567615616780635,10.321218467683941,80.64956195187717,105.66906760800617,0.46369370201666993,0,"log10_delta_Q_var,delta_Q_min,qd_initial_median,qd_fraction_change,early_drop_per100,ir_fraction_change,tavg_change,temperature_spread"
52,S6_elasticnet_0.001_0.5,S6,+ 충전시간 중앙값,log10,elasticnet_0.001_0.5,9,10.436641495106736,4.205901365180541,10.359024109830326,80.55188923879382,102.9477974482061,0.4909607561644145,0,"log10_delta_Q_var,delta_Q_min,qd_initial_median,qd_fraction_change,early_drop_per100,ir_fraction_change,tavg_change,temperature_spread,median_chargetime"
53,S1_ridge_10,S1,로그 수명,log10,ridge_10,1,10.578916670358847,3.42538466634919,10.395148056046601,82.4736502844293,99.17102645362804,0.5276251543539224,0,log10_delta_Q_var
54,S4_elasticnet_0.001_0.1,S4,+ IR 변화율,log10,elasticnet_0.001_0.1,6,10.608746400232333,6.6754611668195745,10.742491102642616,82.94168925389623,136.46072524804862,0.10559854612060804,0,"log10_delta_Q_var,delta_Q_min,qd_initial_median,qd_fraction_change,early_drop_per100,ir_fraction_change"
55,S5_ridge_0.1,S5,+ 온도 변화,log10,ridge_0.1,8,11.125810224540393,5.518970941563176,11.065821789669807,85.69805771044874,116.79902791552819,0.3447672400803733,0,"log10_delta_Q_var,delta_Q_min,qd_initial_median,qd_fraction_change,early_drop_per100,ir_fraction_change,tavg_change,temperature_spread"
56,S6_ridge_0.1,S6,+ 충전시간 중앙값,log10,ridge_0.1,9,11.17286170940562,5.219379345110212,11.099151099508543,85.54023478593172,114.74636812254423,0.3675953666556484,0,"log10_delta_Q_var,delta_Q_min,qd_initial_median,qd_fraction_change,early_drop_per100,ir_fraction_change,tavg_change,temperature_spread,median_chargetime"
57,S5_elasticnet_0.001_0.1,S5,+ 온도 변화,log10,elasticnet_0.001_0.1,8,11.233469390357683,5.562961656994842,11.168349957728802,86.46416179575951,118.04522051580204,0.33071057676343774,0,"log10_delta_Q_var,delta_Q_min,qd_initial_median,qd_fraction_change,early_drop_per100,ir_fraction_change,tavg_change,temperature_spread"
58,S6_linear,S6,+ 충전시간 중앙값,log10,linear,9,11.254444128314315,5.867858262960275,11.202536871504751,85.98821709067182,117.64125308080769,0.33528354475442235,0,"log10_delta_Q_var,delta_Q_min,qd_initial_median,qd_fraction_change,early_drop_per100,ir_fraction_change,tavg_change,temperature_spread,median_chargetime"
59,S6_elasticnet_0.001_0.1,S6,+ 충전시간 중앙값,log10,elasticnet_0.001_0.1,9,11.30216973174639,5.363489723740508,11.228397639478237,86.52286854746067,116.97666598636336,0.3427726550782694,0,"log10_delta_Q_var,delta_Q_min,qd_initial_median,qd_fraction_change,early_drop_per100,ir_fraction_change,tavg_change,temperature_spread,median_chargetime"
60,S7_elasticnet_0.001_0.5,S7,+ C1·전환 SOC·C2,log10,elasticnet_0.001_0.5,12,11.934451967860834,4.331466328685209,11.858118416975499,93.62859091744336,119.99018054486213,0.3084739258739916,0,"log10_delta_Q_var,delta_Q_min,qd_initial_median,qd_fraction_change,early_drop_per100,ir_fraction_change,tavg_change,temperature_spread,median_chargetime,C1,switch_SOC,C2"
61,S5_linear,S5,+ 온도 변화,log10,linear,8,11.98808512055502,6.750979825833222,11.965091258816377,92.13357868841341,130.62668660550335,0.18043959534487652,0,"log10_delta_Q_var,delta_Q_min,qd_initial_median,qd_fraction_change,early_drop_per100,ir_fraction_change,tavg_change,temperature_spread"
62,S7_ridge_0.1,S7,+ C1·전환 SOC·C2,log10,ridge_0.1,12,13.043428282520717,4.706010413236445,13.004971924361291,102.2766845062113,134.7733192412857,0.1275812412588283,0,"log10_delta_Q_var,delta_Q_min,qd_initial_median,qd_fraction_change,early_drop_per100,ir_fraction_change,tavg_change,temperature_spread,median_chargetime,C1,switch_SOC,C2"
63,S7_elasticnet_0.001_0.1,S7,+ C1·전환 SOC·C2,log10,elasticnet_0.001_0.1,12,13.142294622111843,4.543286425864274,13.097912406491163,103.24152070379763,134.55604856408226,0.13039186024710836,0,"log10_delta_Q_var,delta_Q_min,qd_initial_median,qd_fraction_change,early_drop_per100,ir_fraction_change,tavg_change,temperature_spread,median_chargetime,C1,switch_SOC,C2"
64,S1_elasticnet_0.1_0.5,S1,로그 수명,log10,elasticnet_0.1_0.5,1,14.410068601217414,5.516757631159906,14.17458819438723,109.87184240715571,135.30105423342206,0.1207355640819111,0,log10_delta_Q_var
65,S2_elasticnet_0.1_0.5,S2,+ ΔQ 최솟값,log10,elasticnet_0.1_0.5,2,14.450420012138608,5.484164954671074,14.209609718492953,110.16942051025647,135.63048918748245,0.11644863405700501,0,"log10_delta_Q_var,delta_Q_min"
66,S3_elasticnet_0.1_0.5,S3,+ 초기 용량 특징,log10,elasticnet_0.1_0.5,5,14.450420012138608,5.484164954671074,14.209609718492953,110.16942051025647,135.63048918748245,0.11644863405700501,0,"log10_delta_Q_var,delta_Q_min,qd_initial_median,qd_fraction_change,early_drop_per100"
67,S4_elasticnet_0.1_0.5,S4,+ IR 변화율,log10,elasticnet_0.1_0.5,6,14.450420012138608,5.484164954671074,14.209609718492953,110.16942051025647,135.63048918748245,0.11644863405700501,0,"log10_delta_Q_var,delta_Q_min,qd_initial_median,qd_fraction_change,early_drop_per100,ir_fraction_change"
68,S5_elasticnet_0.1_0.5,S5,+ 온도 변화,log10,elasticnet_0.1_0.5,8,14.450420012138608,5.484164954671074,14.209609718492953,110.16942051025647,135.63048918748245,0.11644863405700501,0,"log10_delta_Q_var,delta_Q_min,qd_initial_median,qd_fraction_change,early_drop_per100,ir_fraction_change,tavg_change,temperature_spread"
69,S6_elasticnet_0.1_0.5,S6,+ 충전시간 중앙값,log10,elasticnet_0.1_0.5,9,14.450420012138608,5.484164954671074,14.209609718492953,110.16942051025647,135.63048918748245,0.11644863405700501,0,"log10_delta_Q_var,delta_Q_min,qd_initial_median,qd_fraction_change,early_drop_per100,ir_fraction_change,tavg_change,temperature_spread,median_chargetime"
70,S7_elasticnet_0.1_0.5,S7,+ C1·전환 SOC·C2,log10,elasticnet_0.1_0.5,12,14.450420012138608,5.484164954671074,14.209609718492953,110.16942051025647,135.63048918748245,0.11644863405700501,0,"log10_delta_Q_var,delta_Q_min,qd_initial_median,qd_fraction_change,early_drop_per100,ir_fraction_change,tavg_change,temperature_spread,median_chargetime,C1,switch_SOC,C2"
71,S7_linear,S7,+ C1·전환 SOC·C2,log10,linear,12,15.2807838696716,6.159791066369965,15.106026965654948,117.24306308768898,160.3184678220699,-0.23448055511107024,0,"log10_delta_Q_var,delta_Q_min,qd_initial_median,qd_fraction_change,early_drop_per100,ir_fraction_change,tavg_change,temperature_spread,median_chargetime,C1,switch_SOC,C2"
