batch,cell_id,cycle_life,charging_policy,source_file,early_records,empty_early_records,input_max_cycle,mean_QD,std_QD,mean_IR,valid_IR_records,mean_Tavg,mean_Tmax,mean_chargetime,median_chargetime,delta_Q_mean,delta_Q_min,delta_Q_var,log10_delta_Q_var,delta_status,C1,switch_SOC,C2,has_newstructure,early_drop_per100,model_eligible,label_status,label_eligible,audit_reason
Batch1,0,1190.0,3.6C(80%)-3.6C,2017-05-12_batchdata_updated_struct_errorcorrect.mat,99,1,100.0,1.0805965747474746,0.04656237053645519,0.01664332204040404,99,31.603747328822767,35.376748303030304,13.384230505050484,13.358211666666708,-0.0028734152246919164,-0.008459642934268818,9.663600264771342e-06,-5.014861042960788,ok,3.6,80.0,3.6,False,-0.00018078029941040233,False,exclude_continuation_pending_merge,False,Official continued test; local endpoint well above EOL; no verified continuation identity.
Batch1,1,1179.0,3.6C(80%)-3.6C,2017-05-12_batchdata_updated_struct_errorcorrect.mat,99,1,100.0,1.0812468797979797,0.0011909795450513007,0.0169217703877551,98,31.33031430692745,34.16065478787879,13.374696464646446,13.341623333333215,-0.00409961462134519,-0.011003816596621974,9.683678956852016e-06,-5.013959617162855,ok,3.6,80.0,3.6,False,0.0014134150342413783,False,exclude_continuation_pending_merge,False,Official continued test; local endpoint well above EOL; no verified continuation identity.
Batch1,2,1177.0,3.6C(80%)-3.6C,2017-05-12_batchdata_updated_struct_errorcorrect.mat,99,1,100.0,1.0853711969696969,0.0010255172720119404,0.016768978602040817,98,31.47958411321121,34.54464383838384,13.378886329966337,13.341569999999773,-0.004486734282886989,-0.017216391849644463,1.8323155109711005e-05,-4.7369997419805365,ok,3.6,80.0,3.6,False,0.0005360238891547236,False,exclude_continuation_pending_merge,False,Official continued test; local endpoint well above EOL; no verified continuation identity.
Batch1,3,1226.0,4C(80%)-4C,2017-05-12_batchdata_updated_struct_errorcorrect.mat,99,1,100.0,1.0849489696969699,0.0010963475152406647,0.016310912734693876,98,29.942198807956427,30.662263141414144,12.053277171717166,12.092243333333318,-0.007455784700018413,-0.018960539773269502,3.608997994486938e-05,-4.442613359277012,ok,4.0,80.0,4.0,False,-0.00031674199713293915,False,exclude_continuation_pending_merge,False,Official continued test; local endpoint well above EOL; no verified continuation identity.
Batch1,4,1227.0,4C(80%)-4C,2017-05-12_batchdata_updated_struct_errorcorrect.mat,99,1,100.0,1.082843531313131,0.001095028753107385,0.016668886163265305,98,31.44888383416564,34.38251588888889,12.053313636363642,12.092204999999861,-0.005750008121960181,-0.013957995093677344,2.2503824885676158e-05,-4.647743660307859,ok,4.0,80.0,4.0,False,-0.000548073817487274,False,exclude_continuation_pending_merge,False,Official continued test; local endpoint well above EOL; no verified continuation identity.
Batch1,5,1074.0,4.4C(80%)-4.4C,2017-05-12_batchdata_updated_struct_errorcorrect.mat,99,1,100.0,1.0803274434343435,0.0010474769149627693,0.016270388575757577,99,30.92149771366389,33.02000678787879,15.07576803030309,10.91741500000062,-0.01107391297973859,-0.025178778949337288,6.624026126041227e-05,-4.178877963304522,ok,4.4,80.0,4.4,False,0.00013512876254173346,True,stop_boundary_asprovided,True,Raw label equals observed max+1 and endpoint is within 0.005 Ah above threshold; exact crossing unobserved.
Batch1,6,636.0,4.8C(80%)-4.8C,2017-05-12_batchdata_updated_struct_errorcorrect.mat,99,1,100.0,1.0809117848484848,0.0011514053246823603,0.01667571006122449,98,32.27384521945563,35.79263145454546,10.04485760942758,10.008315000000099,-0.015965056248274823,-0.03788603931347978,0.00017026371292231957,-3.7688779002277237,ok,4.8,80.0,4.8,False,0.0020778099219621138,True,stop_boundary_asprovided,True,Raw label equals observed max+1 and endpoint is within 0.005 Ah above threshold; exact crossing unobserved.
Batch1,7,870.0,4.8C(80%)-4.8C,2017-05-12_batchdata_updated_struct_errorcorrect.mat,99,1,100.0,1.0969264323232324,0.0008160083405221343,0.016213918408163264,98,31.990084509217034,35.32269474747474,10.044094528619514,10.009005000000373,-0.016645727245619735,-0.03823338650707442,0.00015364340477588736,-3.8134860773269867,ok,4.8,80.0,4.8,False,0.001504458512502025,True,stop_boundary_asprovided,True,Raw label equals observed max+1 and endpoint is within 0.005 Ah above threshold; exact crossing unobserved.
Batch1,8,879.0,5.4C(40%)-3.6C,2017-05-12_batchdata_updated_struct_errorcorrect.mat,99,1,100.0,1.0947719373737375,0.0008728084188628772,0.016711705707070708,99,32.076506270161325,34.45206194949494,11.24361163299663,11.20847000000067,-0.012818967232022799,-0.030807702259195047,9.97253091328456e-05,-4.001194608771134,ok,5.4,40.0,3.6,False,0.0008169471253381249,False,exclude_official_unfinished,False,Official unfinished Batch1 index and local endpoint above 0.885 Ah.
Batch1,9,1054.0,5.4C(40%)-3.6C,2017-05-12_batchdata_updated_struct_errorcorrect.mat,99,1,100.0,1.0876998484848484,0.0009772024093552619,0.01683536523232323,99,32.64153361126789,35.98493365656566,11.241857609427619,11.208363333333303,-0.011510600568480111,-0.028724475696229934,8.72200481780871e-05,-4.059383677769545,ok,5.4,40.0,3.6,False,-0.000490858655836961,True,stop_boundary_asprovided,True,Raw label equals observed max+1 and endpoint is within 0.005 Ah above threshold; exact crossing unobserved.
Batch1,10,906.0,5.4C(50%)-3C,2017-05-12_batchdata_updated_struct_errorcorrect.mat,99,1,100.0,1.0817046181818184,0.001579220410833336,0.016563968428571427,98,33.208150668462316,36.87145022222223,11.688040235690274,11.652169999999993,-0.010668007843734223,-0.026992931922526497,9.493510903192643e-05,-4.022573146487059,ok,5.4,50.0,3.0,False,-0.0006086900780380068,False,exclude_official_unfinished,False,Official unfinished Batch1 index and local endpoint above 0.885 Ah.
Batch1,11,788.0,5.4C(50%)-3C,2017-05-12_batchdata_updated_struct_errorcorrect.mat,99,1,100.0,1.060083885858586,0.0014342920160654257,0.01620072782653061,98,32.75932260623101,36.23175358585859,11.684114427609464,11.652381666667255,-0.008378205102529986,-0.023691513033622602,7.130228856858242e-05,-4.146896530502188,ok,5.4,50.0,3.0,False,-0.0004718680522376375,True,stop_boundary_asprovided,True,Raw label equals observed max+1 and endpoint is within 0.005 Ah above threshold; exact crossing unobserved.
Batch1,12,902.0,5.4C(50%)-3.6C,2017-05-12_batchdata_updated_struct_errorcorrect.mat,99,1,100.0,1.082155223232323,0.0008676591348281112,0.01643905623232323,99,33.4580219141428,37.448847525252525,10.68385405723906,10.65295333333294,-0.011237958333707347,-0.027438869587688153,7.495650888780392e-05,-4.125190648988873,ok,5.4,50.0,3.6,False,-2.6216913521273646e-05,False,exclude_official_unfinished,False,Official unfinished Batch1 index and local endpoint above 0.885 Ah.
Batch1,13,897.0,5.4C(50%)-3.6C,2017-05-12_batchdata_updated_struct_errorcorrect.mat,99,1,100.0,1.0842732373737374,0.0008261310229366408,0.01703655094949495,99,32.09216634315908,34.67959250505051,10.685353013468022,10.65265833333348,-0.013148734381658471,-0.029137075239816568,8.953514522265102e-05,-4.048006457642694,ok,5.4,50.0,3.6,False,0.0007772293358810528,False,exclude_official_unfinished,False,Official unfinished Batch1 index and local endpoint above 0.885 Ah.
Batch1,14,880.0,5.4C(60%)-3C,2017-05-12_batchdata_updated_struct_errorcorrect.mat,99,1,100.0,1.0761029171717171,0.0012270028331920458,0.016975001838383838,99,33.07746279993842,36.63094507070707,14.925935387205387,10.763341666666626,-0.011946218223467892,-0.0282939556930506,8.993529426869348e-05,-4.046069839990279,ok,5.4,60.0,3.0,False,-0.0013099592291774633,True,stop_boundary_asprovided,True,Raw label equals observed max+1 and endpoint is within 0.005 Ah above threshold; exact crossing unobserved.
Batch1,15,719.0,5.4C(60%)-3C,2017-05-12_batchdata_updated_struct_errorcorrect.mat,99,1,100.0,1.0676568858585858,0.00140079990792507,0.016839986434343434,99,33.147720104395674,37.056188636363636,14.92770846801342,10.763519999999941,-0.011013089313180444,-0.02894455469678503,9.595130743781206e-05,-4.017949103167607,ok,5.4,60.0,3.0,False,-0.0013269057971015026,True,stop_boundary_asprovided,True,Raw label equals observed max+1 and endpoint is within 0.005 Ah above threshold; exact crossing unobserved.
Batch1,16,862.0,5.4C(60%)-3.6C,2017-05-12_batchdata_updated_struct_errorcorrect.mat,99,1,100.0,1.0864695565656566,0.0012032831895770354,0.016697524142857148,98,32.41716254671688,35.85141423232323,10.12547436026938,10.09699833333337,-0.012403806163792485,-0.027606674842371115,7.954013514589506e-05,-4.099413675443745,ok,5.4,60.0,3.6,False,-0.001078797738493208,True,stop_boundary_asprovided,True,Raw label equals observed max+1 and endpoint is within 0.005 Ah above threshold; exact crossing unobserved.
Batch1,17,857.0,5.4C(60%)-3.6C,2017-05-12_batchdata_updated_struct_errorcorrect.mat,99,1,100.0,1.0771062363636363,0.0010541182453571362,0.016676227535353534,99,32.088753858534446,35.43276257575758,10.13811205387206,10.103795000000051,-0.013343115757399526,-0.031067967108938555,0.00010711259692754453,-3.970159451162403,ok,5.4,60.0,3.6,False,-0.0004198623984715242,True,stop_boundary_asprovided,True,Raw label equals observed max+1 and endpoint is within 0.005 Ah above threshold; exact crossing unobserved.
Batch1,18,691.0,5.4C(70%)-3C,2017-05-12_batchdata_updated_struct_errorcorrect.mat,99,1,100.0,1.086443382828283,0.18252118160147157,0.018004754414141413,99,31.831057275618022,35.415118353535355,9.925956313131316,9.957751666666688,-0.02070238680333876,-0.04413321540827286,0.00022383059792099492,-3.650080545153841,ok,5.4,70.0,3.0,False,0.006284574136009094,True,stop_boundary_asprovided,True,Raw label equals observed max+1 and endpoint is within 0.005 Ah above threshold; exact crossing unobserved.
Batch1,19,788.0,5.4C(70%)-3C,2017-05-12_batchdata_updated_struct_errorcorrect.mat,99,1,100.0,1.0883684717171715,0.0007718216160143594,0.01632486908080808,99,33.044085397077396,36.83902758585858,9.930255336700304,9.957913333333272,-0.020106274821769736,-0.04589269342650848,0.00023993476144574294,-3.6199068274368353,ok,5.4,70.0,3.0,False,0.002067511307532465,True,stop_boundary_asprovided,True,Raw label equals observed max+1 and endpoint is within 0.005 Ah above threshold; exact crossing unobserved.
Batch1,20,534.0,5.4C(80%)-5.4C,2017-05-12_batchdata_updated_struct_errorcorrect.mat,99,1,100.0,1.0698410858585858,0.004184410419543684,0.015210366091836734,98,32.15292201754506,34.92834715151515,9.027207626262616,9.006340000000394,-0.03279598300714767,-0.06358042689660326,0.00042930168171296525,-3.367237410245857,ok,5.4,80.0,5.4,False,0.015266872193025013,True,stop_boundary_asprovided,True,Raw label equals observed max+1 and endpoint is within 0.005 Ah above threshold; exact crossing unobserved.
Batch1,21,559.0,5.4C(80%)-5.4C,2017-05-12_batchdata_updated_struct_errorcorrect.mat,99,1,100.0,1.082226497979798,0.0026137864433469775,0.015090236234693879,98,33.13697371135653,36.94892544444444,8.987271380471347,8.985736666666586,-0.030657577112710634,-0.06472026276575493,0.00044633603224653485,-3.3503380515995875,ok,5.4,80.0,5.4,False,0.00941191853798296,True,stop_boundary_asprovided,True,Raw label equals observed max+1 and endpoint is within 0.005 Ah above threshold; exact crossing unobserved.
Batch1,22,891.0,6C(30%)-3.6C,2017-05-12_batchdata_updated_struct_errorcorrect.mat,99,1,100.0,1.082979815151515,0.0007437449096877575,0.0165919733030303,99,32.84391283877385,36.64192422222223,11.46291215488218,11.43029333333349,-0.014716371313208602,-0.032147144008991324,0.00011164295598941376,-3.9521686731427805,ok,6.0,30.0,3.6,False,0.0017054419493548276,False,exclude_official_unfinished,False,Official unfinished Batch1 index and local endpoint above 0.885 Ah.
Batch1,23,1014.0,6C(30%)-3.6C,2017-05-12_batchdata_updated_struct_errorcorrect.mat,99,1,100.0,1.0824610575757576,0.00064132569857382,0.016824002585858585,99,31.99077454717494,34.8727843939394,11.458691784511789,11.430255000000004,-0.013340620512360239,-0.029953516931757296,9.103457241110652e-05,-4.0407936433278895,ok,6.0,30.0,3.6,False,0.001551548256091336,True,stop_boundary_asprovided,True,Raw label equals observed max+1 and endpoint is within 0.005 Ah above threshold; exact crossing unobserved.
Batch1,24,1017.0,6C(40%)-3C,2017-05-12_batchdata_updated_struct_errorcorrect.mat,99,1,100.0,1.0780331868686868,0.0007172188557690706,0.016587448888888887,99,33.378063951824195,36.866496545454545,12.128487205387225,12.098313333333742,-0.013873507013282613,-0.03184213409789827,0.00011516949866350308,-3.938662523656534,ok,6.0,40.0,3.0,False,0.0007016630832934966,True,stop_boundary_asprovided,True,Raw label equals observed max+1 and endpoint is within 0.005 Ah above threshold; exact crossing unobserved.
Batch1,25,854.0,6C(40%)-3C,2017-05-12_batchdata_updated_struct_errorcorrect.mat,99,1,100.0,1.078847887878788,0.0007311050081300092,0.0165961417979798,99,33.848557073949294,37.990239878787875,12.137498080808081,12.09737499999998,-0.012406193052887388,-0.02944117289056547,9.378020536805894e-05,-4.027888820540259,ok,6.0,40.0,3.0,False,0.0011357271062270153,True,stop_boundary_asprovided,True,Raw label equals observed max+1 and endpoint is within 0.005 Ah above threshold; exact crossing unobserved.
Batch1,26,870.0,6C(40%)-3.6C,2017-05-12_batchdata_updated_struct_errorcorrect.mat,99,1,100.0,1.0905742878787879,0.0008664365793143937,0.016285491838383837,99,33.15641406115227,36.41381293939394,10.800664208754247,10.765060000000327,-0.01785015712562481,-0.03835445363245393,0.00016024334542563112,-3.7952199967853435,ok,6.0,40.0,3.6,False,0.002345801640388253,True,stop_boundary_asprovided,True,Raw label equals observed max+1 and endpoint is within 0.005 Ah above threshold; exact crossing unobserved.
Batch1,27,842.0,6C(40%)-3.6C,2017-05-12_batchdata_updated_struct_errorcorrect.mat,99,1,100.0,1.0820360393939392,0.0007546205717510306,0.01609890666666667,99,33.89497000372245,37.51131004040404,10.803712340067367,10.763831666666677,-0.01551418714665611,-0.03583211964634625,0.00014005441374332457,-3.8537032000559392,ok,6.0,40.0,3.6,False,0.002020334368529994,True,stop_boundary_asprovided,True,Raw label equals observed max+1 and endpoint is within 0.005 Ah above threshold; exact crossing unobserved.
Batch1,28,860.0,6C(50%)-3C,2017-05-12_batchdata_updated_struct_errorcorrect.mat,99,1,100.0,1.0806956292929293,0.0005808473697885737,0.01668003754545454,99,33.773800525042,37.491157878787874,11.138253585858592,11.178876666666474,-0.016698122755162716,-0.03721348031974192,0.00014298424697322437,-3.844711807496199,ok,6.0,50.0,3.0,False,0.00151900621118003,True,stop_boundary_asprovided,True,Raw label equals observed max+1 and endpoint is within 0.005 Ah above threshold; exact crossing unobserved.
Batch1,29,917.0,6C(50%)-3C,2017-05-12_batchdata_updated_struct_errorcorrect.mat,99,1,100.0,1.0827828212121215,0.0006456219175832134,0.016545523626262625,99,32.70415601771739,35.39940990909091,11.151875336700314,11.179469999999856,-0.01660052342693117,-0.036868449881918286,0.0001451170011316565,-3.8382817049630766,ok,6.0,50.0,3.0,False,0.0014495911769387979,True,stop_boundary_asprovided,True,Raw label equals observed max+1 and endpoint is within 0.005 Ah above threshold; exact crossing unobserved.
Batch1,30,709.0,6C(50%)-3.6C,2017-05-12_batchdata_updated_struct_errorcorrect.mat,99,1,100.0,1.0828237171717172,0.0008262149778357217,0.01600942625252525,99,33.54008830692456,36.797617333333335,10.124524292929316,10.09681166666669,-0.017719122166801278,-0.04081538502439652,0.00018001172021664107,-3.744699217898308,ok,6.0,50.0,3.6,False,0.002667296862557478,True,stop_boundary_asprovided,True,Raw label equals observed max+1 and endpoint is within 0.005 Ah above threshold; exact crossing unobserved.
Batch1,31,876.0,6C(50%)-3.6C,2017-05-12_batchdata_updated_struct_errorcorrect.mat,99,1,100.0,1.097068405050505,0.0009821231393733817,0.016865566141414143,99,30.375396745150564,30.709141161616163,10.126957558922545,10.096814999999818,-0.017983588803246863,-0.03947820648424727,0.00016682739789842456,-3.777732624088043,ok,6.0,50.0,3.6,False,0.003470562430323687,True,stop_boundary_asprovided,True,Raw label equals observed max+1 and endpoint is within 0.005 Ah above threshold; exact crossing unobserved.
Batch1,32,731.0,6C(60%)-3C,2017-05-12_batchdata_updated_struct_errorcorrect.mat,99,1,100.0,1.0806714494949494,0.0007058238630044114,0.016167064252525253,99,33.08050304573434,36.23561784848484,10.129902676767715,10.096439999999953,-0.020730273837007353,-0.04556628526257467,0.00022570256930208902,-3.6464634970703615,ok,6.0,60.0,3.0,False,0.0021461451664286095,True,stop_boundary_asprovided,True,Raw label equals observed max+1 and endpoint is within 0.005 Ah above threshold; exact crossing unobserved.
Batch1,33,757.0,6C(60%)-3C,2017-05-12_batchdata_updated_struct_errorcorrect.mat,99,1,100.0,1.0954916464646465,0.0009462319167455618,0.016483775656565655,99,33.67169761442224,37.731304424242424,10.129993047138067,10.096583333333305,-0.021651569301358076,-0.044901781211682756,0.00021524962445427153,-3.6670575975866413,ok,6.0,60.0,3.0,False,0.0031864898072946953,True,stop_boundary_asprovided,True,Raw label equals observed max+1 and endpoint is within 0.005 Ah above threshold; exact crossing unobserved.
Batch1,34,742.0,7C(30%)-3.6C,2017-05-12_batchdata_updated_struct_errorcorrect.mat,99,1,100.0,1.0800699888888887,0.0007272870882621551,0.01685519708080808,99,32.66455167507311,36.08252629292929,11.035507962962974,11.001284999999916,-0.016080359430316875,-0.037218141748807665,0.00014170456557429945,-3.848616157008837,ok,7.0,30.0,3.6,False,0.0010684652014658089,True,stop_boundary_asprovided,True,Raw label equals observed max+1 and endpoint is within 0.005 Ah above threshold; exact crossing unobserved.
Batch1,35,703.0,7C(30%)-3.6C,2017-05-12_batchdata_updated_struct_errorcorrect.mat,99,1,100.0,1.0745076737373735,0.0007027143826541125,0.016967092292929295,99,32.09733437854189,34.87752171717172,11.036444074074083,11.001281666666667,-0.018223341654084003,-0.039152034335048436,0.00016880845085747467,-3.7726058155960294,ok,7.0,30.0,3.6,False,0.0006331257365825227,True,stop_boundary_asprovided,True,Raw label equals observed max+1 and endpoint is within 0.005 Ah above threshold; exact crossing unobserved.
Batch1,36,704.0,7C(40%)-3C,2017-05-12_batchdata_updated_struct_errorcorrect.mat,99,1,100.0,1.0812765595959595,0.0007104421735963635,0.016437746262626264,99,32.04688205693082,33.970878757575754,11.554803670033683,11.52468333333333,-0.02104235085802675,-0.044621405961221994,0.00021404183097836082,-3.6695013425959444,ok,7.0,40.0,3.0,False,0.0017389129638474853,True,stop_boundary_asprovided,True,Raw label equals observed max+1 and endpoint is within 0.005 Ah above threshold; exact crossing unobserved.
Batch1,37,648.0,7C(40%)-3C,2017-05-12_batchdata_updated_struct_errorcorrect.mat,99,1,100.0,1.0780300424242424,0.0007605825290446468,0.01654642202020202,99,32.95969887229894,36.05156987878787,11.561455202020227,11.524764999999995,-0.019436824634916583,-0.044544784957630146,0.00021186592167101386,-3.673938893314921,ok,7.0,40.0,3.0,False,0.0020345725433982996,True,stop_boundary_asprovided,True,Raw label equals observed max+1 and endpoint is within 0.005 Ah above threshold; exact crossing unobserved.
Batch1,38,617.0,7C(40%)-3.6C,2017-05-12_batchdata_updated_struct_errorcorrect.mat,99,1,100.0,1.075801506060606,0.0006463898758454917,0.01621205696969697,99,33.69474656343401,37.29856363636363,10.23158840067342,10.193719999999969,-0.026764193834967424,-0.05641559694699583,0.00036893667248310104,-3.4330481735466756,ok,7.0,40.0,3.6,False,0.0018679196528111773,True,stop_boundary_asprovided,True,Raw label equals observed max+1 and endpoint is within 0.005 Ah above threshold; exact crossing unobserved.
Batch1,39,625.0,7C(40%)-3.6C,2017-05-12_batchdata_updated_struct_errorcorrect.mat,99,1,100.0,1.085658998989899,0.0006974026916973628,0.016691104555555555,99,33.50643317156701,37.403860242424244,10.242025976430945,10.274616666666892,-0.024440041487006035,-0.053143954091811496,0.0003129437479421444,-3.5045337204530713,ok,7.0,40.0,3.6,False,0.001358302118171486,True,stop_boundary_asprovided,True,Raw label equals observed max+1 and endpoint is within 0.005 Ah above threshold; exact crossing unobserved.
Batch1,40,966.0,8C(15%)-3.6C,2017-05-12_batchdata_updated_struct_errorcorrect.mat,99,1,100.0,1.0869299777777777,0.0007304158641508088,0.01667927321212121,99,33.45968416375564,37.756139949494944,12.087224326599337,12.054698333333363,-0.012628807847703542,-0.02909570881628587,8.806174658415387e-05,-4.0552127051547355,ok,8.0,15.0,3.6,False,0.0018427732122944874,True,stop_boundary_asprovided,True,Raw label equals observed max+1 and endpoint is within 0.005 Ah above threshold; exact crossing unobserved.
Batch1,41,1051.0,8C(15%)-3.6C,2017-05-12_batchdata_updated_struct_errorcorrect.mat,99,1,100.0,1.082886786868687,0.0006614050883900506,0.016744890505050507,99,33.07332253245542,36.8232453030303,12.091290892255918,12.054646666666182,-0.012358568562846162,-0.02850629135902205,8.48176100238975e-05,-4.071513969179501,ok,8.0,15.0,3.6,False,0.0009746379200505974,True,stop_boundary_asprovided,True,Raw label equals observed max+1 and endpoint is within 0.005 Ah above threshold; exact crossing unobserved.
Batch1,42,702.0,8C(25%)-3.6C,2017-05-12_batchdata_updated_struct_errorcorrect.mat,99,1,100.0,1.083889183838384,0.0006395508190474782,0.01671562283838384,99,33.58506724391689,37.673212,11.178124326599383,11.138530000000417,-0.020599210252813277,-0.04470964572873015,0.00021584610431745794,-3.6658557852690015,ok,8.0,25.0,3.6,False,0.0007135648988683736,True,stop_boundary_asprovided,True,Raw label equals observed max+1 and endpoint is within 0.005 Ah above threshold; exact crossing unobserved.
Batch1,43,651.0,8C(25%)-3.6C,2017-05-12_batchdata_updated_struct_errorcorrect.mat,99,1,100.0,1.070522194949495,0.0008917599141955492,0.016104855565656565,99,33.339782658681436,36.82060524242424,11.17782324915825,11.138113333333118,-0.019165626778476195,-0.044605890152637384,0.00021489233671107995,-3.667779071634814,ok,8.0,25.0,3.6,False,0.003221909937887722,True,stop_boundary_asprovided,True,Raw label equals observed max+1 and endpoint is within 0.005 Ah above threshold; exact crossing unobserved.
Batch1,44,616.0,8C(35%)-3.6C,2017-05-12_batchdata_updated_struct_errorcorrect.mat,99,1,100.0,1.0868420717171718,0.0011324582364728485,0.01741384996969697,99,32.55333216968653,35.79095866666667,10.258049427609434,10.22140833333348,-0.029329092901317067,-0.05879707165403769,0.0003795770928016619,-3.42070000480644,ok,8.0,35.0,3.6,False,0.0042103382704254295,True,stop_boundary_asprovided,True,Raw label equals observed max+1 and endpoint is within 0.005 Ah above threshold; exact crossing unobserved.
Batch1,45,599.0,8C(35%)-3.6C,2017-05-12_batchdata_updated_struct_errorcorrect.mat,99,1,100.0,1.0871594505050506,0.0007692257379954453,0.016674251585858585,99,33.0005473910965,36.69642807070708,10.257274326599303,10.221549999999842,-0.02886609052113574,-0.059403509916114317,0.0003755845892835457,-3.425292235698853,ok,8.0,35.0,3.6,False,0.0022554030896634,True,stop_boundary_asprovided,True,Raw label equals observed max+1 and endpoint is within 0.005 Ah above threshold; exact crossing unobserved.
Batch2,0,477.0,5.2C(58%)-4C,2018-02-20_batchdata_updated_struct_errorcorrect.mat,100,0,100.0,1.105038492,0.003135078676172886,0.01733813236,100,31.807497385473816,35.36194140015722,10.173261300000107,10.173191666666874,-0.025801000173386008,-0.055061277717081025,0.0003256380937000854,-3.4872647963011447,ok,5.2,58.0,4.0,False,-0.0013176985188727453,False,observed_crossing_matches_raw,True,Raw target exactly matches first summary-cycle crossing after cycle 100.
Batch2,1,491.0,5.6C(26%)-4.5C,2018-02-20_batchdata_updated_struct_errorcorrect.mat,100,0,100.0,1.10494644,0.003426313426640324,0.01755915909,100,33.59830289682961,36.44809667816464,10.19907416666656,10.176859166666691,-0.035595007639683186,-0.0661147205894651,0.0005034410615908589,-3.2980513654760366,ok,5.6,26.0,4.5,False,0.00311993900302557,False,observed_crossing_matches_raw,True,Raw target exactly matches first summary-cycle crossing after cycle 100.
Batch2,2,424.0,5.2C(50%)-4.25C,2018-02-20_batchdata_updated_struct_errorcorrect.mat,100,0,100.0,1.0746560542,0.011236936035570428,0.016463414620000002,100,33.17756576063981,37.427644510910824,10.175027650000057,10.17488666666759,-0.025013386420214043,-0.052717818544041395,0.00034653861464528006,-3.4602483651128177,ok,5.2,50.0,4.25,False,0.001968926341773698,False,observed_crossing_matches_raw,True,Raw target exactly matches first summary-cycle crossing after cycle 100.
Batch2,3,499.0,4.65C(44%)-5C,2018-02-20_batchdata_updated_struct_errorcorrect.mat,100,0,100.0,1.1014322669999999,0.0030749105226385433,0.015916925550000002,100,33.93958543884461,38.77312907194259,10.173197350000047,10.173144166667043,-0.020089882918698704,-0.05586845261151374,0.000318975262145792,-3.496242996974693,ok,4.65,44.0,5.0,False,-0.0077216299570000615,False,observed_crossing_matches_raw,True,Raw target exactly matches first summary-cycle crossing after cycle 100.
Batch2,4,444.0,4.65C(69%)-6C,2018-02-20_batchdata_updated_struct_errorcorrect.mat,100,0,100.0,1.0859578399999998,0.0032304919205107018,0.01619582082,100,33.05027186948681,37.43383570894893,10.231934299999951,10.229690833332885,-0.034781796484889084,-0.07029720690084085,0.0005854545529657333,-3.232506812226559,ok,4.65,69.0,6.0,False,0.006696544433826414,False,observed_crossing_matches_raw,True,Raw target exactly matches first summary-cycle crossing after cycle 100.
Batch2,5,416.0,3.6C(30%)-6C,2018-02-20_batchdata_updated_struct_errorcorrect.mat,100,0,100.0,1.088025367,0.012933698085242789,0.015306582499999999,100,33.01550370431462,37.64690458017922,10.198507216666679,10.201059166666042,-0.04648540460048997,-0.08615002847927744,0.0008205749892219913,-3.085881724279185,ok,3.6,30.0,6.0,False,0.01929479877368992,False,observed_crossing_matches_raw,True,Raw target exactly matches first summary-cycle crossing after cycle 100.
Batch2,6,393.0,3.6C(9%)-5C,2018-02-20_batchdata_updated_struct_errorcorrect.mat,100,0,100.0,1.092913134,0.0029628047355596213,0.01604186506,100,33.81745006948466,39.79549926626684,10.179292016666743,10.179360833333341,-0.02082479246051704,-0.04987247893740465,0.00029509395529212125,-3.53003968650195,ok,3.6,9.0,5.0,False,-0.0054457562509955555,False,observed_crossing_matches_raw,True,Raw target exactly matches first summary-cycle crossing after cycle 100.
Batch2,7,777.0,4.8C(80%)-4.8C-newstructure,2018-02-20_batchdata_updated_struct_errorcorrect.mat,100,0,100.0,1.0929825290000001,0.002512799569167234,0.014790600069999998,100,33.766912217149354,37.14445502401018,10.035779716666658,10.035633333332953,-0.008823099834708447,-0.021737979924043582,5.865835912266468e-05,-4.231670089905405,ok,4.8,80.0,4.8,True,-0.005308820910973182,False,observed_crossing_matches_raw,True,Raw target exactly matches first summary-cycle crossing after cycle 100.
Batch2,8,904.0,5.2C(58%)-4C-newstructure,2018-02-20_batchdata_updated_struct_errorcorrect.mat,100,0,100.0,1.0901623492999999,0.012157322533455427,0.01646674221,100,33.59821236744562,35.677756334230715,10.039867333333332,10.039811666667083,-0.011203415580045945,-0.027841110945332148,7.899098323286501e-05,-4.10242248030074,ok,5.2,58.0,4.0,True,0.002798175027870219,False,observed_crossing_matches_raw,True,Raw target exactly matches first summary-cycle crossing after cycle 100.
Batch2,9,791.0,5.6C(26%)-4.5C-newstructure,2018-02-20_batchdata_updated_struct_errorcorrect.mat,100,0,100.0,1.097482268,0.0018798976546330647,0.01539659944,100,32.35755295299843,33.59605648813232,10.039938566666658,10.04024166666677,-0.007446960333569007,-0.019754152325308416,4.5245388051825846e-05,-4.344425682662564,ok,5.6,26.0,4.5,True,0.003994844242712985,False,observed_crossing_matches_raw,True,Raw target exactly matches first summary-cycle crossing after cycle 100.
Batch2,10,492.0,4.8C(80%)-4.8C,2018-02-20_batchdata_updated_struct_errorcorrect.mat,100,0,100.0,1.1111485095999998,0.011604533027193994,0.01706057563,100,31.720671317513244,34.35420149165315,10.169517366666604,10.170869166666792,-0.02952029629956943,-0.05580244986198335,0.00035407876899738185,-3.4509001132975605,ok,4.8,80.0,4.8,False,-0.004826271699315613,False,observed_crossing_matches_raw,True,Raw target exactly matches first summary-cycle crossing after cycle 100.
Batch2,11,449.0,5.2C(50%)-4.25C,2018-02-20_batchdata_updated_struct_errorcorrect.mat,100,0,100.0,1.101019946,0.014303285341419454,0.01721904361,100,33.14963101101539,37.949925321805395,10.17388110000002,10.173719999999836,-0.024012633467613776,-0.05489875594719695,0.000327044446642087,-3.485393220979881,ok,5.2,50.0,4.25,False,-0.010541607819716168,False,observed_crossing_matches_raw,True,Raw target exactly matches first summary-cycle crossing after cycle 100.
Batch2,12,466.0,4.65C(44%)-5C,2018-02-20_batchdata_updated_struct_errorcorrect.mat,100,0,100.0,1.1041123279999998,0.0021180854894985316,0.016529412549999997,100,31.316793895936517,33.597951965213426,10.17485430000005,10.17462499999965,-0.03939759227215439,-0.07733124344865683,0.0006792531042316953,-3.1679683681509765,ok,4.65,44.0,5.0,False,-0.003042303232999657,False,observed_crossing_matches_raw,True,Raw target exactly matches first summary-cycle crossing after cycle 100.
Batch2,13,460.0,4.65C(69%)-6C,2018-02-20_batchdata_updated_struct_errorcorrect.mat,100,0,100.0,1.094944933,0.0014608041999241922,0.01607549433,100,31.948019425910115,35.06856349287113,10.2140922166666,10.212831666666897,-0.0340700221226121,-0.06467448840609535,0.00045243092034126796,-3.3444477218838284,ok,4.65,69.0,6.0,False,0.0007374865424433664,False,observed_crossing_matches_raw,True,Raw target exactly matches first summary-cycle crossing after cycle 100.
Batch2,14,426.0,3.6C(30%)-6C,2018-02-20_batchdata_updated_struct_errorcorrect.mat,100,0,100.0,1.079302612,0.003548074237527463,0.0162701026,100,32.124753255414234,35.20006219179895,49.482795350000096,10.23871166666698,-0.04455576451036339,-0.0837144352028476,0.0007611671443129553,-3.118519966248836,ok,3.6,30.0,6.0,False,0.009875322822105315,False,observed_crossing_matches_raw,True,Raw target exactly matches first summary-cycle crossing after cycle 100.
Batch2,15,396.0,3.6C(9%)-5C,2018-02-20_batchdata_updated_struct_errorcorrect.mat,100,0,100.0,1.0749797360000002,0.0030926595215552957,0.016313907529999998,100,32.862312590345454,36.06955824939098,10.17305868333338,10.174974166667623,-0.024135288352654265,-0.05093467639415561,0.0003046127470747836,-3.516251926776714,ok,3.6,9.0,5.0,False,-0.008891138158942862,False,observed_crossing_matches_raw,True,Raw target exactly matches first summary-cycle crossing after cycle 100.
Batch2,16,472.0,4.8C(80%)-4.8C,2018-02-20_batchdata_updated_struct_errorcorrect.mat,100,0,100.0,1.097015996,0.0019885957690061306,0.01749419094,100,32.76618715423966,36.98699901212051,10.171623783333347,10.171572499999456,-0.026244652410942607,-0.0532543676756424,0.0003199771811309943,-3.494880991874622,ok,4.8,80.0,4.8,False,0.0022130840101922426,False,observed_crossing_matches_raw,True,Raw target exactly matches first summary-cycle crossing after cycle 100.
Batch2,17,471.0,5.6C(26%)-4.5C,2018-02-20_batchdata_updated_struct_errorcorrect.mat,100,0,100.0,1.093877117,0.002273866656674123,0.01709369671,100,32.98821355652246,34.74856366071168,10.181189350000091,10.177116666667281,-0.024346340387445996,-0.05256239657553352,0.0003159772910980138,-3.5003441284740386,ok,5.6,26.0,4.5,False,-0.0038361350533521366,False,observed_crossing_matches_raw,True,Raw target exactly matches first summary-cycle crossing after cycle 100.
Batch2,18,449.0,5.2C(50%)-4.25C,2018-02-20_batchdata_updated_struct_errorcorrect.mat,100,0,100.0,1.0824376820000001,0.003592563318643194,0.01664831154,100,32.88628935898336,36.39882808811051,10.174147266666704,10.173985833333184,-0.016640891110932497,-0.03974566910430133,0.00019619921427892916,-3.707302736176298,ok,5.2,50.0,4.25,False,-0.010715279184583627,False,observed_crossing_matches_raw,True,Raw target exactly matches first summary-cycle crossing after cycle 100.
Batch2,19,392.0,6C(60%)-3C,2018-02-20_batchdata_updated_struct_errorcorrect.mat,100,0,100.0,1.09472128,0.002860245011896854,0.016718972760000003,100,32.76991201802439,36.54390200243137,10.173766266666714,10.174563333333328,-0.03430820779792184,-0.06565175087353758,0.0005105543672328962,-3.291958004542694,ok,6.0,60.0,3.0,False,-0.0012071033604078942,False,observed_crossing_matches_raw,True,Raw target exactly matches first summary-cycle crossing after cycle 100.
Batch2,20,489.0,5.2C(58%)-4C,2018-02-20_batchdata_updated_struct_errorcorrect.mat,100,0,100.0,1.10005656,0.0021280982151995116,0.016612060669999998,100,33.62225921545461,36.887813024693614,49.397125683333336,10.172896666666688,-0.024435139451588442,-0.06050408803806073,0.0003619883290668569,-3.4413054314104006,ok,5.2,58.0,4.0,False,-0.0028491989170247797,False,observed_crossing_matches_raw,True,Raw target exactly matches first summary-cycle crossing after cycle 100.
Batch2,21,408.0,6C(60%)-3C,2018-02-20_batchdata_updated_struct_errorcorrect.mat,100,0,100.0,1.1010897552,0.01105129115263827,0.01720174435,100,33.59820005445401,38.6518784788995,10.174718300000022,10.174734166667136,-0.03328855261100499,-0.06446758204398206,0.0004713254868518693,-3.326679075199306,ok,6.0,60.0,3.0,False,-0.002730669135213036,False,observed_crossing_matches_raw,True,Raw target exactly matches first summary-cycle crossing after cycle 100.
Batch2,22,,VarCharge-2C-100cycles,2018-02-20_batchdata_updated_struct_errorcorrect.mat,100,0,100.0,1.1020667873,0.10820914749357724,0.021770682,100,34.502712698156095,38.13150976710858,33.57274644999992,24.217139166666314,-0.002618816303222525,-0.006779169322993939,2.2847111406387513e-05,-4.641168700608011,ok,,,,False,0.0030269977703450894,False,missing_raw_target,False,Raw target missing; retain NaN; no imputation.
Batch2,23,,VarCharge-4C-100cycles,2018-02-20_batchdata_updated_struct_errorcorrect.mat,100,0,100.0,1.0961362059,0.1077189925929658,0.02116088899999999,100,34.14729364226761,35.52716849132356,21.691731100000002,12.211757499999173,-0.011590160361131023,-0.01921756649136097,4.4029699642585154e-05,-4.356254277157163,ok,,,,False,0.010922002309285365,False,missing_raw_target,False,Raw target missing; retain NaN; no imputation.
Batch2,24,514.0,4.8C(80%)-4.8C,2018-02-20_batchdata_updated_struct_errorcorrect.mat,100,0,100.0,1.096261652,0.0024487849724112425,0.01651723855,100,33.205124014909316,38.16546466536514,10.169994666666671,10.16985833333359,-0.02277147977476359,-0.04572997432532899,0.00022862026926774183,-3.6408852680750527,ok,4.8,80.0,4.8,False,-0.003965358576206463,False,observed_crossing_matches_raw,True,Raw target exactly matches first summary-cycle crossing after cycle 100.
Batch2,25,493.0,5.2C(58%)-4C,2018-02-20_batchdata_updated_struct_errorcorrect.mat,100,0,100.0,1.102206125,0.0024670549917662887,0.01674229199,100,32.23892710270436,34.441815154393964,10.172937516666643,10.173032500000165,-0.023610982444417374,-0.05050846489030969,0.0002920936192579677,-3.5344779300217333,ok,5.2,58.0,4.0,False,-0.003508823618410582,False,observed_crossing_matches_raw,True,Raw target exactly matches first summary-cycle crossing after cycle 100.
Batch2,26,450.0,5.6C(26%)-4.5C,2018-02-20_batchdata_updated_struct_errorcorrect.mat,100,0,100.0,1.1041737820000002,0.0021535162519353123,0.017708443810000002,100,33.76445582326918,36.92304607129649,49.42568144999996,10.177571666666335,-0.03803854165400029,-0.0733087791289827,0.0005997170447101127,-3.2220536077932804,ok,5.6,26.0,4.5,False,0.0007634233158142987,False,observed_crossing_matches_raw,True,Raw target exactly matches first summary-cycle crossing after cycle 100.
Batch2,27,474.0,5.2C(50%)-4.25C,2018-02-20_batchdata_updated_struct_errorcorrect.mat,100,0,100.0,1.0984702849999999,0.002788930443967342,0.01758962648,100,33.303981946117254,38.082671612305006,10.174639799999882,10.174634999999398,-0.02468392780224258,-0.05449125756065937,0.0003264347368865592,-3.48620363289781,ok,5.2,50.0,4.25,False,-0.0084719614588304,False,observed_crossing_matches_raw,True,Raw target exactly matches first summary-cycle crossing after cycle 100.
Batch2,28,437.0,4.8C(80%)-4.8C,2018-02-20_batchdata_updated_struct_errorcorrect.mat,100,0,100.0,1.094977019,0.0025847564867306125,0.016281175090000002,100,32.14418070388791,35.3302582161644,49.409072166666576,10.17329416666665,-0.027989332592662373,-0.05649138678277321,0.00037721489290159214,-3.4234111691232063,ok,4.8,80.0,4.8,False,-0.005237810160854497,False,observed_crossing_matches_raw,True,Raw target exactly matches first summary-cycle crossing after cycle 100.
Batch2,29,452.0,5.2C(58%)-4C,2018-02-20_batchdata_updated_struct_errorcorrect.mat,100,0,100.0,1.109943851,0.0037825980172495263,0.01673359061,100,31.797456695109688,34.43331396225578,10.173061883333311,10.172925833333284,-0.02532223237657199,-0.05263352953614442,0.0003102785983552323,-3.5082481790944344,ok,5.2,58.0,4.0,False,-0.011147701385570625,False,observed_crossing_matches_raw,True,Raw target exactly matches first summary-cycle crossing after cycle 100.
Batch2,30,412.0,5.6C(26%)-4.5C,2018-02-20_batchdata_updated_struct_errorcorrect.mat,100,0,100.0,1.0929991510000001,0.003457880779341656,0.016894066949999998,100,33.81003990939852,37.33979500154215,49.43361824999998,10.179420833333278,-0.03965588948997046,-0.07552303651130998,0.0006525149114268708,-3.1854095592748743,ok,5.6,26.0,4.5,False,0.00872925171205648,False,observed_crossing_matches_raw,True,Raw target exactly matches first summary-cycle crossing after cycle 100.
Batch2,31,425.0,5.6C(26%)-4.5C,2018-02-20_batchdata_updated_struct_errorcorrect.mat,100,0,100.0,1.099834485,0.001786953848718402,0.01633070732,100,33.375923495204454,35.648417823524284,10.194311699999947,10.178263333333597,-0.030624456764042955,-0.06422883358208353,0.00044426404704274566,-3.35235883148731,ok,5.6,26.0,4.5,False,-0.004844412486065998,False,observed_crossing_matches_raw,True,Raw target exactly matches first summary-cycle crossing after cycle 100.
Batch2,32,809.0,4.8C(80%)-4.8C-newstructure,2018-02-20_batchdata_updated_struct_errorcorrect.mat,100,0,100.0,1.0900312140000001,0.0030403300117599306,0.01481114372,100,32.16783240841186,33.94412444996172,49.27513175000007,10.040889166666602,-0.013389939833647101,-0.02746120651303563,7.388118368069333e-05,-4.131466155166347,ok,4.8,80.0,4.8,True,0.0074946097308489805,False,observed_crossing_matches_raw,True,Raw target exactly matches first summary-cycle crossing after cycle 100.
Batch2,33,1140.0,5.2C(58%)-4C-newstructure,2018-02-20_batchdata_updated_struct_errorcorrect.mat,100,0,100.0,1.0706076800000002,0.014952976716954313,0.01499290727,100,32.73895611525105,34.29814806747137,10.039557949999924,10.039250833333305,-0.011579541007786182,-0.024084742136216253,5.866400117176798e-05,-4.23162831933775,ok,5.2,58.0,4.0,True,0.009316091176938943,False,observed_crossing_matches_raw,True,Raw target exactly matches first summary-cycle crossing after cycle 100.
Batch2,34,1186.0,5.6C(26%)-4.5C-newstructure,2018-02-20_batchdata_updated_struct_errorcorrect.mat,100,0,100.0,1.0671250090000002,0.0020888035316799377,0.014954353830000003,100,35.66583614425341,38.96627418693022,49.2812586666667,10.040178333333218,-0.008120054579074073,-0.01914294964399932,3.5597117054099105e-05,-4.448585173324752,ok,5.6,26.0,4.5,True,0.0063614631310720884,False,observed_crossing_matches_raw,True,Raw target exactly matches first summary-cycle crossing after cycle 100.
Batch2,35,,VarCharge-6C-100cycles,2018-02-20_batchdata_updated_struct_errorcorrect.mat,100,0,100.0,1.0565366316,0.10341492100544722,0.020666520999999993,100,36.50175433149703,38.37067410825434,17.612362249999997,8.091728333332867,-0.044821244304517734,-0.07570840765806064,0.000604075245598287,-3.2189089608610653,ok,,,,False,0.03895077440675284,False,missing_raw_target,False,Raw target missing; retain NaN; no imputation.
Batch2,36,,VarCharge-8C-100cycles,2018-02-20_batchdata_updated_struct_errorcorrect.mat,100,0,100.0,1.0434052236999998,0.10115079770054776,0.02033557,100,38.55935886221206,41.3871334539639,16.29528071666668,6.776123333333574,-0.08442876531435932,-0.1360257368450053,0.002065771068001692,-2.6849178093471577,ok,,,,False,0.07362911482720162,False,missing_raw_target,False,Raw target missing; retain NaN; no imputation.
Batch2,37,,3.6C(80%)-3.6C(SLOWCYCLE,2018-02-20_batchdata_updated_struct_errorcorrect.mat,100,0,100.0,1.0950189059000002,0.108665825124013,0.017242516180000004,100,32.929452048618025,38.0085816232,18.172783016666813,13.504224166666972,-0.0029820466170849703,-0.028681743378075525,1.695856550878882e-05,-4.770610886629153,ok,3.6,80.0,3.6,False,0.0006828303073728762,False,missing_raw_target,False,Raw target missing; retain NaN; no imputation.
Batch2,38,,4.8C(80%)-4.8C(SLOWCYCLE,2018-02-20_batchdata_updated_struct_errorcorrect.mat,100,0,100.0,1.0948824099999999,0.107840842661672,0.01658825556,100,33.448461595697054,400.0,14.869877166666718,10.169859166667447,-0.013148209711945616,-0.03614952540357205,6.0904550971893996e-05,-4.215350254359975,ok,4.8,80.0,4.8,False,0.006050707835642123,False,missing_raw_target,False,Raw target missing; retain NaN; no imputation.
Batch2,39,,3.6C(9%)-5C(SLOWCYCLE,2018-02-20_batchdata_updated_struct_errorcorrect.mat,100,0,100.0,1.0818235189999998,0.10560396251300527,0.016813597830000002,100,32.88418677825157,37.61655951405202,14.875160683333265,10.175470833333506,-0.03455301965015995,-0.06095179783518334,0.0004339268330283632,-3.3625834932774885,ok,3.6,9.0,5.0,False,0.007841421404681859,False,missing_raw_target,False,Raw target missing; retain NaN; no imputation.
Batch2,40,,5.2C(58%)-4C(SLOWCYCLE,2018-02-20_batchdata_updated_struct_errorcorrect.mat,100,0,100.0,1.096316141,0.10761668043602965,,0,32.467598204820945,36.69653803638811,54.10118255000003,10.173175833333032,-0.02547583082825176,-0.048163210220580344,0.0002514390480151275,-3.5995672762895525,ok,5.2,58.0,4.0,False,0.0024476882465356603,False,missing_raw_target,False,Raw target missing; retain NaN; no imputation.
Batch2,41,442.0,5.6C(26%)-4.5C,2018-02-20_batchdata_updated_struct_errorcorrect.mat,100,0,100.0,1.105940476,0.0017710111313306218,,0,30.20099354305731,32.73893316284874,49.423369649999984,10.177162500000364,-0.037768291495701274,-0.08093104924483763,0.0006724100406155343,-3.1723658101769976,ok,5.6,26.0,4.5,False,-0.0028895191113234293,False,observed_crossing_matches_raw,True,Raw target exactly matches first summary-cycle crossing after cycle 100.
Batch2,42,474.0,5.2C(50%)-4.25C,2018-02-20_batchdata_updated_struct_errorcorrect.mat,100,0,100.0,1.1070860530000002,0.003443786058901729,,0,31.71041325336692,35.56989042695383,10.175117383333331,10.175186666666802,-0.02934071492636848,-0.054167624970645756,0.0003291640157368037,-3.482587648007536,ok,5.2,50.0,4.25,False,-0.008739234034081575,False,observed_crossing_matches_raw,True,Raw target exactly matches first summary-cycle crossing after cycle 100.
Batch2,43,1029.0,4.8C(80%)-4.8C-newstructure,2018-02-20_batchdata_updated_struct_errorcorrect.mat,100,0,100.0,1.098649702,0.003215264294396994,,0,33.91860336356293,36.959106807008,10.036757000000032,10.036843333333188,-0.00777834835139346,-0.019164842112240565,5.3483284647826735e-05,-4.271781928623568,ok,4.8,80.0,4.8,True,0.008121840738970853,False,observed_crossing_matches_raw,True,Raw target exactly matches first summary-cycle crossing after cycle 100.
Batch2,44,841.0,5.2C(58%)-4C-newstructure,2018-02-20_batchdata_updated_struct_errorcorrect.mat,100,0,100.0,1.0976301800000001,0.0012841757230522474,,0,33.956934554468496,36.87556475443348,49.26516493333332,10.040326666667049,-0.008750572617170911,-0.020302277620516618,4.3199281110227894e-05,-4.36452348032534,ok,5.2,58.0,4.0,True,0.003143931358496465,False,observed_crossing_matches_raw,True,Raw target exactly matches first summary-cycle crossing after cycle 100.
Batch2,45,997.0,5.6C(26%)-4.5C-newstructure,2018-02-20_batchdata_updated_struct_errorcorrect.mat,100,0,100.0,1.1012386699999999,0.008315637384446004,,0,35.27071288818467,37.86716134641493,10.040191283333298,10.040354166666777,-0.011157666285585534,-0.026670418787086536,6.680132101075869e-05,-4.175214949171005,ok,5.6,26.0,4.5,True,0.006770693581780099,False,observed_crossing_matches_raw,True,Raw target exactly matches first summary-cycle crossing after cycle 100.
Batch2,46,503.0,4.8C(80%)-4.8C,2018-02-20_batchdata_updated_struct_errorcorrect.mat,100,0,100.0,1.1025293669999998,0.0023280613956314145,,0,29.88032329687331,31.00932954761403,49.40651875000001,10.169824166667727,-0.02283429863191323,-0.05286240500828243,0.00030983099889204734,-3.5088751328187002,ok,4.8,80.0,4.8,False,-0.0021802921643576194,False,observed_crossing_matches_raw,True,Raw target exactly matches first summary-cycle crossing after cycle 100.
Batch3,0,1009.0,5C(67%)-4C-newstructure,2018-04-12_batchdata_updated_struct_errorcorrect.mat,100,0,100.0,1.070348299,0.0007528879114255201,0.01523784218,100,32.194399649744255,33.5588901505872,10.042618066666668,10.042388333333172,-0.01010217739369119,-0.02331165742747432,5.687024898905241e-05,-4.245114870317645,ok,5.0,67.0,4.0,True,0.0015295807453418405,False,stop_boundary_asprovided,True,Raw label equals observed max+1 and endpoint is within 0.005 Ah above threshold; exact crossing unobserved.
Batch3,1,1063.0,5.3C(54%)-4C-newstructure,2018-04-12_batchdata_updated_struct_errorcorrect.mat,100,0,100.0,1.0676866939999998,0.00078454566416209,0.014986396479999999,100,34.83064985952504,37.98597183780659,10.04138999999994,10.04128166666657,-0.009621018929360837,-0.022324177554068236,5.181521321780508e-05,-4.28554271039912,ok,5.3,54.0,4.0,True,0.002300599378881874,False,stop_boundary_asprovided,True,Raw label equals observed max+1 and endpoint is within 0.005 Ah above threshold; exact crossing unobserved.
Batch3,2,1267.0,5.6C(19%)-4.6C-newstructure,2018-04-12_batchdata_updated_struct_errorcorrect.mat,100,0,100.0,1.062052784,0.000767987680183171,0.014621522139999999,100,36.78314566494338,40.51615446500352,10.043666483333297,10.043703333333056,-0.0026131423354832516,-0.008648038341613706,1.6619555727408117e-05,-4.77938058992098,ok,5.6,19.0,4.6,True,0.0026933951266127814,False,stop_boundary_asprovided,True,Raw label equals observed max+1 and endpoint is within 0.005 Ah above threshold; exact crossing unobserved.
Batch3,3,1115.0,5.6C(36%)-4.3C-newstructure,2018-04-12_batchdata_updated_struct_errorcorrect.mat,100,0,100.0,1.064629226,0.0006519290295110248,0.014999449849999999,100,36.08627496168611,39.44593354194349,10.041506500000025,10.04136249999962,-0.010705414352713173,-0.026836614735112785,7.645259474220121e-05,-4.116607770381197,ok,5.6,36.0,4.3,True,0.00197193311036752,False,stop_boundary_asprovided,True,Raw label equals observed max+1 and endpoint is within 0.005 Ah above threshold; exact crossing unobserved.
Batch3,4,1048.0,5.6C(19%)-4.6C-newstructure,2018-04-12_batchdata_updated_struct_errorcorrect.mat,100,0,100.0,1.074509803,0.0005606343947140251,0.015130787929999999,100,32.116221938163385,32.98179311458605,10.04558156666669,10.045821666666598,-0.01010643886890673,-0.024810275761238065,6.630317519564988e-05,-4.178465673149821,ok,5.6,19.0,4.6,True,0.0011827448638316294,False,stop_boundary_asprovided,True,Raw label equals observed max+1 and endpoint is within 0.005 Ah above threshold; exact crossing unobserved.
Batch3,5,828.0,5.6C(36%)-4.3C-newstructure,2018-04-12_batchdata_updated_struct_errorcorrect.mat,100,0,100.0,1.053126149,0.0007147824783898459,0.015184480370000001,100,35.55673795797331,39.68760790232446,10.042033966666736,10.042023333333297,-0.011445765437692483,-0.025445098246365427,7.683799523990656e-05,-4.114423974726586,ok,5.6,36.0,4.3,True,0.002221884774646141,False,stop_boundary_asprovided,True,Raw label equals observed max+1 and endpoint is within 0.005 Ah above threshold; exact crossing unobserved.
Batch3,6,667.0,3.7C(31%)-5.9C-newstructure,2018-04-12_batchdata_updated_struct_errorcorrect.mat,100,0,100.0,1.053842363,0.005846192212801527,0.013728524289999997,100,34.106830623582404,36.9848547328634,10.080800200000038,10.077624166666403,-0.028517561100453784,-0.05320164659124538,0.00029805183986089944,-3.5257081929454923,ok,3.7,31.0,5.9,True,0.02019806840261201,False,stop_boundary_asprovided,True,Raw label equals observed max+1 and endpoint is within 0.005 Ah above threshold; exact crossing unobserved.
Batch3,7,1836.0,4.8C(80%)-4.8C-newstructure,2018-04-12_batchdata_updated_struct_errorcorrect.mat,100,0,100.0,1.070140345,0.0007304149319414596,0.01542963463,100,32.796573540122225,34.274365488315254,11.040715933333365,11.03865666666631,-0.007037779014879844,-0.017059021835070354,3.2453221357996856e-05,-4.488742187967907,ok,4.8,80.0,4.8,True,0.001154761347348938,False,stop_boundary_asprovided,True,Raw label equals observed max+1 and endpoint is within 0.005 Ah above threshold; exact crossing unobserved.
Batch3,8,828.0,5C(67%)-4C-newstructure,2018-04-12_batchdata_updated_struct_errorcorrect.mat,100,0,100.0,1.067962636,0.0007974633129232866,0.015255639590000002,100,33.054603185105975,35.07631520700576,10.043265533333383,10.04311416666654,-0.011806368426415048,-0.026848970612832312,8.094615840627263e-05,-4.091803757442373,ok,5.0,67.0,4.0,True,0.0013761602962259786,False,stop_boundary_asprovided,True,Raw label equals observed max+1 and endpoint is within 0.005 Ah above threshold; exact crossing unobserved.
Batch3,9,1039.0,5.3C(54%)-4C-newstructure,2018-04-12_batchdata_updated_struct_errorcorrect.mat,100,0,100.0,1.072814416,0.0007420405376658326,0.015799972080000002,100,33.087905551872936,35.094569899072255,10.041160733333347,10.041714166666498,-0.01447801181075607,-0.0295752747869662,0.00010416049784765705,-3.982296953008088,ok,5.3,54.0,4.0,True,0.0009062262302907595,False,stop_boundary_asprovided,True,Raw label equals observed max+1 and endpoint is within 0.005 Ah above threshold; exact crossing unobserved.
Batch3,10,1078.0,4.8C(80%)-4.8C-newstructure,2018-04-12_batchdata_updated_struct_errorcorrect.mat,100,0,100.0,1.0643435529999998,0.0006987887962096324,0.015374726730000003,100,32.534149378796045,34.79030485135325,11.039600116666675,11.038147499999953,-0.008335183582489896,-0.019093025885229542,3.8783238947594476e-05,-4.4113559240265765,ok,4.8,80.0,4.8,True,0.0010536494664755173,False,stop_boundary_asprovided,True,Raw label equals observed max+1 and endpoint is within 0.005 Ah above threshold; exact crossing unobserved.
Batch3,11,817.0,5.6C(19%)-4.6C-newstructure,2018-04-12_batchdata_updated_struct_errorcorrect.mat,100,0,100.0,1.069802646,0.000773608719700063,0.01552572104,100,34.2024404879238,37.60510592572477,10.042450400000046,10.042707500000203,-0.015620691175653465,-0.034087374997818,0.00013034033579521087,-3.884921164468091,ok,5.6,19.0,4.6,True,0.002607307294155097,False,stop_boundary_asprovided,True,Raw label equals observed max+1 and endpoint is within 0.005 Ah above threshold; exact crossing unobserved.
Batch3,12,932.0,5.6C(36%)-4.3C-newstructure,2018-04-12_batchdata_updated_struct_errorcorrect.mat,100,0,100.0,1.076303704,0.0005934234812211618,0.01604917654,100,33.219414908227094,35.53857274944269,10.042451699999965,10.042370833333067,-0.01531489306361951,-0.03173492178819726,0.00011303424118898805,-3.9467899768101886,ok,5.6,36.0,4.3,True,0.0014129818442427191,False,stop_boundary_asprovided,True,Raw label equals observed max+1 and endpoint is within 0.005 Ah above threshold; exact crossing unobserved.
Batch3,13,816.0,5.6C(19%)-4.6C-newstructure,2018-04-12_batchdata_updated_struct_errorcorrect.mat,100,0,100.0,1.0686685349999998,0.0009193411989439657,0.01512986131,100,34.11454602993669,37.22804076197745,10.042356366666645,10.042263333333054,-0.01176548019743392,-0.027646083960900736,8.045138308284514e-05,-4.094466485311571,ok,5.6,19.0,4.6,True,0.0023821467590381257,False,stop_boundary_asprovided,True,Raw label equals observed max+1 and endpoint is within 0.005 Ah above threshold; exact crossing unobserved.
Batch3,14,858.0,5.6C(36%)-4.3C-newstructure,2018-04-12_batchdata_updated_struct_errorcorrect.mat,100,0,100.0,1.0769619220000002,0.0009381089817997413,0.015553500930000002,100,33.1189634917196,35.485201171755136,10.041865466666687,10.041927499999776,-0.013203557332650977,-0.029282360362737236,0.00010007654534836023,-3.999667694941731,ok,5.6,36.0,4.3,True,0.0007416038381910482,False,stop_boundary_asprovided,True,Raw label equals observed max+1 and endpoint is within 0.005 Ah above threshold; exact crossing unobserved.
Batch3,15,876.0,5.9C(15%)-4.6C-newstructure,2018-04-12_batchdata_updated_struct_errorcorrect.mat,100,0,100.0,1.07051888,0.0006987989154559661,0.015307385779999998,100,33.50890495011492,36.80312790291116,10.04163998333339,10.041699999999885,-0.013340330831580071,-0.02948434500233621,9.984253014088351e-05,-4.000684421929468,ok,5.9,15.0,4.6,True,0.0019179976110839066,False,stop_boundary_asprovided,True,Raw label equals observed max+1 and endpoint is within 0.005 Ah above threshold; exact crossing unobserved.
Batch3,16,1638.0,4.8C(80%)-4.8C-newstructure,2018-04-12_batchdata_updated_struct_errorcorrect.mat,100,0,100.0,1.063479291,0.0007637041313370172,0.015312616069999998,100,34.940582146689,37.831863057962785,11.040743116666663,11.040202500000305,-0.005323302354980101,-0.013451995639618852,2.020628622431914e-05,-4.694513499472995,ok,4.8,80.0,4.8,True,0.0017792854753944888,False,stop_boundary_asprovided,True,Raw label equals observed max+1 and endpoint is within 0.005 Ah above threshold; exact crossing unobserved.
Batch3,17,1315.0,5.3C(54%)-4C-newstructure,2018-04-12_batchdata_updated_struct_errorcorrect.mat,100,0,100.0,1.06703041,0.0013952882873254093,0.015444837509999998,100,35.0701249907806,37.399668947689364,10.042114583333325,10.042461666666107,-0.007236216829825155,-0.017882391550413823,3.633180045384266e-05,-4.439713079764758,ok,5.3,54.0,4.0,True,0.0007808218665389356,False,stop_boundary_asprovided,True,Raw label equals observed max+1 and endpoint is within 0.005 Ah above threshold; exact crossing unobserved.
Batch3,18,1146.0,5.6C(19%)-4.6C-newstructure,2018-04-12_batchdata_updated_struct_errorcorrect.mat,100,0,100.0,1.068854892,0.0009522239721129974,0.01501670906,100,35.2895491601317,37.9685961949252,10.043120649999981,10.0431541666665,-0.010342257243667845,-0.02345576998165999,5.571190370898626e-05,-4.254052001185467,ok,5.6,19.0,4.6,True,0.0034734536550410293,False,stop_boundary_asprovided,True,Raw label equals observed max+1 and endpoint is within 0.005 Ah above threshold; exact crossing unobserved.
Batch3,19,1155.0,5.6C(36%)-4.3C-newstructure,2018-04-12_batchdata_updated_struct_errorcorrect.mat,100,0,100.0,1.072699883,0.0009511302826409019,0.015464905509999998,100,35.096922678438716,37.874381938922404,10.04319876666662,10.043325000000065,-0.011545479663150093,-0.025293657704202555,6.730667325120848e-05,-4.171941874669042,ok,5.6,36.0,4.3,True,0.0035139420289853366,False,stop_boundary_asprovided,True,Raw label equals observed max+1 and endpoint is within 0.005 Ah above threshold; exact crossing unobserved.
Batch3,20,813.0,5C(67%)-4C-newstructure,2018-04-12_batchdata_updated_struct_errorcorrect.mat,100,0,100.0,1.067413169,0.000663070633941026,0.0152651037,100,33.10117160343903,35.73575315343805,10.043364750000022,10.043153333333612,-0.011919383387319954,-0.028071993572476917,8.583320053473407e-05,-4.066344693269561,ok,5.0,67.0,4.0,True,0.001521490364707253,False,stop_boundary_asprovided,True,Raw label equals observed max+1 and endpoint is within 0.005 Ah above threshold; exact crossing unobserved.
Batch3,21,772.0,3.7C(31%)-5.9C-newstructure,2018-04-12_batchdata_updated_struct_errorcorrect.mat,100,0,100.0,1.0620371939999997,0.004612570311392487,0.014091463680000001,100,34.89763562513402,37.91789788915317,10.07912276666667,10.075920000000043,-0.02353870422305198,-0.04327614857800555,0.00019754830798491912,-3.704326685729231,ok,3.7,31.0,5.9,True,0.016495982720178055,False,stop_boundary_asprovided,True,Raw label equals observed max+1 and endpoint is within 0.005 Ah above threshold; exact crossing unobserved.
Batch3,22,1002.0,5.9C(60%)-3.1C-newstructure,2018-04-12_batchdata_updated_struct_errorcorrect.mat,100,0,100.0,1.0581246559999997,0.0007339927314092588,0.01568802504,100,34.60869711791826,37.530657648574746,10.042560166666604,10.042943333333337,-0.013722550516362944,-0.028409329718630083,8.977958692912617e-05,-4.046822397094466,ok,5.9,60.0,3.1,True,0.002352808568243811,False,stop_boundary_asprovided,True,Raw label equals observed max+1 and endpoint is within 0.005 Ah above threshold; exact crossing unobserved.
Batch3,23,,4.8C(80%)-4.8C-newstructure,2018-04-12_batchdata_updated_struct_errorcorrect.mat,100,0,100.0,1.0680805560000002,0.0006693614581680082,0.015262443050000001,100,34.92795337287084,38.20120274723386,11.038356266666655,11.037759166666607,-0.006808658684372332,-0.01560831972082899,2.8589729471192788e-05,-4.5437899541111975,ok,4.8,80.0,4.8,True,0.0010021841057487949,False,missing_raw_target,False,Raw target missing; retain NaN; no imputation.
Batch3,24,825.0,5C(67%)-4C-newstructure,2018-04-12_batchdata_updated_struct_errorcorrect.mat,100,0,100.0,1.050388327,0.0009017918662705425,0.01555621234,100,34.68692543774402,37.23479966727514,10.041844149999976,10.041895833333061,-0.010345482795288031,-0.0247723986145858,6.994312062017459e-05,-4.155254994876533,ok,5.0,67.0,4.0,True,-2.0911769389694144e-05,False,stop_boundary_asprovided,True,Raw label equals observed max+1 and endpoint is within 0.005 Ah above threshold; exact crossing unobserved.
Batch3,25,989.0,5.3C(54%)-4C-newstructure,2018-04-12_batchdata_updated_struct_errorcorrect.mat,100,0,100.0,1.064775079,0.0008437993317020318,0.015643412000000002,100,35.58083474119666,38.88370920104618,10.042412550000016,10.042399166666776,-0.010925821646167616,-0.026576249209760316,7.135743905511085e-05,-4.1465607447332715,ok,5.3,54.0,4.0,True,0.00023944306418186888,False,stop_boundary_asprovided,True,Raw label equals observed max+1 and endpoint is within 0.005 Ah above threshold; exact crossing unobserved.
Batch3,26,1028.0,5.6C(19%)-4.6C-newstructure,2018-04-12_batchdata_updated_struct_errorcorrect.mat,100,0,100.0,1.075070867,0.0007352192162686596,0.015594801479999998,100,35.744145079440855,39.138684508189556,10.04228274999997,10.042265000000285,-0.01013959278346487,-0.02417913926788795,6.032434097872005e-05,-4.219507413901045,ok,5.6,19.0,4.6,True,0.0009366520146517717,False,stop_boundary_asprovided,True,Raw label equals observed max+1 and endpoint is within 0.005 Ah above threshold; exact crossing unobserved.
Batch3,27,850.0,5.6C(36%)-4.3C-newstructure,2018-04-12_batchdata_updated_struct_errorcorrect.mat,100,0,100.0,1.063664561,0.0007818364330597573,0.01492139064,100,35.30704053711157,38.443267394830116,10.04501170000002,10.044974166666604,-0.01070991087322853,-0.026600290807078597,7.410844302086189e-05,-4.130132310934438,ok,5.6,36.0,4.3,True,0.001360831183309187,False,stop_boundary_asprovided,True,Raw label equals observed max+1 and endpoint is within 0.005 Ah above threshold; exact crossing unobserved.
Batch3,28,541.0,3.7C(31%)-5.9C-newstructure,2018-04-12_batchdata_updated_struct_errorcorrect.mat,100,0,100.0,1.044589539,0.005718589740219916,0.01341840246,100,35.69503585363536,39.55881069772407,10.088379333333394,10.083590000000306,-0.03025611921470947,-0.05783112055064066,0.00035346149253269254,-3.451657893017001,ok,3.7,31.0,5.9,True,0.02038271125975491,False,stop_boundary_asprovided,True,Raw label equals observed max+1 and endpoint is within 0.005 Ah above threshold; exact crossing unobserved.
Batch3,29,858.0,5.9C(15%)-4.6C-newstructure,2018-04-12_batchdata_updated_struct_errorcorrect.mat,100,0,100.0,1.0704472710000001,0.000962367701026373,0.01482580993,100,31.262770102233162,31.681289998175462,10.041969533333301,10.041552500000154,-0.011300575148553208,-0.028921475161164945,8.638212824469724e-05,-4.0635761002012085,ok,5.9,15.0,4.6,True,0.0008320326485101226,False,stop_boundary_asprovided,True,Raw label equals observed max+1 and endpoint is within 0.005 Ah above threshold; exact crossing unobserved.
Batch3,30,935.0,5.3C(54%)-4C-newstructure,2018-04-12_batchdata_updated_struct_errorcorrect.mat,100,0,100.0,1.071663629,0.000704562597070634,0.015574562060000002,100,32.242770445878016,33.955655894480245,10.04344528333331,10.043574999999691,-0.011137570899382837,-0.026737169755743473,7.939158148811134e-05,-4.1002255467806545,ok,5.3,54.0,4.0,True,0.0012111815575727438,False,stop_boundary_asprovided,True,Raw label equals observed max+1 and endpoint is within 0.005 Ah above threshold; exact crossing unobserved.
Batch3,31,731.0,5.9C(60%)-3.1C-newstructure,2018-04-12_batchdata_updated_struct_errorcorrect.mat,100,0,100.0,1.070766659,0.0007243807220821439,0.01587661182,100,33.99934624579011,36.77289772500682,10.04570423333328,10.045919166666863,-0.01635054856148944,-0.035619409739265695,0.00014467616046037193,-3.8396030254357147,ok,5.9,60.0,3.1,True,0.0018176889632097318,False,stop_boundary_asprovided,True,Raw label equals observed max+1 and endpoint is within 0.005 Ah above threshold; exact crossing unobserved.
Batch3,32,,4.8C(80%)-4.8C-newstructure,2018-04-12_batchdata_updated_struct_errorcorrect.mat,100,0,100.0,1.074301613,0.0006351197234873355,0.015374332259999998,100,35.43328136368462,38.119828240013966,11.039470466666693,11.038452499999888,-0.0032569008987653743,-0.01012140041626175,2.1215204766387927e-05,-4.67335277212347,ok,4.8,80.0,4.8,True,0.001664430880714326,False,missing_raw_target,False,Raw target missing; retain NaN; no imputation.
Batch3,33,1284.0,5C(67%)-4C-newstructure,2018-04-12_batchdata_updated_struct_errorcorrect.mat,100,0,100.0,1.0621317549999998,0.0006587168442387377,0.015343473930000002,100,33.10620851106884,34.28531457281655,10.043266033333353,10.043314999999954,-0.00784867836178756,-0.019885925647910252,4.0188487978171294e-05,-4.395898333073689,ok,5.0,67.0,4.0,True,0.0019786073419326955,False,stop_boundary_asprovided,True,Raw label equals observed max+1 and endpoint is within 0.005 Ah above threshold; exact crossing unobserved.
Batch3,34,1158.0,5.3C(54%)-4C-newstructure,2018-04-12_batchdata_updated_struct_errorcorrect.mat,100,0,100.0,1.06321586,0.0008442479243550266,0.01530397606,100,35.77751733452584,38.986137122300555,10.043544616666672,10.043918333333325,-0.00955200556777299,-0.02150989276991433,4.946983882423062e-05,-4.305659504591576,ok,5.3,54.0,4.0,True,0.00287685156872145,False,stop_boundary_asprovided,True,Raw label equals observed max+1 and endpoint is within 0.005 Ah above threshold; exact crossing unobserved.
Batch3,35,1093.0,5.6C(19%)-4.6C-newstructure,2018-04-12_batchdata_updated_struct_errorcorrect.mat,100,0,100.0,1.064480499,0.0007108903719337274,0.015375660359999998,100,35.53070785023565,38.53573773732641,10.04359398333331,10.043604166666531,-0.009826425701495065,-0.02302807515263361,5.8229318902417414e-05,-4.234858289724564,ok,5.6,19.0,4.6,True,0.0025972753623184283,False,stop_boundary_asprovided,True,Raw label equals observed max+1 and endpoint is within 0.005 Ah above threshold; exact crossing unobserved.
Batch3,36,923.0,5.6C(36%)-4.3C-newstructure,2018-04-12_batchdata_updated_struct_errorcorrect.mat,100,0,100.0,1.0593433760000002,0.0008728669517044315,0.01513591896,100,35.87707905775121,39.385265734517226,10.043492250000025,10.043481666666413,-0.009908357469924613,-0.022981813517992444,5.5788165335225655e-05,-4.253457920681209,ok,5.6,36.0,4.3,True,0.0031330277114188176,False,stop_boundary_asprovided,True,Raw label equals observed max+1 and endpoint is within 0.005 Ah above threshold; exact crossing unobserved.
Batch3,37,1390.0,4.8C(80%)-4.8C-newstructure,2018-04-12_batchdata_updated_struct_errorcorrect.mat,100,0,100.0,1.049437267,0.0018968216036761927,0.014718332760000001,100,35.01566783438418,37.821866391239226,11.038440433333296,11.038369999999972,-0.001076797766325731,-0.008439822988718593,7.96423654716803e-06,-5.098855849397497,ok,4.8,80.0,4.8,True,0.0010553569835955608,False,stop_boundary_asprovided,True,Raw label equals observed max+1 and endpoint is within 0.005 Ah above threshold; exact crossing unobserved.
Batch3,38,1935.0,5C(67%)-4C-newstructure,2018-04-12_batchdata_updated_struct_errorcorrect.mat,100,0,100.0,1.0719545209999999,0.0005377218907360753,0.01583763829,100,34.743831508087126,37.73701176388907,10.043712449999965,10.04354666666671,-0.008693083372975452,-0.020147005721674938,4.5493249228224246e-05,-4.342053043792284,ok,5.0,67.0,4.0,True,0.0014591073419333157,False,stop_boundary_asprovided,True,Raw label equals observed max+1 and endpoint is within 0.005 Ah above threshold; exact crossing unobserved.
Batch3,39,1156.0,5.3C(54%)-4C-newstructure,2018-04-12_batchdata_updated_struct_errorcorrect.mat,100,0,100.0,1.050541451,0.0008788248672931023,0.015564932220000001,100,33.88624079961266,36.07485440375697,10.043103450000004,10.04355333333345,-0.006428438589560583,-0.017457917694832736,3.510467231268054e-05,-4.454635076566319,ok,5.3,54.0,4.0,True,0.0018589115304987359,False,stop_boundary_asprovided,True,Raw label equals observed max+1 and endpoint is within 0.005 Ah above threshold; exact crossing unobserved.
Batch3,40,796.0,5.6C(19%)-4.6C-newstructure,2018-04-12_batchdata_updated_struct_errorcorrect.mat,100,0,100.0,1.062950962,0.0009449537959716434,0.01539237993,100,34.05078155019701,37.52384046715492,10.043767949999994,10.043501666666513,-0.009078861478925766,-0.022053794482172262,5.068643250322407e-05,-4.29510827493732,ok,5.6,19.0,4.6,True,0.0020118159738809122,False,stop_boundary_asprovided,True,Raw label equals observed max+1 and endpoint is within 0.005 Ah above threshold; exact crossing unobserved.
Batch3,41,786.0,5.6C(36%)-4.3C-newstructure,2018-04-12_batchdata_updated_struct_errorcorrect.mat,100,0,100.0,1.0543223270000002,0.0008579445558897308,0.01830944555,100,33.639374640057895,36.627600886306475,10.043166433333276,10.043069999999958,-0.009748050525024678,-0.024192993699098664,6.03240691683163e-05,-4.2195093707566445,ok,5.6,36.0,4.3,True,3.574534161364752e-06,False,stop_boundary_asprovided,True,Raw label equals observed max+1 and endpoint is within 0.005 Ah above threshold; exact crossing unobserved.
Batch3,42,1642.0,4.8C(80%)-4.8C-newstructure,2018-04-12_batchdata_updated_struct_errorcorrect.mat,100,0,100.0,1.069482281,0.0006050430126950603,0.016134806780000004,100,33.02954632330684,35.567796863982466,11.038488366666636,11.038323333333391,0.0007845194706261452,-0.005609789046358671,4.5061465820542114e-05,-4.346194685061839,ok,4.8,80.0,4.8,True,0.0004988232998889843,False,stop_boundary_asprovided,True,Raw label equals observed max+1 and endpoint is within 0.005 Ah above threshold; exact crossing unobserved.
Batch3,43,1046.0,5C(67%)-4C-newstructure,2018-04-12_batchdata_updated_struct_errorcorrect.mat,100,0,100.0,1.0728472510000002,0.000597972364061091,0.0158306738,100,33.891919511346536,36.95027454276166,10.043647099999939,10.043629166666264,-0.003266056933426803,-0.01297639899175873,4.822275074444368e-05,-4.316748020025344,ok,5.0,67.0,4.0,True,0.00043306935817787886,False,stop_boundary_asprovided,True,Raw label equals observed max+1 and endpoint is within 0.005 Ah above threshold; exact crossing unobserved.
Batch3,44,940.0,5.3C(54%)-4C-newstructure,2018-04-12_batchdata_updated_struct_errorcorrect.mat,100,0,100.0,1.073270589,0.0008308499862037311,0.015574222660000001,100,33.350873108759004,36.33391749012359,10.043223416666626,10.043418333333102,-0.011231061096491921,-0.02598513188750473,7.387618796699746e-05,-4.131495522376496,ok,5.3,54.0,4.0,True,0.0006423009237142244,False,stop_boundary_asprovided,True,Raw label equals observed max+1 and endpoint is within 0.005 Ah above threshold; exact crossing unobserved.
Batch3,45,1801.0,4.8C(80%)-4.8C-newstructure,2018-04-12_batchdata_updated_struct_errorcorrect.mat,100,0,100.0,1.071439217,0.0005292018442242096,0.015620286640000001,100,32.724855320443154,34.68002467582143,11.03858153333335,11.037995833333238,-0.007131752461986142,-0.016477960740300612,3.014041303195534e-05,-4.5208508005857535,ok,4.8,80.0,4.8,True,0.0007017380156074253,False,stop_boundary_asprovided,True,Raw label equals observed max+1 and endpoint is within 0.005 Ah above threshold; exact crossing unobserved.
