candidate,feature,fit_scope,coefficient_standardized,coefficient_original_units,imputation_median,scaler_mean,scaler_scale,intercept_standardized,intercept_original_units
linear_F0,log10_delta_Q_var,development_only,-115.34058633605423,-502.23412821356555,-3.795609350707515,-3.798059739546191,0.22965501517453196,786.5714285714286,-1120.9437936225945
linear_F1,log10_delta_Q_var,development_only,-93.3512666970594,-406.4847729369847,-3.795609350707515,-3.798059739546191,0.22965501517453196,786.5714285714286,-92.15449468744498
linear_F1,median_chargetime,development_only,28.05165026442457,33.49039613231434,10.763430833333285,10.690964345238154,0.8376028206294637,786.5714285714286,-92.15449468744498
linear_F1,mean_Tavg,development_only,-26.00237855226524,-31.257771530699795,33.00189213468816,32.73336864482581,0.8318692369584642,786.5714285714286,-92.15449468744498
ridge_F1_alpha_0.1,log10_delta_Q_var,development_only,-92.90991881691438,-404.5629865574902,-3.795609350707515,-3.798059739546191,0.22965501517453196,786.5714285714286,-85.50626685116538
ridge_F1_alpha_0.1,median_chargetime,development_only,28.22257644742616,33.69446204373658,10.763430833333285,10.690964345238154,0.8376028206294637,786.5714285714286,-85.50626685116538
ridge_F1_alpha_0.1,mean_Tavg,development_only,-26.041282283328755,-31.304538173021797,33.00189213468816,32.73336864482581,0.8318692369584642,786.5714285714286,-85.50626685116538
ridge_F1_alpha_1,log10_delta_Q_var,development_only,-89.25559165139957,-388.6507402573708,-3.795609350707515,-3.798059739546191,0.22965501517453196,786.5714285714286,-32.93195220884729
ridge_F1_alpha_1,median_chargetime,development_only,29.49316220447321,35.21139313058774,10.763430833333285,10.690964345238154,0.8376028206294637,786.5714285714286,-32.93195220884729
ridge_F1_alpha_1,mean_Tavg,development_only,-26.253640195526444,-31.55981616956621,33.00189213468816,32.73336864482581,0.8318692369584642,786.5714285714286,-32.93195220884729
ridge_F1_alpha_10,log10_delta_Q_var,development_only,-67.62196528423777,-294.4502005882467,-3.795609350707515,-3.798059739546191,0.22965501517453196,786.5714285714286,196.98703238984717
ridge_F1_alpha_10,median_chargetime,development_only,31.514900328541458,37.6251124666197,10.763430833333285,10.690964345238154,0.8376028206294637,786.5714285714286,196.98703238984717
ridge_F1_alpha_10,mean_Tavg,development_only,-23.66005840483271,-28.442040351606458,33.00189213468816,32.73336864482581,0.8318692369584642,786.5714285714286,196.98703238984717
ridge_F1_alpha_100,log10_delta_Q_var,development_only,-23.005586699208155,-100.17454520522661,-3.795609350707515,-3.798059739546191,0.22965501517453196,786.5714285714286,542.2036877842457
ridge_F1_alpha_100,median_chargetime,development_only,14.32735237921128,17.105186403794804,10.763430833333285,10.690964345238154,0.8376028206294637,786.5714285714286,542.2036877842457
ridge_F1_alpha_100,mean_Tavg,development_only,-8.106195358292275,-9.744554790763376,33.00189213468816,32.73336864482581,0.8318692369584642,786.5714285714286,542.2036877842457
elasticnet_F1_alpha_0.1_l1_ratio_0.1,log10_delta_Q_var,development_only,-84.08777269458787,-366.1482098733324,-3.795609350707515,-3.798059739546191,0.22965501517453196,786.5714285714286,33.615412847457605
elasticnet_F1_alpha_0.1_l1_ratio_0.1,median_chargetime,development_only,30.820988516173777,36.79666275838424,10.763430833333285,10.690964345238154,0.8376028206294637,786.5714285714286,33.615412847457605
elasticnet_F1_alpha_0.1_l1_ratio_0.1,mean_Tavg,development_only,-26.203562181514343,-31.499616787515254,33.00189213468816,32.73336864482581,0.8318692369584642,786.5714285714286,33.615412847457605
elasticnet_F1_alpha_0.1_l1_ratio_0.5,log10_delta_Q_var,development_only,-87.7928314483217,-382.28135963676385,-3.795609350707515,-3.798059739546191,0.22965501517453196,786.5714285714286,-14.803111432008222
elasticnet_F1_alpha_0.1_l1_ratio_0.5,median_chargetime,development_only,29.863816357079692,35.6539109247947,10.763430833333285,10.690964345238154,0.8376028206294637,786.5714285714286,-14.803111432008222
elasticnet_F1_alpha_0.1_l1_ratio_0.5,mean_Tavg,development_only,-26.21980199319272,-31.519138860164265,33.00189213468816,32.73336864482581,0.8318692369584642,786.5714285714286,-14.803111432008222
elasticnet_F1_alpha_1_l1_ratio_0.1,log10_delta_Q_var,development_only,-50.186784681748236,-218.53119403296094,-3.795609350707515,-3.798059739546191,0.22965501517453196,786.5714285714286,324.4123475801922
elasticnet_F1_alpha_1_l1_ratio_0.1,median_chargetime,development_only,27.207949194875265,32.483115534912265,10.763430833333285,10.690964345238154,0.8376028206294637,786.5714285714286,324.4123475801922
elasticnet_F1_alpha_1_l1_ratio_0.1,mean_Tavg,development_only,-18.173475525202782,-21.84655318142291,33.00189213468816,32.73336864482581,0.8318692369584642,786.5714285714286,324.4123475801922
elasticnet_F1_alpha_1_l1_ratio_0.5,log10_delta_Q_var,development_only,-61.62591403533966,-268.3412508475181,-3.795609350707515,-3.798059739546191,0.22965501517453196,786.5714285714286,234.72061218887916
elasticnet_F1_alpha_1_l1_ratio_0.5,median_chargetime,development_only,30.23466070218688,36.096655786647595,10.763430833333285,10.690964345238154,0.8376028206294637,786.5714285714286,234.72061218887916
elasticnet_F1_alpha_1_l1_ratio_0.5,mean_Tavg,development_only,-21.68363969153736,-26.066163680746904,33.00189213468816,32.73336864482581,0.8318692369584642,786.5714285714286,234.72061218887916
elasticnet_F1_alpha_10_l1_ratio_0.1,log10_delta_Q_var,development_only,-10.93940330730623,-47.63407103908688,-3.795609350707515,-3.798059739546191,0.22965501517453196,786.5714285714286,660.1933260052126
elasticnet_F1_alpha_10_l1_ratio_0.1,median_chargetime,development_only,7.058809191036919,8.42739424603678,10.763430833333285,10.690964345238154,0.8376028206294637,786.5714285714286,660.1933260052126
elasticnet_F1_alpha_10_l1_ratio_0.1,mean_Tavg,development_only,-3.6757038550740586,-4.418607747190427,33.00189213468816,32.73336864482581,0.8318692369584642,786.5714285714286,660.1933260052126
elasticnet_F1_alpha_10_l1_ratio_0.5,log10_delta_Q_var,development_only,-17.16137432457548,-74.72675618049652,-3.795609350707515,-3.798059739546191,0.22965501517453196,786.5714285714286,580.1317786869485
elasticnet_F1_alpha_10_l1_ratio_0.5,median_chargetime,development_only,10.551312643854128,12.597035711895947,10.763430833333285,10.690964345238154,0.8376028206294637,786.5714285714286,580.1317786869485
elasticnet_F1_alpha_10_l1_ratio_0.5,mean_Tavg,development_only,-5.388969168632653,-6.47814455591141,33.00189213468816,32.73336864482581,0.8318692369584642,786.5714285714286,580.1317786869485
elasticnet_F1_alpha_100_l1_ratio_0.1,log10_delta_Q_var,development_only,-1.152113696581623,-5.0167147262429514,-3.795609350707515,-3.798059739546191,0.22965501517453196,786.5714285714286,770.38095399006
elasticnet_F1_alpha_100_l1_ratio_0.1,median_chargetime,development_only,0.7317003590270809,0.8735648221399297,10.763430833333285,10.690964345238154,0.8376028206294637,786.5714285714286,770.38095399006
elasticnet_F1_alpha_100_l1_ratio_0.1,mean_Tavg,development_only,-0.3101096233771874,-0.3727865024929049,33.00189213468816,32.73336864482581,0.8318692369584642,786.5714285714286,770.38095399006
elasticnet_F1_alpha_100_l1_ratio_0.5,log10_delta_Q_var,development_only,-1.2751485105233191,-5.552452270873505,-3.795609350707515,-3.798059739546191,0.22965501517453196,786.5714285714286,758.8667100817236
elasticnet_F1_alpha_100_l1_ratio_0.5,median_chargetime,development_only,0.5183559724997358,0.6188565269039902,10.763430833333285,10.690964345238154,0.8376028206294637,786.5714285714286,758.8667100817236
elasticnet_F1_alpha_100_l1_ratio_0.5,mean_Tavg,development_only,-0.0,-0.0,33.00189213468816,32.73336864482581,0.8318692369584642,786.5714285714286,758.8667100817236
