candidate,feature_set,estimator,alpha,l1_ratio,max_iter,tol,fold,n_train,n_validation,train_negative_prediction_count,validation_negative_prediction_count,train_mape_pct,validation_mape_pct,gap_mape_pct,train_mae,validation_mae,gap_mae,train_rmse,validation_rmse,gap_rmse,train_r2,validation_r2,gap_r2
dummy_mean,F0,DummyRegressor,,,,,1,22,6,0,0,14.39222496501099,20.891346572316113,6.499121607305122,108.85950413223141,166.18181818181816,57.32231404958675,128.54207916360494,192.25967431873488,63.71759515512994,0.0,-0.05149151921030537,0.05149151921030537
dummy_mean,F0,DummyRegressor,,,,,2,22,6,0,0,16.386371775406815,12.481250909512298,-3.905120865894517,122.48760330578513,116.2121212121212,-6.275482093663925,145.8898387185424,145.33009590879482,-0.5597428097475756,0.0,-0.7925979143932189,0.7925979143932189
dummy_mean,F0,DummyRegressor,,,,,3,22,6,0,0,17.943956445515482,9.682731978451407,-8.261224467064075,135.23140495867767,72.5151515151515,-62.71625344352617,158.08534152985712,75.45494705990237,-82.63039446995475,0.0,-0.15809432089486086,0.15809432089486086
dummy_mean,F0,DummyRegressor,,,,,4,23,5,0,0,15.848965432129908,20.638010505564537,4.789045073434629,121.0586011342155,136.2086956521739,15.150094517958408,146.01715464902006,143.89621601344064,-2.120938635579421,0.0,-1.4530296009717718,1.4530296009717718
dummy_mean,F0,DummyRegressor,,,,,5,23,5,0,0,15.111216520521872,20.429037585398216,5.317821064876345,116.7750472589792,142.52173913043478,25.74669187145558,138.10195953980326,170.0362776815238,31.934318141720553,0.0,-0.01010709301975865,0.01010709301975865
linear_F0,F0,LinearRegression,,,,,1,22,6,0,0,8.708242207884776,8.541388902992729,-0.1668533048920473,68.7072978999829,75.80040452144196,7.093106621459057,84.44802564417098,94.88331507125318,10.435289427082196,0.5683931187310773,0.7439003002367501,-0.1755071815056728
linear_F0,F0,LinearRegression,,,,,2,22,6,0,0,8.91914909331568,7.44270149476221,-1.4764475985534693,70.72249775356927,66.9819848731132,-3.740512880456066,88.62502605679961,80.37896466705159,-8.246061389748021,0.6309691586121209,0.4516515978741643,0.17931756073795657
linear_F0,F0,LinearRegression,,,,,3,22,6,0,0,8.947363145382836,9.363022592749275,0.4156594473664388,71.87051172783931,71.24065518490532,-0.6298565429339931,86.24104952354475,96.58393171732965,10.342882193784902,0.7023918209900493,-0.897484581516977,1.5998764025070262
linear_F0,F0,LinearRegression,,,,,4,23,5,0,0,8.885833231564035,9.308929774011672,0.4230965424476363,73.21304967815217,63.78872161735107,-9.424328060801102,88.43161564153019,79.85004116271026,-8.581574478819931,0.63321855549796,0.24463939589357198,0.38857915960438805
linear_F0,F0,LinearRegression,,,,,5,23,5,0,0,7.766931248828069,11.766677078466492,3.9997458296384227,63.51751420728614,96.41549170238791,32.89797749510177,82.54514354751547,106.76631059267439,24.22116704515892,0.6427408402144671,0.6017528159981814,0.04098802421628567
linear_F1,F1,LinearRegression,,,,,1,22,6,0,0,8.963478535375707,8.61193123724326,-0.3515472981324468,69.22334890107783,72.8796873405065,3.65633843942868,81.23596174656645,90.88771465493086,9.651752908364415,0.6006018837739766,0.7650152186534511,-0.16441333487947452
linear_F1,F1,LinearRegression,,,,,2,22,6,0,0,9.163512729559189,7.112442627068173,-2.051070102491016,70.7472295690779,63.54423159582575,-7.2029979732521525,84.96088995175123,78.83823704553717,-6.122652906214057,0.6608529705333204,0.4724719284985204,0.1883810420348
linear_F1,F1,LinearRegression,,,,,3,22,6,0,0,8.98420381679325,9.168698721007186,0.18449490421393477,70.77639669231785,69.38502527110457,-1.3913714212132788,84.54914501869744,88.19305919050797,3.643914171810522,0.7139544229749977,-0.5821123085572477,1.2960667315322454
linear_F1,F1,LinearRegression,,,,,4,23,5,0,0,8.49871771173011,12.787211954374515,4.288494242644404,67.1947650247527,88.06625940538349,20.871494380630793,81.29776708684858,98.50057567575998,17.202808588911395,0.6900087236371077,-0.14942748860994848,0.8394362122470562
linear_F1,F1,LinearRegression,,,,,5,23,5,0,0,8.209158908128554,11.855038881668445,3.6458799735398912,64.9860711335807,92.27674851268014,27.29067737909945,78.79779030598655,102.16021770818888,23.36242740220233,0.674441981785892,0.6353738078769918,0.03906817390890016
ridge_F1_alpha_0.1,F1,Ridge,0.1,,,,1,22,6,0,0,8.963003627243515,8.612808122731872,-0.3501955045116425,69.21490510750209,72.98404437022124,3.7691392627191505,81.23691785214245,90.83666001649883,9.599742164356371,0.6005924822969719,0.7652791419685098,-0.16468665967153784
ridge_F1_alpha_0.1,F1,Ridge,0.1,,,,2,22,6,0,0,9.171145235155247,7.12027247976606,-2.0508727553891877,70.80857532089948,63.63156205953783,-7.177013261361651,84.9621703162831,78.93136942842267,-6.030800887860437,0.6608427485335316,0.4712248441642184,0.18961790436931325
ridge_F1_alpha_0.1,F1,Ridge,0.1,,,,3,22,6,0,0,9.001600832494034,9.09427730650324,0.09267647400920609,70.89790671272212,68.74733658117354,-2.1505701315485766,84.55274882260183,87.3129655464048,2.7602167238029693,0.7139300377695296,-0.5506935219583475,1.2646235597278772
ridge_F1_alpha_0.1,F1,Ridge,0.1,,,,4,23,5,0,0,8.502788086793183,12.77858139634766,4.2757933095544765,67.23823775737633,88.0209567189589,20.782718961582574,81.29855825397476,98.57593880380932,17.27738054983456,0.6900026901109871,-0.15118702328769462,0.8411897133986818
ridge_F1_alpha_0.1,F1,Ridge,0.1,,,,5,23,5,0,0,8.211328360666185,11.884597290091522,3.673268929425337,65.01783616255494,92.41516065745664,27.397324494901696,78.79883234825718,102.25706905681965,23.458236708562467,0.6744333712028203,0.634682124187676,0.03975124701514432
ridge_F1_alpha_1,F1,Ridge,1.0,,,,1,22,6,0,0,8.96707567844657,8.618262289524797,-0.3488133889217728,69.21816174193553,73.87494250548004,4.6567807635445035,81.32394852959791,90.62179839111177,9.297849861513853,0.5997362379274416,0.7663882285307562,-0.1666519906033146
ridge_F1_alpha_1,F1,Ridge,1.0,,,,2,22,6,0,0,9.23027552513154,7.180831969394265,-2.049443555737276,71.3032481120099,64.33257931274977,-6.970668799260125,85.07224561208339,79.81644500278958,-5.255800609293814,0.6599633684876233,0.45929980327328535,0.20066356521433792
ridge_F1_alpha_1,F1,Ridge,1.0,,,,3,22,6,0,0,9.12564461506783,8.53970430371655,-0.5859403113512816,71.80162975762461,63.99733581091893,-7.804293946705677,84.81346991476316,81.14396304377769,-3.6695068709854723,0.7121631061008222,-0.3393094211013341,1.0514725272021563
ridge_F1_alpha_1,F1,Ridge,1.0,,,,4,23,5,0,0,8.536796392644398,12.696587356482159,4.159790963837761,67.61070769943291,87.57598645415005,19.965278754717147,81.37218619004202,99.21029540202709,17.83810921198507,0.6894409385110446,-0.1660509503280967,0.8554918888391413
ridge_F1_alpha_1,F1,Ridge,1.0,,,,5,23,5,0,0,8.223048455639828,12.135651068121867,3.912602612482038,65.25120302207179,93.62403730462673,28.372834282554933,78.88874744604676,103.13862087437411,24.249873428327348,0.6736899577311377,0.6283562082899692,0.045333749441168525
ridge_F1_alpha_10,F1,Ridge,10.0,,,,1,22,6,0,0,9.61216042992621,10.403616489910934,0.7914560599847249,73.7320060115121,89.94750963550685,16.21550362399475,85.74395006455656,100.38326250615835,14.639312441601788,0.5550447525180411,0.7133499760656462,-0.15830522354760512
ridge_F1_alpha_10,F1,Ridge,10.0,,,,2,22,6,0,0,10.307855119265994,7.633234333577432,-2.674620785688562,79.17865919472378,69.78539087562503,-9.393268319098752,89.94556476235586,89.2089012075397,-0.7366635548161611,0.6198898927937071,0.3245578684328905,0.2953320243608166
ridge_F1_alpha_10,F1,Ridge,10.0,,,,3,22,6,0,0,10.38031176435325,7.021037801558585,-3.3592739627946653,81.15650944617931,51.034047195774725,-30.12246225040459,91.60042493747684,64.79761779038593,-26.802807147090917,0.6642532842613313,0.1459435555354056,0.5183097287259257
ridge_F1_alpha_10,F1,Ridge,10.0,,,,4,23,5,0,0,9.376547988984923,14.347213434203384,4.9706654452184615,73.86667888665261,97.97406126549797,24.107382378845358,85.75270407263721,104.51859863879774,18.765894566160526,0.6551042166931775,-0.2941696119693893,0.9492738286625668
ridge_F1_alpha_10,F1,Ridge,10.0,,,,5,23,5,0,0,8.96917757651213,13.868208608167858,4.899031031655728,71.09078897265994,103.0220149160574,31.931225943397465,83.03022218858676,111.40800951537663,28.37778732678987,0.6385296176605504,0.5663722447308794,0.07215737292967095
ridge_F1_alpha_100,F1,Ridge,100.0,,,,1,22,6,0,0,12.723127965625464,17.52909146125546,4.805963495629998,96.48966136344951,141.8284330710841,45.33877170763459,112.46277393256817,161.03693139860883,48.57415746604066,0.23453217265842752,0.26229905061737757,-0.027766877958950054
ridge_F1_alpha_100,F1,Ridge,100.0,,,,2,22,6,0,0,14.230413975436159,10.473768548695801,-3.7566454267403575,107.0018121531619,97.83884580229272,-9.16296635086917,123.35351248453854,124.55500665821212,1.2014941736735807,0.2850873978488677,-0.3167221611854496,0.6018095590343173
ridge_F1_alpha_100,F1,Ridge,100.0,,,,3,22,6,0,0,15.255484129149554,8.083663889270744,-7.1718202398788105,115.903642777292,60.072968564559936,-55.83067421273207,130.9531631281518,66.57254141364199,-64.38062171450981,0.31380305124181407,0.09851445481083743,0.21528859643097664
ridge_F1_alpha_100,F1,Ridge,100.0,,,,4,23,5,0,0,13.230076055122849,18.64339838441011,5.41332232928726,101.76266559419678,124.25774465582076,22.495079061623983,120.99251067484849,128.1593202296838,7.166809554835311,0.3133914380320165,-0.9458279266221508,1.2592193646541672
ridge_F1_alpha_100,F1,Ridge,100.0,,,,5,23,5,0,0,12.722536015344351,18.158876937635824,5.436340922291473,98.97511233258875,128.61860630641928,29.64349397383053,114.76798586737885,146.288540535286,31.520554667907135,0.30937572683406334,0.2523387770151595,0.05703694981890384
elasticnet_F1_alpha_0.1_l1_ratio_0.1,F1,ElasticNet,0.1,0.1,10000.0,0.0001,1,22,6,0,0,9.000848510674235,8.620015210023103,-0.3808333006511315,69.48997999427958,74.75972351777345,5.269743523493872,81.55352062707402,90.82390334955177,9.270382722477748,0.5974732122901864,0.765345063493176,-0.16787185120298964
elasticnet_F1_alpha_0.1_l1_ratio_0.1,F1,ElasticNet,0.1,0.1,10000.0,0.0001,2,22,6,0,0,9.279491238846655,7.231083832301357,-2.048407406545298,71.74957003999485,64.96010541062957,-6.789464629365284,85.3451460014359,80.84398978767537,-4.501156213760524,0.6577782852738772,0.4452884054582308,0.21248987981564638
elasticnet_F1_alpha_0.1_l1_ratio_0.1,F1,ElasticNet,0.1,0.1,10000.0,0.0001,3,22,6,0,0,9.216098683698393,8.095367278511107,-1.1207314051872856,72.5219735454819,60.194462465662674,-12.327511079819224,85.34663771728692,76.73124950195636,-8.615388215330569,0.7085328399782187,-0.19760344101575944,0.9061362809939781
elasticnet_F1_alpha_0.1_l1_ratio_0.1,F1,ElasticNet,0.1,0.1,10000.0,0.0001,4,23,5,0,0,8.57235115784866,12.752950982505801,4.180599824657142,68.0169465062691,87.97738454545701,19.96043803918792,81.59642927049269,99.89585457124767,18.299425300754976,0.6877269209627537,-0.18222183054693097,0.8699487515096846
elasticnet_F1_alpha_0.1_l1_ratio_0.1,F1,ElasticNet,0.1,0.1,10000.0,0.0001,5,23,5,0,0,8.223296040589933,12.405960699051132,4.182664658461199,65.43519622493372,94.9867581473696,29.55156192243588,79.1387430085743,104.19003699491958,25.051293986345286,0.6716185515799795,0.6207403612962596,0.05087819028371987
elasticnet_F1_alpha_0.1_l1_ratio_0.5,F1,ElasticNet,0.1,0.5,10000.0,0.0001,1,22,6,0,0,8.969649646761553,8.618343155002668,-0.3513064917588853,69.24280548683573,73.9918715517914,4.74906606495567,81.34440490130986,90.63703450929964,9.292629607989781,0.5995348464738063,0.7663096682762356,-0.1667748218024293
elasticnet_F1_alpha_0.1_l1_ratio_0.5,F1,ElasticNet,0.1,0.5,10000.0,0.0001,2,22,6,0,0,9.235061440804095,7.185655709538229,-2.0494057312658667,71.3517351294393,64.39926710423111,-6.952468025208191,85.09544299979324,79.940092393976,-5.155350605817233,0.6597779017244161,0.4576232577005733,0.20215464402384276
elasticnet_F1_alpha_0.1_l1_ratio_0.5,F1,ElasticNet,0.1,0.5,10000.0,0.0001,3,22,6,0,0,9.13570774436034,8.489009271769527,-0.6466984725908134,71.88524211154642,63.56375605136869,-8.321486060177726,84.85991802753877,80.62333398623198,-4.236584041306784,0.7118477519142405,-0.3221782273538758,1.0340259792681163
elasticnet_F1_alpha_0.1_l1_ratio_0.5,F1,ElasticNet,0.1,0.5,10000.0,0.0001,4,23,5,0,0,8.54206331543651,12.67611715432883,4.134053838892321,67.67576779203797,87.4552237670496,19.77945597501163,81.39823767708364,99.28232714753358,17.884089470449936,0.6892420543260475,-0.16774479019527022,0.8569868445213177
elasticnet_F1_alpha_0.1_l1_ratio_0.5,F1,ElasticNet,0.1,0.5,10000.0,0.0001,5,23,5,0,0,8.221976439448424,12.178588420226053,3.9566119807776285,65.27473981333263,93.84734238053684,28.572602567204214,78.91730217918067,103.29557326035838,24.378271081177715,0.6734536912722615,0.6272242411991855,0.046229450073075995
elasticnet_F1_alpha_1_l1_ratio_0.1,F1,ElasticNet,1.0,0.1,10000.0,0.0001,1,22,6,0,0,10.349741029952696,12.552791811399281,2.203050781446585,79.00448396795557,105.73319512939366,26.7287111614381,91.61640757512086,114.84308026460522,23.22667268948436,0.4920091659626087,0.6248205568505165,-0.13281139088790783
elasticnet_F1_alpha_1_l1_ratio_0.1,F1,ElasticNet,1.0,0.1,10000.0,0.0001,2,22,6,0,0,11.43799876479236,8.237807349468238,-3.200191415324122,87.21356686912527,76.16499469576705,-11.048572173358224,96.62049819412387,97.59823956369796,0.9777413695740904,0.5613799737239253,0.19154521709071048,0.36983475663321486
elasticnet_F1_alpha_1_l1_ratio_0.1,F1,ElasticNet,1.0,0.1,10000.0,0.0001,3,22,6,0,0,11.57248819727411,7.133549581820714,-4.438938615453396,89.5846474134504,52.055973647418874,-37.528673766031524,99.55634645385084,62.160155182496,-37.39619127135484,0.6033981852530101,0.2140540606877942,0.38934412456521594
elasticnet_F1_alpha_1_l1_ratio_0.1,F1,ElasticNet,1.0,0.1,10000.0,0.0001,4,23,5,0,0,10.335779842019873,15.655521872784156,5.319742030764283,80.77682575399214,106.06386255783187,25.287036803839726,93.09273989268631,109.98533594204146,16.89259604935515,0.5935343380283806,-0.43309048675088824,1.0266248247792689
elasticnet_F1_alpha_1_l1_ratio_0.1,F1,ElasticNet,1.0,0.1,10000.0,0.0001,5,23,5,0,0,9.955900033123477,15.115671620927234,5.159771587803757,78.40153243591037,110.32959375103626,31.928061315125888,89.52535909375472,119.54293144850251,30.0175723547478,0.5797647667143643,0.5007339381385985,0.07903082857576582
elasticnet_F1_alpha_1_l1_ratio_0.5,F1,ElasticNet,1.0,0.5,10000.0,0.0001,1,22,6,0,0,9.723421552157484,10.763475367089264,1.0400538149317793,74.53441202970207,92.6067587786301,18.072346748928027,86.52460086718483,102.50485036590672,15.98024949872189,0.546905731490662,0.7011053086391104,-0.15419957714844834
elasticnet_F1_alpha_1_l1_ratio_0.5,F1,ElasticNet,1.0,0.5,10000.0,0.0001,2,22,6,0,0,10.475348319521322,7.716942763082618,-2.7584055564387038,80.37148012767422,70.68506490509496,-9.686415222579257,90.7764686231861,90.38481418741823,-0.39165443576787595,0.6128346527754865,0.3066337384036054,0.3062009143718811
elasticnet_F1_alpha_1_l1_ratio_0.5,F1,ElasticNet,1.0,0.5,10000.0,0.0001,3,22,6,0,0,10.55796784888241,6.973450271194031,-3.584517577688378,82.41960622532379,50.63363746620089,-31.785968759122902,92.58843790792112,64.24921357539417,-28.339224332526953,0.6569714161470175,0.160338719759763,0.4966326963872545
elasticnet_F1_alpha_1_l1_ratio_0.5,F1,ElasticNet,1.0,0.5,10000.0,0.0001,4,23,5,0,0,9.544255808101646,14.594940865274456,5.05068505717281,75.08402925030926,99.50439990043753,24.420370650128277,86.94388896436821,105.36987834271747,18.425989378349257,0.6454558192782152,-0.315336885260475,0.9607927045386901
elasticnet_F1_alpha_1_l1_ratio_0.5,F1,ElasticNet,1.0,0.5,10000.0,0.0001,5,23,5,0,0,9.144435837053205,14.11111766593839,4.966681828885186,72.37420100013665,104.46524361382015,32.0910426136835,84.07888226773677,112.82703587213716,28.748153604400386,0.6293413176830501,0.5552554856614627,0.07408583202158747
elasticnet_F1_alpha_10_l1_ratio_0.1,F1,ElasticNet,10.0,0.1,10000.0,0.0001,1,22,6,0,0,13.46070150410403,18.821107150018822,5.360405645914792,101.95908562454075,151.09742021852682,49.13833459398607,119.2335727195451,174.64110063593623,55.40752791639113,0.1395879696955008,0.1323945146168385,0.007193455078662314
elasticnet_F1_alpha_10_l1_ratio_0.1,F1,ElasticNet,10.0,0.1,10000.0,0.0001,2,22,6,0,0,15.004279496098599,11.328196614485195,-3.6760828816134037,112.47045976736494,105.65680202106876,-6.813657746296187,132.6982690287396,133.2431321281915,0.5448630994519021,0.17266684807014776,-0.5068201964251897,0.6794870444953375
elasticnet_F1_alpha_10_l1_ratio_0.1,F1,ElasticNet,10.0,0.1,10000.0,0.0001,3,22,6,0,0,16.375606749371023,8.777338308555928,-7.598268440815096,123.94798560137724,65.48157390274604,-58.466411698631205,142.07914561318114,69.92662298942486,-72.15252262375628,0.19224906386081986,0.00538820629330472,0.18686085756751514
elasticnet_F1_alpha_10_l1_ratio_0.1,F1,ElasticNet,10.0,0.1,10000.0,0.0001,4,23,5,0,0,14.314973177358766,19.544126320551243,5.229153143192477,109.7221725129524,129.67348072051263,19.95130820756023,131.78467805332528,134.95920219882055,3.174524145495269,0.18544188027852615,-1.1577893551200011,1.3432312353985272
elasticnet_F1_alpha_10_l1_ratio_0.1,F1,ElasticNet,10.0,0.1,10000.0,0.0001,5,23,5,0,0,13.783446588410461,19.13354523602726,5.350098647616798,106.88180705513214,134.52813630277825,27.646329247646108,124.79046304689741,156.49132487991648,31.70086183301906,0.18348698682727382,0.1444118177988234,0.03907516902845043
elasticnet_F1_alpha_10_l1_ratio_0.5,F1,ElasticNet,10.0,0.5,10000.0,0.0001,1,22,6,0,0,12.94948927197081,17.963896396579052,5.014407124608242,98.1786772735475,145.00289968510563,46.824222411558125,114.45148451337684,165.67813287877914,51.2266483654023,0.20722085019879333,0.2191641351533249,-0.011943284954531563
elasticnet_F1_alpha_10_l1_ratio_0.5,F1,ElasticNet,10.0,0.5,10000.0,0.0001,2,22,6,0,0,14.44387163686839,10.705335870924122,-3.7385357659442686,108.5150975684897,99.95710523397514,-8.557992334514552,125.94608204090419,126.90717252920358,0.9610904882993907,0.25472039705901395,-0.36692316317825924,0.6216435602372732
elasticnet_F1_alpha_10_l1_ratio_0.5,F1,ElasticNet,10.0,0.5,10000.0,0.0001,3,22,6,0,0,15.551048806982132,8.283136962508078,-7.267911844474055,118.03421425320616,61.62103990337666,-56.4131743498295,133.85753407150773,67.43515429377625,-66.42237977773148,0.2830276017814407,0.07500112300256112,0.2080264787788796
elasticnet_F1_alpha_10_l1_ratio_0.5,F1,ElasticNet,10.0,0.5,10000.0,0.0001,4,23,5,0,0,13.58728322378386,18.93703199905341,5.34974877526955,104.40005561350581,126.03008887363694,21.63003326013113,124.4967866202097,130.31764136030864,5.820854740098937,0.2730433371928115,-1.0119188689680447,1.284962206160856
elasticnet_F1_alpha_10_l1_ratio_0.5,F1,ElasticNet,10.0,0.5,10000.0,0.0001,5,23,5,0,0,13.072399971058548,18.484418176352474,5.412018205293926,101.58751318835897,130.6492837994686,29.061770611109637,118.08809646945996,149.5930428132689,31.504946343808953,0.26883976744208504,0.21817953445432425,0.05066023298776079
elasticnet_F1_alpha_100_l1_ratio_0.1,F1,ElasticNet,100.0,0.1,10000.0,0.0001,1,22,6,0,0,14.298671167081038,20.629297500864507,6.330626333783469,108.16714937651118,164.2430345603013,56.075885183790135,127.57328557403513,190.48984176246785,62.91655618843272,0.01501676031619581,-0.032221763913391044,0.047238524229586853
elasticnet_F1_alpha_100_l1_ratio_0.1,F1,ElasticNet,100.0,0.1,10000.0,0.0001,2,22,6,0,0,16.233564719126534,12.360067689067426,-3.8734970300591076,121.37683671961494,115.10245595396258,-6.274380765652367,144.49308765379376,144.04495295094517,-0.44813470284859136,0.019056362269502247,-0.7610344773400675,0.7800908396095697
elasticnet_F1_alpha_100_l1_ratio_0.1,F1,ElasticNet,100.0,0.1,10000.0,0.0001,3,22,6,0,0,17.761225968732585,9.590202888298078,-8.171023080434507,133.90737237116647,71.7971500825012,-62.11022228866527,156.3448362106114,74.82871818647759,-81.5161180241338,0.021898601089559766,-0.13895117273610125,0.160849773825661
elasticnet_F1_alpha_100_l1_ratio_0.1,F1,ElasticNet,100.0,0.1,10000.0,0.0001,4,23,5,0,0,15.689168749444523,20.524960555970743,4.83579180652622,119.88065957202004,135.536546084434,15.655886512413971,144.49486510096742,142.94158839907575,-1.5532767018916616,0.020742142263429075,-1.420590080612198,1.4413322228756271
elasticnet_F1_alpha_100_l1_ratio_0.1,F1,ElasticNet,100.0,0.1,10000.0,0.0001,5,23,5,0,0,14.973326568514041,20.2212353642823,5.247908795768259,115.7483749306549,141.12089769279027,25.37252276213536,136.68866036882253,168.58633064667595,31.897670277853422,0.020362745169776653,0.007046390568215322,0.013316354601561331
elasticnet_F1_alpha_100_l1_ratio_0.5,F1,ElasticNet,100.0,0.5,10000.0,0.0001,1,22,6,0,0,14.310387457138699,20.683009196038025,6.372621738899326,108.25492534751449,164.62575204221108,56.37082669469659,127.76444628199303,190.81330927263147,63.04886299063844,0.012062675326874328,-0.03573033620692678,0.04779301153380111
elasticnet_F1_alpha_100_l1_ratio_0.5,F1,ElasticNet,100.0,0.5,10000.0,0.0001,2,22,6,0,0,16.249761589697922,12.363527426462833,-3.8862341632350894,121.50129737853645,115.13335714223912,-6.367940236297329,144.6775296277908,144.10298992503803,-0.5745397027527588,0.016550461697035,-0.7624538356710828,0.7790042973681178
elasticnet_F1_alpha_100_l1_ratio_0.5,F1,ElasticNet,100.0,0.5,10000.0,0.0001,3,22,6,0,0,17.750678461764714,9.594831744481205,-8.15584671728351,133.83717751265573,71.82659344673645,-62.010584065919275,156.25730970628382,74.81686007891294,-81.44044962737088,0.022993435238735427,-0.1385902221355313,0.16158365737426672
elasticnet_F1_alpha_100_l1_ratio_0.5,F1,ElasticNet,100.0,0.5,10000.0,0.0001,4,23,5,0,0,15.693009583870737,20.52135310065915,4.828343516788415,119.9190924520572,135.5141288138746,15.595036361817407,144.5325031027448,142.93163564891944,-1.6008674538253729,0.02023192192781309,-1.4202530102067352,1.4404849321345483
elasticnet_F1_alpha_100_l1_ratio_0.5,F1,ElasticNet,100.0,0.5,10000.0,0.0001,5,23,5,0,0,14.989774500774402,20.24258117767278,5.252806676898377,115.87665347634972,141.31995340779244,25.443299931442724,136.9166177873262,168.72038450807935,31.803766720753146,0.017092513503225715,0.005466639862357847,0.011625873640867868
