candidate,feature_set,feature_names,estimator,alpha,l1_ratio,max_iter,tol,n_development,oof_negative_prediction_count,train_negative_prediction_count,cv_mean_mape_pct,oof_mape_pct,train_mape_pct,gap_mape_pct,cv_mean_mae,oof_mae,train_mae,gap_mae,cv_mean_rmse,oof_rmse,train_rmse,gap_rmse,cv_mean_r2,oof_r2,train_r2,gap_r2,rank,provisional_selected,evaluation_status
linear_F0,F0,log10_delta_Q_var,LinearRegression,,,,,28,0,0,9.284543968596477,9.19502543590772,8.720273149373071,0.47475228653464896,74.84545157983989,74.46997621698064,70.3983328154861,4.071643401494541,91.6925126422038,92.1233324313707,86.69862273687822,5.424709694492478,0.22889190569713821,0.5923791169888,0.6389714531784869,0.046592336189686945,1,True,cv_selected_pending_holdout
elasticnet_F1_alpha_0.1_l1_ratio_0.1,F1,"log10_delta_Q_var,median_chargetime,mean_Tavg",ElasticNet,0.1,0.1,10000.0,0.0001,28,0,0,9.8210756004785,9.624048440457075,8.969221942593562,0.6548264978635139,76.57568681737845,75.51094506530455,70.33693305150398,5.174012013800578,90.49700684107015,90.27897801003776,83.39177173052744,6.887206279510323,0.29030971173699516,0.6085372754389574,0.6659868631420149,0.057449587703057525,2,False,cv_selected_pending_holdout
elasticnet_F1_alpha_0.1_l1_ratio_0.5,F1,"log10_delta_Q_var,median_chargetime,mean_Tavg",ElasticNet,0.1,0.5,10000.0,0.0001,28,0,0,9.82954274217306,9.643984881808464,8.926838419866321,0.7171464619421428,76.65149217099554,75.65150710650998,69.9306458611406,5.7208612453693775,90.75567225947992,90.48844716572489,83.14900601236268,7.339441153362216,0.2722468299253697,0.606718590792116,0.6679287552342443,0.061210164442128345,3,False,cv_selected_pending_holdout
ridge_F1_alpha_1,F1,"log10_delta_Q_var,median_chargetime,mean_Tavg",Ridge,1.0,,,,28,0,0,9.834207397447928,9.64978512495835,8.910131239790116,0.7396538851682344,76.6809762775851,75.68675944888487,69.76863223514015,5.918127213744725,90.78622454281604,90.51542824252243,83.08723537393969,7.428192868582741,0.269736773732916,0.6064840252048067,0.6684219573683808,0.06193793216357413,4,False,cv_selected_pending_holdout
ridge_F1_alpha_0.1,F1,"log10_delta_Q_var,median_chargetime,mean_Tavg",Ridge,0.1,,,,28,0,0,9.898107319088071,9.724287174507248,8.863269744028877,0.8610174304783715,77.15981207746962,76.22708017670261,69.35402889610127,6.873051280601345,91.58280057039106,91.31943589626913,83.01995227670481,8.299483619564313,0.2338611130148724,0.5994621277040659,0.6689587561811916,0.06949662847712568,5,False,cv_selected_pending_holdout
linear_F1,F1,"log10_delta_Q_var,median_chargetime,mean_Tavg",LinearRegression,,,,,28,0,0,9.907064684272317,9.734631774718803,8.857443665877392,0.8771881088414109,77.23039042510008,76.3060251726764,69.30416093013763,7.0018642425387725,91.71596085498497,91.46032070235093,83.01919581750725,8.441124884843674,0.22826423157235345,0.5982252994448387,0.6689647889009394,0.07073948945610065,6,False,cv_selected_pending_holdout
ridge_F1_alpha_10,F1,"log10_delta_Q_var,median_chargetime,mean_Tavg",Ridge,10.0,,,,28,0,0,10.654662133483637,10.408015784362068,9.545323421941344,0.8626923624207237,82.35260477769239,81.05650239818632,74.5747328053959,6.481769592790428,94.06327793165167,94.50660644557694,86.57008850296812,7.936517942608816,0.2912108065590865,0.5710156153726049,0.6400411386687954,0.0690255232961905,7,False,cv_selected_pending_holdout
elasticnet_F1_alpha_1_l1_ratio_0.5,F1,"log10_delta_Q_var,median_chargetime,mean_Tavg",ElasticNet,1.0,0.5,10000.0,0.0001,28,0,0,10.83198538651575,10.58048225229499,9.974367094139822,0.606115158155168,83.57902093283671,82.26432087395872,77.64812294297185,4.616197930986871,95.06715846871475,95.61669739941271,88.88451767727557,6.732179722137147,0.2815992734406933,0.5608785776531,0.6205370431310264,0.059658465477926415,8,False,cv_selected_pending_holdout
elasticnet_F1_alpha_1_l1_ratio_0.1,F1,"log10_delta_Q_var,median_chargetime,mean_Tavg",ElasticNet,1.0,0.1,10000.0,0.0001,28,0,0,11.739068447279925,11.478602140167371,10.791117918599728,0.6874842215676438,90.06952395628954,88.77472365642208,83.47178228872222,5.302941367699859,100.82594848026864,102.01642706750896,94.84580188575431,7.1706251817546445,0.21961265720334627,0.5001296645320227,0.5679307374326851,0.0678010729006624,9,False,cv_selected_pending_holdout
ridge_F1_alpha_100,F1,"log10_delta_Q_var,median_chargetime,mean_Tavg",Ridge,100.0,,,,28,0,0,14.577759844253588,14.304661428770062,13.35121385627188,0.9534475724981828,110.52331968003537,109.38654426567216,102.05058374887348,7.3359605167986786,125.32246804708655,128.78528914956874,117.86582525988341,10.919463889685332,-0.12987956107284518,0.20338283314735717,0.33274329122122437,0.1293604580738672,10,False,cv_selected_pending_holdout
elasticnet_F1_alpha_10_l1_ratio_0.5,F1,"log10_delta_Q_var,median_chargetime,mean_Tavg",ElasticNet,10.0,0.5,10000.0,0.0001,28,0,0,14.874763881083428,14.600766652039177,14.01781773655945,0.5829489154797258,112.65208349911259,111.53154043929541,106.91821685687822,4.613323582417195,127.9862287750673,131.6674484759016,124.41864231749845,7.248806158403156,-0.17329944790721874,0.16732795285212365,0.2564878632303441,0.08915991037822046,11,False,cv_selected_pending_holdout
elasticnet_F1_alpha_10_l1_ratio_0.1,F1,"log10_delta_Q_var,median_chargetime,mean_Tavg",ElasticNet,10.0,0.1,10000.0,0.0001,28,0,0,15.52086272592769,15.248150365044719,14.701508329624287,0.5466420354204313,117.2874826331265,116.22938792751802,111.8943555795886,4.335032347929413,133.85227656645793,137.88912192465557,131.16403369149336,6.725088233162211,-0.27648300256724484,0.08677633241767513,0.17368302516020417,0.08690669274252905,12,False,cv_selected_pending_holdout
elasticnet_F1_alpha_100_l1_ratio_0.1,F1,"log10_delta_Q_var,median_chargetime,mean_Tavg",ElasticNet,100.0,0.1,10000.0,0.0001,28,0,0,16.66515279969661,16.400299573951614,15.827561873993659,0.5727376999579548,125.56001687479788,124.64796651666828,120.09938019231262,4.548586324355654,144.17828638912846,148.81391003764372,142.90074018865099,5.913169848992737,-0.46915022080670843,-0.06366336616780699,0.019187249590267963,0.08285061575807495,13,False,cv_selected_pending_holdout
elasticnet_F1_alpha_100_l1_ratio_0.5,F1,"log10_delta_Q_var,median_chargetime,mean_Tavg",ElasticNet,100.0,0.5,10000.0,0.0001,28,0,0,16.681060529062798,16.41671005691257,15.83470107816444,0.5820089787481315,125.68395697057073,124.77445096055196,120.15746905920764,4.616981901344317,144.27703588671625,148.93884442556148,142.9986073680957,5.940237057465794,-0.4703121528715837,-0.06545007970344474,0.017843348263770986,0.08329342796721573,14,False,cv_selected_pending_holdout
dummy_mean,F0,log10_delta_Q_var,DummyRegressor,,,,,28,0,0,16.82447551024851,16.559543472017598,15.969996705671075,0.5895467663465226,126.7279051383399,125.82523997741387,121.14285714285714,4.6823828345567335,145.39544219647928,150.09053132845048,144.2917254759133,5.7988058525371855,-0.4930640896979831,-0.08199121936548037,0.0,0.08199121936548037,15,False,cv_selected_pending_holdout
