candidate,batch,cell_id,charging_policy,policy_group,role,fold,actual,estimated,residual,absolute_percentage_error_pct,negative_prediction
dummy_mean,Batch1,11,5.4C(50%)-3C,5.4C(50%)-3C,development,1,788.0,777.4545454545455,10.545454545454504,1.33825565297646,False
dummy_mean,Batch1,14,5.4C(60%)-3C,5.4C(60%)-3C,development,2,880.0,765.8636363636364,114.13636363636363,12.97004132231405,False
dummy_mean,Batch1,15,5.4C(60%)-3C,5.4C(60%)-3C,development,3,719.0,792.5454545454545,-73.5454545454545,10.22885320520925,False
dummy_mean,Batch1,16,5.4C(60%)-3.6C,5.4C(60%)-3.6C,development,3,862.0,792.5454545454545,69.4545454545455,8.057371862476275,False
dummy_mean,Batch1,17,5.4C(60%)-3.6C,5.4C(60%)-3.6C,development,3,857.0,792.5454545454545,64.4545454545455,7.520950461440548,False
dummy_mean,Batch1,18,5.4C(70%)-3C,5.4C(70%)-3C,development,3,691.0,792.5454545454545,-101.5454545454545,14.695434811209045,False
dummy_mean,Batch1,19,5.4C(70%)-3C,5.4C(70%)-3C,development,5,788.0,789.6086956521739,-1.6086956521738784,0.20414919443830945,False
dummy_mean,Batch1,20,5.4C(80%)-5.4C,5.4C(80%)-5.4C,development,5,534.0,789.6086956521739,-255.60869565217388,47.86679693860934,False
dummy_mean,Batch1,21,5.4C(80%)-5.4C,5.4C(80%)-5.4C,development,1,559.0,777.4545454545455,-218.4545454545455,39.07952512603676,False
dummy_mean,Batch1,23,6C(30%)-3.6C,6C(30%)-3.6C,development,1,1014.0,777.4545454545455,236.5454545454545,23.327954097184865,False
dummy_mean,Batch1,24,6C(40%)-3C,6C(40%)-3C,development,5,1017.0,789.6086956521739,227.39130434782612,22.359026976187426,False
dummy_mean,Batch1,25,6C(40%)-3C,6C(40%)-3C,development,2,854.0,765.8636363636364,88.13636363636363,10.320417287630402,False
dummy_mean,Batch1,28,6C(50%)-3C,6C(50%)-3C,development,1,860.0,777.4545454545455,82.5454545454545,9.598308668076106,False
dummy_mean,Batch1,29,6C(50%)-3C,6C(50%)-3C,development,2,917.0,765.8636363636364,151.13636363636363,16.481609993060374,False
dummy_mean,Batch1,31,6C(50%)-3.6C,6C(50%)-3.6C,development,5,876.0,789.6086956521739,86.39130434782612,9.862021044272389,False
dummy_mean,Batch1,32,6C(60%)-3C,6C(60%)-3C,development,2,731.0,765.8636363636364,-34.863636363636374,4.769307300087055,False
dummy_mean,Batch1,33,6C(60%)-3C,6C(60%)-3C,development,3,757.0,792.5454545454545,-35.545454545454504,4.695568632160437,False
dummy_mean,Batch1,34,7C(30%)-3.6C,7C(30%)-3.6C,development,2,742.0,765.8636363636364,-23.863636363636374,3.2161234991423684,False
dummy_mean,Batch1,36,7C(40%)-3C,7C(40%)-3C,development,4,704.0,806.3478260869565,-102.3478260869565,14.538043478260867,False
dummy_mean,Batch1,37,7C(40%)-3C,7C(40%)-3C,development,5,648.0,789.6086956521739,-141.60869565217388,21.85319377348362,False
dummy_mean,Batch1,38,7C(40%)-3.6C,7C(40%)-3.6C,development,4,617.0,806.3478260869565,-189.3478260869565,30.688464519766047,False
dummy_mean,Batch1,39,7C(40%)-3.6C,7C(40%)-3.6C,development,1,625.0,777.4545454545455,-152.4545454545455,24.39272727272728,False
dummy_mean,Batch1,41,8C(15%)-3.6C,8C(15%)-3.6C,development,2,1051.0,765.8636363636364,285.1363636363636,27.130006054839544,False
dummy_mean,Batch1,42,8C(25%)-3.6C,8C(25%)-3.6C,development,3,702.0,792.5454545454545,-90.5454545454545,12.898212898212893,False
dummy_mean,Batch1,43,8C(25%)-3.6C,8C(25%)-3.6C,development,4,651.0,806.3478260869565,-155.3478260869565,23.862953315968742,False
dummy_mean,Batch1,5,4.4C(80%)-4.4C,4.4C(80%)-4.4C,development,1,1074.0,777.4545454545455,296.5454545454545,27.6113086168952,False
dummy_mean,Batch1,6,4.8C(80%)-4.8C,4.8C(80%)-4.8C,development,4,636.0,806.3478260869565,-170.3478260869565,26.78424938474159,False
dummy_mean,Batch1,7,4.8C(80%)-4.8C,4.8C(80%)-4.8C,development,4,870.0,806.3478260869565,63.6521739130435,7.316341829085459,False
linear_F0,Batch1,11,5.4C(50%)-3C,5.4C(50%)-3C,development,1,788.0,954.7473689837395,-166.74736898373953,21.160833627378114,False
linear_F0,Batch1,14,5.4C(60%)-3C,5.4C(60%)-3C,development,2,880.0,902.3076255657257,-22.307625565725743,2.5349574506506527,False
linear_F0,Batch1,15,5.4C(60%)-3C,5.4C(60%)-3C,development,3,719.0,922.0069243801564,-203.00692438015642,28.2346209151817,False
linear_F0,Batch1,16,5.4C(60%)-3.6C,5.4C(60%)-3.6C,development,3,862.0,967.3264620233124,-105.32646202331239,12.218847102472436,False
linear_F0,Batch1,17,5.4C(60%)-3.6C,5.4C(60%)-3.6C,development,3,857.0,895.4210739608873,-38.42107396088727,4.483205829741805,False
linear_F0,Batch1,18,5.4C(70%)-3C,5.4C(70%)-3C,development,3,691.0,717.3580506816975,-26.358050681697478,3.814479114572718,False
linear_F0,Batch1,19,5.4C(70%)-3C,5.4C(70%)-3C,development,5,788.0,690.6479755766433,97.35202442335674,12.354317820222937,False
linear_F0,Batch1,20,5.4C(80%)-5.4C,5.4C(80%)-5.4C,development,5,534.0,568.5548125626137,-34.55481256261373,6.470938682137403,False
linear_F0,Batch1,21,5.4C(80%)-5.4C,5.4C(80%)-5.4C,development,1,559.0,564.0467838591237,-5.046783859123707,0.902823588394223,False
linear_F0,Batch1,23,6C(30%)-3.6C,6C(30%)-3.6C,development,1,1014.0,902.7054145003469,111.29458549965307,10.975797386553557,False
linear_F0,Batch1,24,6C(40%)-3C,6C(40%)-3C,development,5,1017.0,844.6748919041796,172.32510809582038,16.944455073335337,False
linear_F0,Batch1,25,6C(40%)-3C,6C(40%)-3C,development,2,854.0,893.4288421614772,-39.42884216147718,4.616960440454002,False
linear_F0,Batch1,28,6C(50%)-3C,6C(50%)-3C,development,1,860.0,806.5300676541328,53.469932345867164,6.217433993705485,False
linear_F0,Batch1,29,6C(50%)-3C,6C(50%)-3C,development,2,917.0,800.8333463070236,116.16665369297641,12.668119268590667,False
linear_F0,Batch1,31,6C(50%)-3.6C,6C(50%)-3.6C,development,5,876.0,766.911462201106,109.08853779889398,12.453029429097487,False
linear_F0,Batch1,32,6C(60%)-3C,6C(60%)-3C,development,2,731.0,707.1580534802173,23.84194651978271,3.261552191488742,False
linear_F0,Batch1,33,6C(60%)-3C,6C(60%)-3C,development,3,757.0,726.8025508527674,30.197449147232646,3.9890949996344314,False
linear_F0,Batch1,34,7C(30%)-3.6C,7C(30%)-3.6C,development,2,742.0,805.8802228899423,-63.880222889942274,8.609194459560953,False
linear_F0,Batch1,36,7C(40%)-3C,7C(40%)-3C,development,4,704.0,729.7101834604248,-25.710183460424787,3.652014696083066,False
linear_F0,Batch1,37,7C(40%)-3C,7C(40%)-3C,development,5,648.0,716.7569756312547,-68.7569756312547,10.610644387539306,False
linear_F0,Batch1,38,7C(40%)-3.6C,7C(40%)-3.6C,development,4,617.0,613.7569791324586,3.243020867541418,0.5256111616760807,False
linear_F0,Batch1,39,7C(40%)-3.6C,7C(40%)-3.6C,development,1,625.0,639.6775625657101,-14.677562565710105,2.348410010513617,False
linear_F0,Batch1,41,8C(15%)-3.6C,8C(15%)-3.6C,development,2,1051.0,914.7333815912251,136.2666184087749,12.965425157828248,False
linear_F0,Batch1,42,8C(25%)-3.6C,8C(25%)-3.6C,development,3,702.0,726.1339709161457,-24.1339709161457,3.43788759489255,False
linear_F0,Batch1,43,8C(25%)-3.6C,8C(25%)-3.6C,development,4,651.0,728.8656067627767,-77.86560676277668,11.960922697815159,False
linear_F0,Batch1,5,4.4C(80%)-4.4C,4.4C(80%)-4.4C,development,1,1074.0,970.4338061254418,103.56619387455817,9.643034811411374,False
linear_F0,Batch1,6,4.8C(80%)-4.8C,4.8C(80%)-4.8C,development,4,636.0,778.4430058574325,-142.44300585743247,22.396699034187495,False
linear_F0,Batch1,7,4.8C(80%)-4.8C,4.8C(80%)-4.8C,development,4,870.0,800.31820886142,69.68179113858002,8.009401280296554,False
linear_F1,Batch1,11,5.4C(50%)-3C,5.4C(50%)-3C,development,1,788.0,964.9045024951125,-176.90450249511252,22.449809961308695,False
linear_F1,Batch1,14,5.4C(60%)-3C,5.4C(60%)-3C,development,2,880.0,869.5798917291579,10.420108270842093,1.1841032125956923,False
linear_F1,Batch1,15,5.4C(60%)-3C,5.4C(60%)-3C,development,3,719.0,899.715939521127,-180.71593952112698,25.134344856902224,False
linear_F1,Batch1,16,5.4C(60%)-3.6C,5.4C(60%)-3.6C,development,3,862.0,949.3454319332642,-87.3454319332642,10.132880734717425,False
linear_F1,Batch1,17,5.4C(60%)-3.6C,5.4C(60%)-3.6C,development,3,857.0,891.883314740869,-34.88331474086897,4.07039845284352,False
linear_F1,Batch1,18,5.4C(70%)-3C,5.4C(70%)-3C,development,3,691.0,734.4481667558821,-43.448166755882085,6.287723119519839,False
linear_F1,Batch1,19,5.4C(70%)-3C,5.4C(70%)-3C,development,5,788.0,678.2306616143019,109.76933838569812,13.930119084479456,False
linear_F1,Batch1,20,5.4C(80%)-5.4C,5.4C(80%)-5.4C,development,5,534.0,581.819570681047,-47.819570681047026,8.954975782967606,False
linear_F1,Batch1,21,5.4C(80%)-5.4C,5.4C(80%)-5.4C,development,1,559.0,524.2641310481316,34.73586895186838,6.213930045056956,False
linear_F1,Batch1,23,6C(30%)-3.6C,6C(30%)-3.6C,development,1,1014.0,930.394720727593,83.60527927240696,8.245096575188063,False
linear_F1,Batch1,24,6C(40%)-3C,6C(40%)-3C,development,5,1017.0,858.2507754435736,158.74922455642638,15.609559936718426,False
linear_F1,Batch1,25,6C(40%)-3C,6C(40%)-3C,development,2,854.0,871.8264023324537,-17.826402332453654,2.0874007415051117,False
linear_F1,Batch1,28,6C(50%)-3C,6C(50%)-3C,development,1,860.0,795.4722556722094,64.52774432779063,7.503226084626817,False
linear_F1,Batch1,29,6C(50%)-3C,6C(50%)-3C,development,2,917.0,808.668203437104,108.33179656289599,11.813718272943946,False
linear_F1,Batch1,31,6C(50%)-3.6C,6C(50%)-3.6C,development,5,876.0,836.0893158801598,39.9106841198402,4.556014168931529,False
linear_F1,Batch1,32,6C(60%)-3C,6C(60%)-3C,development,2,731.0,691.8008298865138,39.19917011348616,5.362403572296329,False
linear_F1,Batch1,33,6C(60%)-3C,6C(60%)-3C,development,3,757.0,701.6475318575976,55.35246814240236,7.3120829778602845,False
linear_F1,Batch1,34,7C(30%)-3.6C,7C(30%)-3.6C,development,2,742.0,809.5200132087159,-67.52001320871591,9.099732238371416,False
linear_F1,Batch1,36,7C(40%)-3C,7C(40%)-3C,development,4,704.0,827.1710768941911,-123.17107689419106,17.495891604288502,False
linear_F1,Batch1,37,7C(40%)-3C,7C(40%)-3C,development,5,648.0,753.134924820389,-105.13492482038896,16.22452543524521,False
linear_F1,Batch1,38,7C(40%)-3.6C,7C(40%)-3.6C,development,4,617.0,606.9804784488565,10.019521551143498,1.623909489650486,False
linear_F1,Batch1,39,7C(40%)-3.6C,7C(40%)-3.6C,development,1,625.0,625.6438848793376,-0.6438848793376337,0.1030215806940214,False
linear_F1,Batch1,41,8C(15%)-3.6C,8C(15%)-3.6C,development,2,1051.0,913.0321009134393,137.9678990865607,13.127297724696547,False
linear_F1,Batch1,42,8C(25%)-3.6C,8C(25%)-3.6C,development,3,702.0,716.5648305330828,-14.56483053308284,2.0747621841998347,False
linear_F1,Batch1,43,8C(25%)-3.6C,8C(25%)-3.6C,development,4,651.0,751.0995314851579,-100.09953148515785,15.37627211753577,False
linear_F1,Batch1,5,4.4C(80%)-4.4C,4.4C(80%)-4.4C,development,1,1074.0,997.1391558834771,76.86084411652291,7.156503176585001,False
linear_F1,Batch1,6,4.8C(80%)-4.8C,4.8C(80%)-4.8C,development,4,636.0,769.4151767635335,-133.4151767635335,20.97722905087005,False
linear_F1,Batch1,7,4.8C(80%)-4.8C,4.8C(80%)-4.8C,development,4,870.0,796.3740096671085,73.62599033289155,8.462757509527764,False
ridge_F1_alpha_0.1,Batch1,11,5.4C(50%)-3C,5.4C(50%)-3C,development,1,788.0,964.2076545296825,-176.2076545296825,22.361377478386103,False
ridge_F1_alpha_0.1,Batch1,14,5.4C(60%)-3C,5.4C(60%)-3C,development,2,880.0,868.8983384815906,11.1016615184094,1.2615524452737956,False
ridge_F1_alpha_0.1,Batch1,15,5.4C(60%)-3C,5.4C(60%)-3C,development,3,719.0,898.2534956705917,-179.25349567059175,24.930945155854207,False
ridge_F1_alpha_0.1,Batch1,16,5.4C(60%)-3.6C,5.4C(60%)-3.6C,development,3,862.0,947.048310293055,-85.04831029305501,9.866393305458818,False
ridge_F1_alpha_0.1,Batch1,17,5.4C(60%)-3.6C,5.4C(60%)-3.6C,development,3,857.0,890.4333138019638,-33.43331380196378,3.9012034774753532,False
ridge_F1_alpha_0.1,Batch1,18,5.4C(70%)-3C,5.4C(70%)-3C,development,3,691.0,734.687563431026,-43.68756343102598,6.322368079743268,False
ridge_F1_alpha_0.1,Batch1,19,5.4C(70%)-3C,5.4C(70%)-3C,development,5,788.0,678.471340660411,109.52865933958901,13.899576058323479,False
ridge_F1_alpha_0.1,Batch1,20,5.4C(80%)-5.4C,5.4C(80%)-5.4C,development,5,534.0,582.512436317837,-48.512436317837,9.084725902216666,False
ridge_F1_alpha_0.1,Batch1,21,5.4C(80%)-5.4C,5.4C(80%)-5.4C,development,1,559.0,525.1400879109881,33.859912089011914,6.057229354027176,False
ridge_F1_alpha_0.1,Batch1,23,6C(30%)-3.6C,6C(30%)-3.6C,development,1,1014.0,929.8134959736794,84.18650402632056,8.302416570643054,False
ridge_F1_alpha_0.1,Batch1,24,6C(40%)-3C,6C(40%)-3C,development,5,1017.0,858.2622892046887,158.73771079531127,15.608427806815268,False
ridge_F1_alpha_0.1,Batch1,25,6C(40%)-3C,6C(40%)-3C,development,2,854.0,871.4819407192617,-17.48194071926173,2.0470656579931767,False
ridge_F1_alpha_0.1,Batch1,28,6C(50%)-3C,6C(50%)-3C,development,1,860.0,795.4856319386274,64.51436806137258,7.501670704810764,False
ridge_F1_alpha_0.1,Batch1,29,6C(50%)-3C,6C(50%)-3C,development,2,917.0,808.6620254830389,108.33797451696114,11.814391986582457,False
ridge_F1_alpha_0.1,Batch1,31,6C(50%)-3.6C,6C(50%)-3.6C,development,5,876.0,836.3612553922534,39.63874460774662,4.524970845633176,False
ridge_F1_alpha_0.1,Batch1,32,6C(60%)-3C,6C(60%)-3C,development,2,731.0,691.9187945520467,39.081205447953266,5.346266135150925,False
ridge_F1_alpha_0.1,Batch1,33,6C(60%)-3C,6C(60%)-3C,development,3,757.0,701.1586635594667,55.84133644053327,7.376662673782467,False
ridge_F1_alpha_0.1,Batch1,34,7C(30%)-3.6C,7C(30%)-3.6C,development,2,742.0,809.4420351994569,-67.44203519945688,9.089223072703085,False
ridge_F1_alpha_0.1,Batch1,36,7C(40%)-3C,7C(40%)-3C,development,4,704.0,827.2349724254552,-123.23497242545523,17.504967674070347,False
ridge_F1_alpha_0.1,Batch1,37,7C(40%)-3C,7C(40%)-3C,development,5,648.0,753.6582522267993,-105.65825222679928,16.305285837469025,False
ridge_F1_alpha_0.1,Batch1,38,7C(40%)-3.6C,7C(40%)-3.6C,development,4,617.0,607.6288112033321,9.371188796667866,1.518831247434014,False
ridge_F1_alpha_0.1,Batch1,39,7C(40%)-3.6C,7C(40%)-3.6C,development,1,625.0,626.2831197040775,-1.283119704077535,0.20529915265240561,False
ridge_F1_alpha_0.1,Batch1,41,8C(15%)-3.6C,8C(15%)-3.6C,development,2,1051.0,912.6554450448155,138.34455495518455,13.163135580892915,False
ridge_F1_alpha_0.1,Batch1,42,8C(25%)-3.6C,8C(25%)-3.6C,development,3,702.0,717.2199998498714,-15.219999849871442,2.1680911467053336,False
ridge_F1_alpha_0.1,Batch1,43,8C(25%)-3.6C,8C(25%)-3.6C,development,4,651.0,751.3619474211084,-100.36194742110843,15.4165817851165,False
ridge_F1_alpha_0.1,Batch1,5,4.4C(80%)-4.4C,4.4C(80%)-4.4C,development,1,1074.0,996.1472921891376,77.8527078108624,7.248855475871732,False
ridge_F1_alpha_0.1,Batch1,6,4.8C(80%)-4.8C,4.8C(80%)-4.8C,development,4,636.0,769.4521073345546,-133.45210733455463,20.98303574442683,False
ridge_F1_alpha_0.1,Batch1,7,4.8C(80%)-4.8C,4.8C(80%)-4.8C,development,4,870.0,796.3154323829916,73.68456761700838,8.469490530690619,False
ridge_F1_alpha_1,Batch1,11,5.4C(50%)-3C,5.4C(50%)-3C,development,1,788.0,958.1835988895018,-170.1835988895018,21.596903412373326,False
ridge_F1_alpha_1,Batch1,14,5.4C(60%)-3C,5.4C(60%)-3C,development,2,880.0,863.394529893965,16.605470106035,1.8869852393221591,False
ridge_F1_alpha_1,Batch1,15,5.4C(60%)-3C,5.4C(60%)-3C,development,3,719.0,887.5478198745928,-168.54781987459285,23.441977729428768,False
ridge_F1_alpha_1,Batch1,16,5.4C(60%)-3.6C,5.4C(60%)-3.6C,development,3,862.0,930.1712694286108,-68.1712694286108,7.90849993371355,False
ridge_F1_alpha_1,Batch1,17,5.4C(60%)-3.6C,5.4C(60%)-3.6C,development,3,857.0,879.7266731992383,-22.72667319923835,2.65188718777577,False
ridge_F1_alpha_1,Batch1,18,5.4C(70%)-3C,5.4C(70%)-3C,development,3,691.0,736.5328386309014,-45.53283863090144,6.589412247597892,False
ridge_F1_alpha_1,Batch1,19,5.4C(70%)-3C,5.4C(70%)-3C,development,5,788.0,680.6456209690465,107.35437903095351,13.623652161288517,False
ridge_F1_alpha_1,Batch1,20,5.4C(80%)-5.4C,5.4C(80%)-5.4C,development,5,534.0,588.3963725173631,-54.39637251736315,10.186586613738417,False
ridge_F1_alpha_1,Batch1,21,5.4C(80%)-5.4C,5.4C(80%)-5.4C,development,1,559.0,532.7821716759378,26.217828324062225,4.690130290529915,False
ridge_F1_alpha_1,Batch1,23,6C(30%)-3.6C,6C(30%)-3.6C,development,1,1014.0,924.7547052861531,89.24529471384687,8.801311115763992,False
ridge_F1_alpha_1,Batch1,24,6C(40%)-3C,6C(40%)-3C,development,5,1017.0,858.1561135199621,158.8438864800379,15.618867893809036,False
ridge_F1_alpha_1,Batch1,25,6C(40%)-3C,6C(40%)-3C,development,2,854.0,868.5586421252726,-14.558642125272627,1.7047590310623684,False
ridge_F1_alpha_1,Batch1,28,6C(50%)-3C,6C(50%)-3C,development,1,860.0,795.6016826224155,64.39831737758448,7.488176439254008,False
ridge_F1_alpha_1,Batch1,29,6C(50%)-3C,6C(50%)-3C,development,2,917.0,808.4785633298478,108.52143667015218,11.834398764465886,False
ridge_F1_alpha_1,Batch1,31,6C(50%)-3.6C,6C(50%)-3.6C,development,5,876.0,838.228013030358,37.771986969641944,4.311870658634925,False
ridge_F1_alpha_1,Batch1,32,6C(60%)-3C,6C(60%)-3C,development,2,731.0,693.0695525826206,37.930447417379355,5.188843695947928,False
ridge_F1_alpha_1,Batch1,33,6C(60%)-3C,6C(60%)-3C,development,3,757.0,698.2658331955101,58.73416680448986,7.758806711293244,False
ridge_F1_alpha_1,Batch1,34,7C(30%)-3.6C,7C(30%)-3.6C,development,2,742.0,808.7086188595664,-66.7086188595664,8.990379900211105,False
ridge_F1_alpha_1,Batch1,36,7C(40%)-3C,7C(40%)-3C,development,4,704.0,827.5913332483522,-123.59133324835216,17.555587109140934,False
ridge_F1_alpha_1,Batch1,37,7C(40%)-3C,7C(40%)-3C,development,5,648.0,757.7535615251371,-109.75356152513712,16.937278013138442,False
ridge_F1_alpha_1,Batch1,38,7C(40%)-3.6C,7C(40%)-3.6C,development,4,617.0,613.2408013879538,3.759198612046248,0.6092704395536869,False
ridge_F1_alpha_1,Batch1,39,7C(40%)-3.6C,7C(40%)-3.6C,development,1,625.0,631.7989530888347,-6.798953088834651,1.087832494213544,False
ridge_F1_alpha_1,Batch1,41,8C(15%)-3.6C,8C(15%)-3.6C,development,2,1051.0,909.3291393019069,141.67086069809307,13.479625185356142,False
ridge_F1_alpha_1,Batch1,42,8C(25%)-3.6C,8C(25%)-3.6C,development,3,702.0,722.2712469276803,-20.271246927680295,2.8876420124900704,False
ridge_F1_alpha_1,Batch1,43,8C(25%)-3.6C,8C(25%)-3.6C,development,4,651.0,753.5632527201834,-102.56325272018341,15.754723920151061,False
ridge_F1_alpha_1,Batch1,5,4.4C(80%)-4.4C,4.4C(80%)-4.4C,development,1,1074.0,987.5943373609498,86.4056626390502,8.045219985013986,False
ridge_F1_alpha_1,Batch1,6,4.8C(80%)-4.8C,4.8C(80%)-4.8C,development,4,636.0,769.8183234618433,-133.8183234618433,21.040616896516244,False
ridge_F1_alpha_1,Batch1,7,4.8C(80%)-4.8C,4.8C(80%)-4.8C,development,4,870.0,795.8521757716749,74.14782422832513,8.522738417048865,False
ridge_F1_alpha_10,Batch1,11,5.4C(50%)-3C,5.4C(50%)-3C,development,1,788.0,914.9032899574711,-126.90328995747109,16.10447842099887,False
ridge_F1_alpha_10,Batch1,14,5.4C(60%)-3C,5.4C(60%)-3C,development,2,880.0,834.6887316586751,45.311268341324876,5.149007766059645,False
ridge_F1_alpha_10,Batch1,15,5.4C(60%)-3C,5.4C(60%)-3C,development,3,719.0,850.6427357161814,-131.6427357161814,18.309142658717857,False
ridge_F1_alpha_10,Batch1,16,5.4C(60%)-3.6C,5.4C(60%)-3.6C,development,3,862.0,871.2849504209022,-9.284950420902192,1.0771404200582588,False
ridge_F1_alpha_10,Batch1,17,5.4C(60%)-3.6C,5.4C(60%)-3.6C,development,3,857.0,841.347567300624,15.65243269937605,1.8264215518525146,False
ridge_F1_alpha_10,Batch1,18,5.4C(70%)-3C,5.4C(70%)-3C,development,3,691.0,746.2304701237845,-55.23047012378447,7.992832145265481,False
ridge_F1_alpha_10,Batch1,19,5.4C(70%)-3C,5.4C(70%)-3C,development,5,788.0,699.8990304914566,88.10096950854336,11.180326079764386,False
ridge_F1_alpha_10,Batch1,20,5.4C(80%)-5.4C,5.4C(80%)-5.4C,development,5,534.0,629.2656608922366,-95.26566089223661,17.840011403040563,False
ridge_F1_alpha_10,Batch1,21,5.4C(80%)-5.4C,5.4C(80%)-5.4C,development,1,559.0,589.9386175955383,-30.93861759553829,5.53463642138431,False
ridge_F1_alpha_10,Batch1,23,6C(30%)-3.6C,6C(30%)-3.6C,development,1,1014.0,887.7070531192361,126.2929468807639,12.454925727885986,False
ridge_F1_alpha_10,Batch1,24,6C(40%)-3C,6C(40%)-3C,development,5,1017.0,850.5754544637283,166.4245455362717,16.364262097961817,False
ridge_F1_alpha_10,Batch1,25,6C(40%)-3C,6C(40%)-3C,development,2,854.0,848.1465286141025,5.853471385897478,0.6854181950699623,False
ridge_F1_alpha_10,Batch1,28,6C(50%)-3C,6C(50%)-3C,development,1,860.0,795.7190197551756,64.28098024482438,7.474532586607485,False
ridge_F1_alpha_10,Batch1,29,6C(50%)-3C,6C(50%)-3C,development,2,917.0,802.9498488367199,114.05015116328013,12.437312013443853,False
ridge_F1_alpha_10,Batch1,31,6C(50%)-3.6C,6C(50%)-3.6C,development,5,876.0,837.2671796524489,38.73282034755107,4.4215548341953275,False
ridge_F1_alpha_10,Batch1,32,6C(60%)-3C,6C(60%)-3C,development,2,731.0,705.6457033833284,25.354296616671604,3.4684400296404383,False
ridge_F1_alpha_10,Batch1,33,6C(60%)-3C,6C(60%)-3C,development,3,757.0,706.2059857107873,50.79401428921267,6.709909417333246,False
ridge_F1_alpha_10,Batch1,34,7C(30%)-3.6C,7C(30%)-3.6C,development,2,742.0,801.3583875416191,-59.358387541619095,7.999782687549743,False
ridge_F1_alpha_10,Batch1,36,7C(40%)-3C,7C(40%)-3C,development,4,704.0,825.2564898994249,-121.25648989942488,17.223933224350123,False
ridge_F1_alpha_10,Batch1,37,7C(40%)-3C,7C(40%)-3C,development,5,648.0,774.5860782956843,-126.58607829568427,19.534888625877205,False
ridge_F1_alpha_10,Batch1,38,7C(40%)-3.6C,7C(40%)-3.6C,development,4,617.0,654.8188867452225,-37.81888674522247,6.129479213164095,False
ridge_F1_alpha_10,Batch1,39,7C(40%)-3.6C,7C(40%)-3.6C,development,1,625.0,670.5085575870852,-45.50855758708519,7.281369213933631,False
ridge_F1_alpha_10,Batch1,41,8C(15%)-3.6C,8C(15%)-3.6C,development,2,1051.0,882.215229795043,168.784770204957,16.05944530970095,False
ridge_F1_alpha_10,Batch1,42,8C(25%)-3.6C,8C(25%)-3.6C,development,3,702.0,745.5996799251916,-43.599679925191595,6.210780616124159,False
ridge_F1_alpha_10,Batch1,43,8C(25%)-3.6C,8C(25%)-3.6C,development,4,651.0,767.7167274720682,-116.71672747206821,17.928836785263936,False
ridge_F1_alpha_10,Batch1,5,4.4C(80%)-4.4C,4.4C(80%)-4.4C,development,1,1074.0,928.2393344526417,145.76066554735826,13.571756568655333,False
ridge_F1_alpha_10,Batch1,6,4.8C(80%)-4.8C,4.8C(80%)-4.8C,development,4,636.0,774.2620891672748,-138.26208916727478,21.739322196112386,False
ridge_F1_alpha_10,Batch1,7,4.8C(80%)-4.8C,4.8C(80%)-4.8C,development,4,870.0,794.1838869565005,75.81611304349951,8.71449575212638,False
ridge_F1_alpha_100,Batch1,11,5.4C(50%)-3C,5.4C(50%)-3C,development,1,788.0,819.2346703127479,-31.23467031274788,3.9637906488258734,False
ridge_F1_alpha_100,Batch1,14,5.4C(60%)-3C,5.4C(60%)-3C,development,2,880.0,786.7643737018616,93.23562629813841,10.594957533879365,False
ridge_F1_alpha_100,Batch1,15,5.4C(60%)-3C,5.4C(60%)-3C,development,3,719.0,809.9451920252939,-90.94519202529386,12.648844509776616,False
ridge_F1_alpha_100,Batch1,16,5.4C(60%)-3.6C,5.4C(60%)-3.6C,development,3,862.0,812.8987631873255,49.10123681267453,5.696199166203542,False
ridge_F1_alpha_100,Batch1,17,5.4C(60%)-3.6C,5.4C(60%)-3.6C,development,3,857.0,803.9375646033261,53.06243539667389,6.191649404512706,False
ridge_F1_alpha_100,Batch1,18,5.4C(70%)-3C,5.4C(70%)-3C,development,3,691.0,774.4850024997681,-83.48500249976814,12.081765918924479,False
ridge_F1_alpha_100,Batch1,19,5.4C(70%)-3C,5.4C(70%)-3C,development,5,788.0,758.2761948107334,29.723805189266614,3.7720564960998235,False
ridge_F1_alpha_100,Batch1,20,5.4C(80%)-5.4C,5.4C(80%)-5.4C,development,5,534.0,734.2571303416094,-200.25713034160935,37.5013352699643,False
ridge_F1_alpha_100,Batch1,21,5.4C(80%)-5.4C,5.4C(80%)-5.4C,development,1,559.0,720.4020310235719,-161.4020310235719,28.873350809225744,False
ridge_F1_alpha_100,Batch1,23,6C(30%)-3.6C,6C(30%)-3.6C,development,1,1014.0,809.1371629851312,204.86283701486877,20.20343560304426,False
ridge_F1_alpha_100,Batch1,24,6C(40%)-3C,6C(40%)-3C,development,5,1017.0,812.5802524726662,204.4197475273338,20.100270160013157,False
ridge_F1_alpha_100,Batch1,25,6C(40%)-3C,6C(40%)-3C,development,2,854.0,794.3328705193186,59.66712948068141,6.9867833115552,False
ridge_F1_alpha_100,Batch1,28,6C(50%)-3C,6C(50%)-3C,development,1,860.0,786.3554562736136,73.64454372638636,8.563319037951903,False
ridge_F1_alpha_100,Batch1,29,6C(50%)-3C,6C(50%)-3C,development,2,917.0,779.075749056535,137.92425094346504,15.040812534729012,False
ridge_F1_alpha_100,Batch1,31,6C(50%)-3.6C,6C(50%)-3.6C,development,5,876.0,806.6651187784705,69.33488122152949,7.914940778713412,False
ridge_F1_alpha_100,Batch1,32,6C(60%)-3C,6C(60%)-3C,development,2,731.0,745.6101428171714,-14.610142817171436,1.9986515481766671,False
ridge_F1_alpha_100,Batch1,33,6C(60%)-3C,6C(60%)-3C,development,3,757.0,762.8028015685609,-5.802801568560881,0.7665523868640529,False
ridge_F1_alpha_100,Batch1,34,7C(30%)-3.6C,7C(30%)-3.6C,development,2,742.0,778.04596525024,-36.04596525023999,4.857946799223718,False
ridge_F1_alpha_100,Batch1,36,7C(40%)-3C,7C(40%)-3C,development,4,704.0,812.5979137037532,-108.59791370375319,15.425840014737668,False
ridge_F1_alpha_100,Batch1,37,7C(40%)-3C,7C(40%)-3C,development,5,648.0,787.3574672523571,-139.35746725235708,21.505781983388438,False
ridge_F1_alpha_100,Batch1,38,7C(40%)-3.6C,7C(40%)-3.6C,development,4,617.0,757.2443510239688,-140.24435102396876,22.730040684597856,False
ridge_F1_alpha_100,Batch1,39,7C(40%)-3.6C,7C(40%)-3.6C,development,1,625.0,747.6646621806781,-122.66466218067808,19.62634594890849,False
ridge_F1_alpha_100,Batch1,41,8C(15%)-3.6C,8C(15%)-3.6C,development,2,1051.0,805.45003997594,245.54996002406006,23.363459564610853,False
ridge_F1_alpha_100,Batch1,42,8C(25%)-3.6C,8C(25%)-3.6C,development,3,702.0,780.0411430843883,-78.0411430843883,11.116971949343062,False
ridge_F1_alpha_100,Batch1,43,8C(25%)-3.6C,8C(25%)-3.6C,development,4,651.0,795.4716252470463,-144.4716252470463,22.192261942710644,False
ridge_F1_alpha_100,Batch1,5,4.4C(80%)-4.4C,4.4C(80%)-4.4C,development,1,1074.0,816.8381458317483,257.1618541682517,23.94430671957651,False
ridge_F1_alpha_100,Batch1,6,4.8C(80%)-4.8C,4.8C(80%)-4.8C,development,4,636.0,793.5979609169349,-157.59796091693488,24.77955360329165,False
ridge_F1_alpha_100,Batch1,7,4.8C(80%)-4.8C,4.8C(80%)-4.8C,development,4,870.0,799.6231276125993,70.37687238740068,8.089295676712723,False
elasticnet_F1_alpha_0.1_l1_ratio_0.1,Batch1,11,5.4C(50%)-3C,5.4C(50%)-3C,development,1,788.0,952.0663112275411,-164.06631122754106,20.820597871515364,False
elasticnet_F1_alpha_0.1_l1_ratio_0.1,Batch1,14,5.4C(60%)-3C,5.4C(60%)-3C,development,2,880.0,858.4100929146504,21.589907085349637,2.453398532426095,False
elasticnet_F1_alpha_0.1_l1_ratio_0.1,Batch1,15,5.4C(60%)-3C,5.4C(60%)-3C,development,3,719.0,879.2642255196333,-160.26422551963333,22.289878375470558,False
elasticnet_F1_alpha_0.1_l1_ratio_0.1,Batch1,16,5.4C(60%)-3.6C,5.4C(60%)-3.6C,development,3,862.0,917.0247826357197,-55.0247826357197,6.3833854565800126,False
elasticnet_F1_alpha_0.1_l1_ratio_0.1,Batch1,17,5.4C(60%)-3.6C,5.4C(60%)-3.6C,development,3,857.0,871.3055280002203,-14.305528000220306,1.6692564761050532,False
elasticnet_F1_alpha_0.1_l1_ratio_0.1,Batch1,18,5.4C(70%)-3C,5.4C(70%)-3C,development,3,691.0,738.1203502432168,-47.12035024321676,6.8191534360661015,False
elasticnet_F1_alpha_0.1_l1_ratio_0.1,Batch1,19,5.4C(70%)-3C,5.4C(70%)-3C,development,5,788.0,683.2265325001424,104.77346749985759,13.296125317240811,False
elasticnet_F1_alpha_0.1_l1_ratio_0.1,Batch1,20,5.4C(80%)-5.4C,5.4C(80%)-5.4C,development,5,534.0,594.7321505998619,-60.73215059986194,11.373061910086506,False
elasticnet_F1_alpha_0.1_l1_ratio_0.1,Batch1,21,5.4C(80%)-5.4C,5.4C(80%)-5.4C,development,1,559.0,540.6674613976595,18.33253860234049,3.2795239002398016,False
elasticnet_F1_alpha_0.1_l1_ratio_0.1,Batch1,23,6C(30%)-3.6C,6C(30%)-3.6C,development,1,1014.0,919.5558299373911,94.44417006260892,9.314020716233621,False
elasticnet_F1_alpha_0.1_l1_ratio_0.1,Batch1,24,6C(40%)-3C,6C(40%)-3C,development,5,1017.0,857.6642703580047,159.33572964199527,15.667230053293538,False
elasticnet_F1_alpha_0.1_l1_ratio_0.1,Batch1,25,6C(40%)-3C,6C(40%)-3C,development,2,854.0,865.6646645258087,-11.66466452580869,1.3658857758558183,False
elasticnet_F1_alpha_0.1_l1_ratio_0.1,Batch1,28,6C(50%)-3C,6C(50%)-3C,development,1,860.0,795.7209210011268,64.27907899887316,7.47431151149688,False
elasticnet_F1_alpha_0.1_l1_ratio_0.1,Batch1,29,6C(50%)-3C,6C(50%)-3C,development,2,917.0,808.0828869355068,108.91711306449315,11.87754777148235,False
elasticnet_F1_alpha_0.1_l1_ratio_0.1,Batch1,31,6C(50%)-3.6C,6C(50%)-3.6C,development,5,876.0,839.425846122428,36.57415387757203,4.175131721184021,False
elasticnet_F1_alpha_0.1_l1_ratio_0.1,Batch1,32,6C(60%)-3C,6C(60%)-3C,development,2,731.0,694.4501420265577,36.54985797344227,4.999980570922336,False
elasticnet_F1_alpha_0.1_l1_ratio_0.1,Batch1,33,6C(60%)-3C,6C(60%)-3C,development,3,757.0,697.1286180052341,59.8713819947659,7.909033288608441,False
elasticnet_F1_alpha_0.1_l1_ratio_0.1,Batch1,34,7C(30%)-3.6C,7C(30%)-3.6C,development,2,742.0,807.8664411751153,-65.86644117511526,8.87687886457079,False
elasticnet_F1_alpha_0.1_l1_ratio_0.1,Batch1,36,7C(40%)-3C,7C(40%)-3C,development,4,704.0,827.6455507452534,-123.64555074525344,17.563288458132593,False
elasticnet_F1_alpha_0.1_l1_ratio_0.1,Batch1,37,7C(40%)-3C,7C(40%)-3C,development,5,648.0,761.5182891175612,-113.51828911756115,17.518254493450794,False
elasticnet_F1_alpha_0.1_l1_ratio_0.1,Batch1,38,7C(40%)-3.6C,7C(40%)-3.6C,development,4,617.0,619.4694865153907,-2.469486515390713,0.4002409263194024,False
elasticnet_F1_alpha_0.1_l1_ratio_0.1,Batch1,39,7C(40%)-3.6C,7C(40%)-3.6C,development,1,625.0,637.3824359188972,-12.382435918897158,1.9811897470235453,False
elasticnet_F1_alpha_0.1_l1_ratio_0.1,Batch1,41,8C(15%)-3.6C,8C(15%)-3.6C,development,2,1051.0,905.8273513604316,145.17264863956837,13.81281147855075,False
elasticnet_F1_alpha_0.1_l1_ratio_0.1,Batch1,42,8C(25%)-3.6C,8C(25%)-3.6C,development,3,702.0,726.5805064004201,-24.580506400420063,3.501496638236476,False
elasticnet_F1_alpha_0.1_l1_ratio_0.1,Batch1,43,8C(25%)-3.6C,8C(25%)-3.6C,development,4,651.0,755.8812674122945,-104.8812674122945,16.11079376532942,False
elasticnet_F1_alpha_0.1_l1_ratio_0.1,Batch1,5,4.4C(80%)-4.4C,4.4C(80%)-4.4C,development,1,1074.0,978.9461937036201,95.05380629637989,8.850447513629414,False
elasticnet_F1_alpha_0.1_l1_ratio_0.1,Batch1,6,4.8C(80%)-4.8C,4.8C(80%)-4.8C,development,4,636.0,770.3105296883364,-134.31052968833637,21.118007812631507,False
elasticnet_F1_alpha_0.1_l1_ratio_0.1,Batch1,7,4.8C(80%)-4.8C,4.8C(80%)-4.8C,development,4,870.0,795.41991163399,74.58008836601005,8.572423950116097,False
elasticnet_F1_alpha_0.1_l1_ratio_0.5,Batch1,11,5.4C(50%)-3C,5.4C(50%)-3C,development,1,788.0,957.4264621654717,-169.42646216547166,21.500820071760362,False
elasticnet_F1_alpha_0.1_l1_ratio_0.5,Batch1,14,5.4C(60%)-3C,5.4C(60%)-3C,development,2,880.0,862.8587541968618,17.14124580313819,1.9478688412657035,False
elasticnet_F1_alpha_0.1_l1_ratio_0.5,Batch1,15,5.4C(60%)-3C,5.4C(60%)-3C,development,3,719.0,886.6316379116556,-167.63163791165562,23.314553256141256,False
elasticnet_F1_alpha_0.1_l1_ratio_0.5,Batch1,16,5.4C(60%)-3.6C,5.4C(60%)-3.6C,development,3,862.0,928.6956347742637,-66.69563477426368,7.737312618824093,False
elasticnet_F1_alpha_0.1_l1_ratio_0.5,Batch1,17,5.4C(60%)-3.6C,5.4C(60%)-3.6C,development,3,857.0,878.770309951034,-21.77030995103405,2.5402928764333783,False
elasticnet_F1_alpha_0.1_l1_ratio_0.5,Batch1,18,5.4C(70%)-3C,5.4C(70%)-3C,development,3,691.0,736.6992584970722,-45.69925849707215,6.61349616455458,False
elasticnet_F1_alpha_0.1_l1_ratio_0.5,Batch1,19,5.4C(70%)-3C,5.4C(70%)-3C,development,5,788.0,681.0776633561661,106.92233664383389,13.568824447187042,False
elasticnet_F1_alpha_0.1_l1_ratio_0.5,Batch1,20,5.4C(80%)-5.4C,5.4C(80%)-5.4C,development,5,534.0,589.391487039259,-55.391487039259005,10.372937647801312,False
elasticnet_F1_alpha_0.1_l1_ratio_0.5,Batch1,21,5.4C(80%)-5.4C,5.4C(80%)-5.4C,development,1,559.0,533.8297238902347,25.17027610976527,4.502732756666417,False
elasticnet_F1_alpha_0.1_l1_ratio_0.5,Batch1,23,6C(30%)-3.6C,6C(30%)-3.6C,development,1,1014.0,924.0484192630463,89.9515807369537,8.8709645697193,False
elasticnet_F1_alpha_0.1_l1_ratio_0.5,Batch1,24,6C(40%)-3C,6C(40%)-3C,development,5,1017.0,858.0504494870869,158.9495505129131,15.629257670886245,False
elasticnet_F1_alpha_0.1_l1_ratio_0.5,Batch1,25,6C(40%)-3C,6C(40%)-3C,development,2,854.0,868.2213061234703,-14.221306123470299,1.6652583282752105,False
elasticnet_F1_alpha_0.1_l1_ratio_0.5,Batch1,28,6C(50%)-3C,6C(50%)-3C,development,1,860.0,795.6666809392868,64.33331906071317,7.480618495431764,False
elasticnet_F1_alpha_0.1_l1_ratio_0.5,Batch1,29,6C(50%)-3C,6C(50%)-3C,development,2,917.0,808.4067008302025,108.59329916979755,11.842235460174216,False
elasticnet_F1_alpha_0.1_l1_ratio_0.5,Batch1,31,6C(50%)-3.6C,6C(50%)-3.6C,development,5,876.0,838.3193941516754,37.6806058483246,4.301439023781348,False
elasticnet_F1_alpha_0.1_l1_ratio_0.5,Batch1,32,6C(60%)-3C,6C(60%)-3C,development,2,731.0,693.2646312025429,37.73536879745711,5.162157154234899,False
elasticnet_F1_alpha_0.1_l1_ratio_0.5,Batch1,33,6C(60%)-3C,6C(60%)-3C,development,3,757.0,698.1973113993542,58.80268860064575,7.767858467720706,False
elasticnet_F1_alpha_0.1_l1_ratio_0.5,Batch1,34,7C(30%)-3.6C,7C(30%)-3.6C,development,2,742.0,808.59494035573,-66.59494035573005,8.97505934713343,False
elasticnet_F1_alpha_0.1_l1_ratio_0.5,Batch1,36,7C(40%)-3C,7C(40%)-3C,development,4,704.0,827.4865362283019,-123.48653622830193,17.54070116879289,False
elasticnet_F1_alpha_0.1_l1_ratio_0.5,Batch1,37,7C(40%)-3C,7C(40%)-3C,development,5,648.0,758.2927318583536,-110.29273185835359,17.02048331147432,False
elasticnet_F1_alpha_0.1_l1_ratio_0.5,Batch1,38,7C(40%)-3.6C,7C(40%)-3.6C,development,4,617.0,614.2389728179985,2.7610271820014987,0.4474922499192056,False
elasticnet_F1_alpha_0.1_l1_ratio_0.5,Batch1,39,7C(40%)-3.6C,7C(40%)-3.6C,development,1,625.0,632.5198805310431,-7.5198805310431,1.203180884966896,False
elasticnet_F1_alpha_0.1_l1_ratio_0.5,Batch1,41,8C(15%)-3.6C,8C(15%)-3.6C,development,2,1051.0,908.8905576242065,142.1094423757935,13.52135512614591,False
elasticnet_F1_alpha_0.1_l1_ratio_0.5,Batch1,42,8C(25%)-3.6C,8C(25%)-3.6C,development,3,702.0,722.7830065735409,-20.783006573540888,2.9605422469431466,False
elasticnet_F1_alpha_0.1_l1_ratio_0.5,Batch1,43,8C(25%)-3.6C,8C(25%)-3.6C,development,4,651.0,753.9087465409244,-102.90874654092443,15.807795167576716,False
elasticnet_F1_alpha_0.1_l1_ratio_0.5,Batch1,5,4.4C(80%)-4.4C,4.4C(80%)-4.4C,development,1,1074.0,986.4502892931985,87.54971070680153,8.151742151471279,False
elasticnet_F1_alpha_0.1_l1_ratio_0.5,Batch1,6,4.8C(80%)-4.8C,4.8C(80%)-4.8C,development,4,636.0,769.9029687853478,-133.90296878534775,21.053925909645873,False
elasticnet_F1_alpha_0.1_l1_ratio_0.5,Batch1,7,4.8C(80%)-4.8C,4.8C(80%)-4.8C,development,4,870.0,795.7831599013276,74.21684009867238,8.53067127570947,False
elasticnet_F1_alpha_1_l1_ratio_0.1,Batch1,11,5.4C(50%)-3C,5.4C(50%)-3C,development,1,788.0,886.8713859432609,-98.87138594326086,12.547130195845288,False
elasticnet_F1_alpha_1_l1_ratio_0.1,Batch1,14,5.4C(60%)-3C,5.4C(60%)-3C,development,2,880.0,820.0936037345826,59.90639626541736,6.807545030161063,False
elasticnet_F1_alpha_1_l1_ratio_0.1,Batch1,15,5.4C(60%)-3C,5.4C(60%)-3C,development,3,719.0,837.415791056567,-118.41579105656695,16.469511968924472,False
elasticnet_F1_alpha_1_l1_ratio_0.1,Batch1,16,5.4C(60%)-3.6C,5.4C(60%)-3.6C,development,3,862.0,850.7363135702216,11.263686429778431,1.3066921612271962,False
elasticnet_F1_alpha_1_l1_ratio_0.1,Batch1,17,5.4C(60%)-3.6C,5.4C(60%)-3.6C,development,3,857.0,827.7178335168426,29.282166483157425,3.4168222267394897,False
elasticnet_F1_alpha_1_l1_ratio_0.1,Batch1,18,5.4C(70%)-3C,5.4C(70%)-3C,development,3,691.0,752.8209532770863,-61.820953277086346,8.946592370055912,False
elasticnet_F1_alpha_1_l1_ratio_0.1,Batch1,19,5.4C(70%)-3C,5.4C(70%)-3C,development,5,788.0,716.1005680327264,71.89943196727359,9.12429339686213,False
elasticnet_F1_alpha_1_l1_ratio_0.1,Batch1,20,5.4C(80%)-5.4C,5.4C(80%)-5.4C,development,5,534.0,659.2103710725781,-125.21037107257814,23.447635032318004,False
elasticnet_F1_alpha_1_l1_ratio_0.1,Batch1,21,5.4C(80%)-5.4C,5.4C(80%)-5.4C,development,1,559.0,628.0007390786184,-69.00073907861838,12.34360269742726,False
elasticnet_F1_alpha_1_l1_ratio_0.1,Batch1,23,6C(30%)-3.6C,6C(30%)-3.6C,development,1,1014.0,863.8746433931799,150.1253566068201,14.805261992783048,False
elasticnet_F1_alpha_1_l1_ratio_0.1,Batch1,24,6C(40%)-3C,6C(40%)-3C,development,5,1017.0,841.1100318718509,175.88996812814912,17.294982116828823,False
elasticnet_F1_alpha_1_l1_ratio_0.1,Batch1,25,6C(40%)-3C,6C(40%)-3C,development,2,854.0,834.0078907895825,19.99210921041754,2.340996394662475,False
elasticnet_F1_alpha_1_l1_ratio_0.1,Batch1,28,6C(50%)-3C,6C(50%)-3C,development,1,860.0,794.5828231105747,65.41717688942526,7.606648475514566,False
elasticnet_F1_alpha_1_l1_ratio_0.1,Batch1,29,6C(50%)-3C,6C(50%)-3C,development,2,917.0,797.1291712646744,119.87082873532563,13.072064202325587,False
elasticnet_F1_alpha_1_l1_ratio_0.1,Batch1,31,6C(50%)-3.6C,6C(50%)-3.6C,development,5,876.0,829.7486699615182,46.2513300384818,5.279832196173722,False
elasticnet_F1_alpha_1_l1_ratio_0.1,Batch1,32,6C(60%)-3C,6C(60%)-3C,development,2,731.0,716.1320455239432,14.867954476056752,2.033919900965356,False
elasticnet_F1_alpha_1_l1_ratio_0.1,Batch1,33,6C(60%)-3C,6C(60%)-3C,development,3,757.0,720.2750435616973,36.724956438302684,4.851381299643683,False
elasticnet_F1_alpha_1_l1_ratio_0.1,Batch1,34,7C(30%)-3.6C,7C(30%)-3.6C,development,2,742.0,795.3288815302342,-53.328881530234185,7.187180799222936,False
elasticnet_F1_alpha_1_l1_ratio_0.1,Batch1,36,7C(40%)-3C,7C(40%)-3C,development,4,704.0,821.7029940431687,-117.7029940431687,16.719175290222825,False
elasticnet_F1_alpha_1_l1_ratio_0.1,Batch1,37,7C(40%)-3C,7C(40%)-3C,development,5,648.0,780.3968675486987,-132.39686754869865,20.431615362453496,False
elasticnet_F1_alpha_1_l1_ratio_0.1,Batch1,38,7C(40%)-3.6C,7C(40%)-3.6C,development,4,617.0,685.3789031978781,-68.37890319787812,11.082480258975384,False
elasticnet_F1_alpha_1_l1_ratio_0.1,Batch1,39,7C(40%)-3.6C,7C(40%)-3.6C,development,1,625.0,694.4418184368999,-69.4418184368999,11.110690949903983,False
elasticnet_F1_alpha_1_l1_ratio_0.1,Batch1,41,8C(15%)-3.6C,8C(15%)-3.6C,development,2,1051.0,861.9762020428492,189.0237979571508,17.985137769472008,False
elasticnet_F1_alpha_1_l1_ratio_0.1,Batch1,42,8C(25%)-3.6C,8C(25%)-3.6C,development,3,702.0,756.8282881996214,-54.8282881996214,7.810297464333532,False
elasticnet_F1_alpha_1_l1_ratio_0.1,Batch1,43,8C(25%)-3.6C,8C(25%)-3.6C,development,4,651.0,776.8162990713485,-125.81629907134845,19.32662044106735,False
elasticnet_F1_alpha_1_l1_ratio_0.1,Batch1,5,4.4C(80%)-4.4C,4.4C(80%)-4.4C,development,1,1074.0,892.4573061786625,181.54269382133748,16.903416556921552,False
elasticnet_F1_alpha_1_l1_ratio_0.1,Batch1,6,4.8C(80%)-4.8C,4.8C(80%)-4.8C,development,4,636.0,778.904535657637,-142.90453565763698,22.469266612836,False
elasticnet_F1_alpha_1_l1_ratio_0.1,Batch1,7,4.8C(80%)-4.8C,4.8C(80%)-4.8C,development,4,870.0,794.4834191808729,75.51658081912706,8.680066760819201,False
elasticnet_F1_alpha_1_l1_ratio_0.5,Batch1,11,5.4C(50%)-3C,5.4C(50%)-3C,development,1,788.0,910.5307719254464,-122.5307719254464,15.549590345868832,False
elasticnet_F1_alpha_1_l1_ratio_0.5,Batch1,14,5.4C(60%)-3C,5.4C(60%)-3C,development,2,880.0,832.6842423907211,47.315757609278876,5.376790637418054,False
elasticnet_F1_alpha_1_l1_ratio_0.5,Batch1,15,5.4C(60%)-3C,5.4C(60%)-3C,development,3,719.0,848.8583542979513,-129.85835429795134,18.060967218073902,False
elasticnet_F1_alpha_1_l1_ratio_0.5,Batch1,16,5.4C(60%)-3.6C,5.4C(60%)-3.6C,development,3,862.0,868.31484522494,-6.3148452249399725,0.7325806525452404,False
elasticnet_F1_alpha_1_l1_ratio_0.5,Batch1,17,5.4C(60%)-3.6C,5.4C(60%)-3.6C,development,3,857.0,839.2861622814005,17.713837718599507,2.0669588936522176,False
elasticnet_F1_alpha_1_l1_ratio_0.5,Batch1,18,5.4C(70%)-3C,5.4C(70%)-3C,development,3,691.0,747.001670267994,-56.00167026799397,8.104438533718374,False
elasticnet_F1_alpha_1_l1_ratio_0.5,Batch1,19,5.4C(70%)-3C,5.4C(70%)-3C,development,5,788.0,703.0853265186158,84.91467348138417,10.77597379205383,False
elasticnet_F1_alpha_1_l1_ratio_0.5,Batch1,20,5.4C(80%)-5.4C,5.4C(80%)-5.4C,development,5,534.0,634.982501670615,-100.98250167061497,18.910580837193812,False
elasticnet_F1_alpha_1_l1_ratio_0.5,Batch1,21,5.4C(80%)-5.4C,5.4C(80%)-5.4C,development,1,559.0,596.1939416538331,-37.19394165383312,6.653656825372652,False
elasticnet_F1_alpha_1_l1_ratio_0.5,Batch1,23,6C(30%)-3.6C,6C(30%)-3.6C,development,1,1014.0,883.6260464305689,130.37395356943114,12.857391870752577,False
elasticnet_F1_alpha_1_l1_ratio_0.5,Batch1,24,6C(40%)-3C,6C(40%)-3C,development,5,1017.0,848.7553151301821,168.2446848698179,16.543233517189567,False
elasticnet_F1_alpha_1_l1_ratio_0.5,Batch1,25,6C(40%)-3C,6C(40%)-3C,development,2,854.0,846.1278784672942,7.872121532705819,0.9217940904807751,False
elasticnet_F1_alpha_1_l1_ratio_0.5,Batch1,28,6C(50%)-3C,6C(50%)-3C,development,1,860.0,795.9171228383374,64.08287716166262,7.451497344379375,False
elasticnet_F1_alpha_1_l1_ratio_0.5,Batch1,29,6C(50%)-3C,6C(50%)-3C,development,2,917.0,802.0297558847743,114.97024411522568,12.537649303732353,False
elasticnet_F1_alpha_1_l1_ratio_0.5,Batch1,31,6C(50%)-3.6C,6C(50%)-3.6C,development,5,876.0,835.4535990123745,40.546400987625475,4.628584587628478,False
elasticnet_F1_alpha_1_l1_ratio_0.5,Batch1,32,6C(60%)-3C,6C(60%)-3C,development,2,731.0,707.2983853675452,23.701614632454834,3.242354942880278,False
elasticnet_F1_alpha_1_l1_ratio_0.5,Batch1,33,6C(60%)-3C,6C(60%)-3C,development,3,757.0,708.4789445875408,48.52105541245919,6.409650648937807,False
elasticnet_F1_alpha_1_l1_ratio_0.5,Batch1,34,7C(30%)-3.6C,7C(30%)-3.6C,development,2,742.0,800.4325935951836,-58.43259359518356,7.87501261390614,False
elasticnet_F1_alpha_1_l1_ratio_0.5,Batch1,36,7C(40%)-3C,7C(40%)-3C,development,4,704.0,824.1767640772183,-120.17676407721831,17.07056307915033,False
elasticnet_F1_alpha_1_l1_ratio_0.5,Batch1,37,7C(40%)-3C,7C(40%)-3C,development,5,648.0,775.6379570596582,-127.63795705965822,19.69721559562627,False
elasticnet_F1_alpha_1_l1_ratio_0.5,Batch1,38,7C(40%)-3.6C,7C(40%)-3.6C,development,4,617.0,660.8561088622922,-43.85610886229222,7.107959296967945,False
elasticnet_F1_alpha_1_l1_ratio_0.5,Batch1,39,7C(40%)-3.6C,7C(40%)-3.6C,development,1,625.0,674.4974937418904,-49.497493741890366,7.919598998702458,False
elasticnet_F1_alpha_1_l1_ratio_0.5,Batch1,41,8C(15%)-3.6C,8C(15%)-3.6C,development,2,1051.0,879.181942054279,171.81805794572097,16.34805499007811,False
elasticnet_F1_alpha_1_l1_ratio_0.5,Batch1,42,8C(25%)-3.6C,8C(25%)-3.6C,development,3,702.0,747.3920618752613,-45.392061875261334,6.466105680236657,False
elasticnet_F1_alpha_1_l1_ratio_0.5,Batch1,43,8C(25%)-3.6C,8C(25%)-3.6C,development,4,651.0,769.5119112993601,-118.51191129936012,18.20459466964057,False
elasticnet_F1_alpha_1_l1_ratio_0.5,Batch1,5,4.4C(80%)-4.4C,4.4C(80%)-4.4C,development,1,1074.0,922.038485380483,151.96151461951695,14.149116817459678,False
elasticnet_F1_alpha_1_l1_ratio_0.5,Batch1,6,4.8C(80%)-4.8C,4.8C(80%)-4.8C,development,4,636.0,775.0763326223104,-139.07633262231036,21.867347896589678,False
elasticnet_F1_alpha_1_l1_ratio_0.5,Batch1,7,4.8C(80%)-4.8C,4.8C(80%)-4.8C,development,4,870.0,794.0991173589933,75.90088264100666,8.724239384023754,False
elasticnet_F1_alpha_10_l1_ratio_0.1,Batch1,11,5.4C(50%)-3C,5.4C(50%)-3C,development,1,788.0,801.0318606560614,-13.03186065606144,1.6537894233580506,False
elasticnet_F1_alpha_10_l1_ratio_0.1,Batch1,14,5.4C(60%)-3C,5.4C(60%)-3C,development,2,880.0,777.78978090019,102.21021909981005,11.614797624978413,False
elasticnet_F1_alpha_10_l1_ratio_0.1,Batch1,15,5.4C(60%)-3C,5.4C(60%)-3C,development,3,719.0,802.582868742922,-83.58286874292196,11.624877432951594,False
elasticnet_F1_alpha_10_l1_ratio_0.1,Batch1,16,5.4C(60%)-3.6C,5.4C(60%)-3.6C,development,3,862.0,803.9442369572766,58.055763042723356,6.735007313540993,False
elasticnet_F1_alpha_10_l1_ratio_0.1,Batch1,17,5.4C(60%)-3.6C,5.4C(60%)-3.6C,development,3,857.0,798.7526063047316,58.24739369526844,6.796662041454894,False
elasticnet_F1_alpha_10_l1_ratio_0.1,Batch1,18,5.4C(70%)-3C,5.4C(70%)-3C,development,3,691.0,781.8086981976143,-90.80869819761426,13.141635050305972,False
elasticnet_F1_alpha_10_l1_ratio_0.1,Batch1,19,5.4C(70%)-3C,5.4C(70%)-3C,development,5,788.0,772.1819608001454,15.818039199854638,2.007365380692213,False
elasticnet_F1_alpha_10_l1_ratio_0.1,Batch1,20,5.4C(80%)-5.4C,5.4C(80%)-5.4C,development,5,534.0,758.7539967321271,-224.75399673212712,42.08876343298261,False
elasticnet_F1_alpha_10_l1_ratio_0.1,Batch1,21,5.4C(80%)-5.4C,5.4C(80%)-5.4C,development,1,559.0,745.3496657356432,-186.34966573564316,33.33625505109896,False
elasticnet_F1_alpha_10_l1_ratio_0.1,Batch1,23,6C(30%)-3.6C,6C(30%)-3.6C,development,1,1014.0,795.0348108554464,218.96518914455362,21.59420011287511,False
elasticnet_F1_alpha_10_l1_ratio_0.1,Batch1,24,6C(40%)-3C,6C(40%)-3C,development,5,1017.0,802.5240183638615,214.4759816361385,21.089083740033285,False
elasticnet_F1_alpha_10_l1_ratio_0.1,Batch1,25,6C(40%)-3C,6C(40%)-3C,development,2,854.0,782.3291031395397,71.67089686046029,8.392376681552726,False
elasticnet_F1_alpha_10_l1_ratio_0.1,Batch1,28,6C(50%)-3C,6C(50%)-3C,development,1,860.0,782.9363814022147,77.06361859778531,8.960885883463408,False
elasticnet_F1_alpha_10_l1_ratio_0.1,Batch1,29,6C(50%)-3C,6C(50%)-3C,development,2,917.0,773.4755962369683,143.52440376303173,15.651516222795173,False
elasticnet_F1_alpha_10_l1_ratio_0.1,Batch1,31,6C(50%)-3.6C,6C(50%)-3.6C,development,5,876.0,798.9044093581216,77.0955906418784,8.800866511629955,False
elasticnet_F1_alpha_10_l1_ratio_0.1,Batch1,32,6C(60%)-3C,6C(60%)-3C,development,2,731.0,754.2922948156839,-23.29229481568393,3.1863604399020424,False
elasticnet_F1_alpha_10_l1_ratio_0.1,Batch1,33,6C(60%)-3C,6C(60%)-3C,development,3,757.0,775.5322778433924,-18.53227784339242,2.4481212474758816,False
elasticnet_F1_alpha_10_l1_ratio_0.1,Batch1,34,7C(30%)-3.6C,7C(30%)-3.6C,development,2,742.0,772.8604649342448,-30.86046493424476,4.159092309197407,False
elasticnet_F1_alpha_10_l1_ratio_0.1,Batch1,36,7C(40%)-3C,7C(40%)-3C,development,4,704.0,809.6926220793122,-105.69262207931217,15.013156545356843,False
elasticnet_F1_alpha_10_l1_ratio_0.1,Batch1,37,7C(40%)-3C,7C(40%)-3C,development,5,648.0,788.4970733038926,-140.49707330389265,21.681647114798245,False
elasticnet_F1_alpha_10_l1_ratio_0.1,Batch1,38,7C(40%)-3.6C,7C(40%)-3.6C,development,4,617.0,779.3683499616901,-162.36834996169011,26.315777951651558,False
elasticnet_F1_alpha_10_l1_ratio_0.1,Batch1,39,7C(40%)-3.6C,7C(40%)-3.6C,development,1,625.0,761.0011919734844,-136.00119197348442,21.760190715757506,False
elasticnet_F1_alpha_10_l1_ratio_0.1,Batch1,41,8C(15%)-3.6C,8C(15%)-3.6C,development,2,1051.0,788.6174673468182,262.3825326531818,24.96503640848542,False
elasticnet_F1_alpha_10_l1_ratio_0.1,Batch1,42,8C(25%)-3.6C,8C(25%)-3.6C,development,3,702.0,785.6624418945557,-83.66244189455574,11.917726765606231,False
elasticnet_F1_alpha_10_l1_ratio_0.1,Batch1,43,8C(25%)-3.6C,8C(25%)-3.6C,development,4,651.0,800.5570145857591,-149.55701458575913,22.973427739747947,False
elasticnet_F1_alpha_10_l1_ratio_0.1,Batch1,5,4.4C(80%)-4.4C,4.4C(80%)-4.4C,development,1,1074.0,798.827004796367,275.17299520363304,25.621321713559876,False
elasticnet_F1_alpha_10_l1_ratio_0.1,Batch1,6,4.8C(80%)-4.8C,4.8C(80%)-4.8C,development,4,636.0,799.0484566638482,-163.04845666384824,25.636549789913243,False
elasticnet_F1_alpha_10_l1_ratio_0.1,Batch1,7,4.8C(80%)-4.8C,4.8C(80%)-4.8C,development,4,870.0,802.2990396880465,67.70096031195351,7.78171957608661,False
elasticnet_F1_alpha_10_l1_ratio_0.5,Batch1,11,5.4C(50%)-3C,5.4C(50%)-3C,development,1,788.0,813.8638742260556,-25.8638742260556,3.282217541377614,False
elasticnet_F1_alpha_10_l1_ratio_0.5,Batch1,14,5.4C(60%)-3C,5.4C(60%)-3C,development,2,880.0,784.6429249792916,95.35707502070841,10.836031252353228,False
elasticnet_F1_alpha_10_l1_ratio_0.5,Batch1,15,5.4C(60%)-3C,5.4C(60%)-3C,development,3,719.0,808.477876566765,-89.47787656676496,12.444767255461052,False
elasticnet_F1_alpha_10_l1_ratio_0.5,Batch1,16,5.4C(60%)-3.6C,5.4C(60%)-3.6C,development,3,862.0,810.7669745766549,51.23302542334511,5.943506429622403,False
elasticnet_F1_alpha_10_l1_ratio_0.5,Batch1,17,5.4C(60%)-3.6C,5.4C(60%)-3.6C,development,3,857.0,802.483908677077,54.51609132292299,6.361270866152041,False
elasticnet_F1_alpha_10_l1_ratio_0.5,Batch1,18,5.4C(70%)-3C,5.4C(70%)-3C,development,3,691.0,775.903944156319,-84.90394415631897,12.287112034199561,False
elasticnet_F1_alpha_10_l1_ratio_0.5,Batch1,19,5.4C(70%)-3C,5.4C(70%)-3C,development,5,788.0,763.0318275918837,24.96817240811629,3.1685497979843005,False
elasticnet_F1_alpha_10_l1_ratio_0.5,Batch1,20,5.4C(80%)-5.4C,5.4C(80%)-5.4C,development,5,534.0,742.1732093600192,-208.1732093600192,38.98374707116464,False
elasticnet_F1_alpha_10_l1_ratio_0.5,Batch1,21,5.4C(80%)-5.4C,5.4C(80%)-5.4C,development,1,559.0,728.3430578257926,-169.34305782579258,30.293928054703507,False
elasticnet_F1_alpha_10_l1_ratio_0.5,Batch1,23,6C(30%)-3.6C,6C(30%)-3.6C,development,1,1014.0,804.1961294477039,209.80387055229608,20.690717016991723,False
elasticnet_F1_alpha_10_l1_ratio_0.5,Batch1,24,6C(40%)-3C,6C(40%)-3C,development,5,1017.0,809.2158322646966,207.7841677353034,20.43108827289119,False
elasticnet_F1_alpha_10_l1_ratio_0.5,Batch1,25,6C(40%)-3C,6C(40%)-3C,development,2,854.0,791.216069252525,62.78393074747498,7.351748331086064,False
elasticnet_F1_alpha_10_l1_ratio_0.5,Batch1,28,6C(50%)-3C,6C(50%)-3C,development,1,860.0,786.2425709473513,73.75742905264872,8.576445238680083,False
elasticnet_F1_alpha_10_l1_ratio_0.5,Batch1,29,6C(50%)-3C,6C(50%)-3C,development,2,917.0,777.4129145977331,139.5870854022669,15.22214671780446,False
elasticnet_F1_alpha_10_l1_ratio_0.5,Batch1,31,6C(50%)-3.6C,6C(50%)-3.6C,development,5,876.0,803.1304152664848,72.86958473351524,8.318445745835074,False
elasticnet_F1_alpha_10_l1_ratio_0.5,Batch1,32,6C(60%)-3C,6C(60%)-3C,development,2,731.0,748.2179387621442,-17.217938762144172,2.355395179499887,False
elasticnet_F1_alpha_10_l1_ratio_0.5,Batch1,33,6C(60%)-3C,6C(60%)-3C,development,3,757.0,766.7295464746379,-9.729546474637914,1.285276945130504,False
elasticnet_F1_alpha_10_l1_ratio_0.5,Batch1,34,7C(30%)-3.6C,7C(30%)-3.6C,development,2,742.0,776.550665183364,-34.550665183364,4.656423879159569,False
elasticnet_F1_alpha_10_l1_ratio_0.5,Batch1,36,7C(40%)-3C,7C(40%)-3C,development,4,704.0,811.0101049217797,-107.01010492177966,15.200298994570973,False
elasticnet_F1_alpha_10_l1_ratio_0.5,Batch1,37,7C(40%)-3C,7C(40%)-3C,development,5,648.0,787.4512847603888,-139.45128476038883,21.520259993887166,False
elasticnet_F1_alpha_10_l1_ratio_0.5,Batch1,38,7C(40%)-3.6C,7C(40%)-3.6C,development,4,617.0,764.803327808864,-147.80332780886397,23.955158477935814,False
elasticnet_F1_alpha_10_l1_ratio_0.5,Batch1,39,7C(40%)-3.6C,7C(40%)-3.6C,development,1,625.0,752.2371812554105,-127.23718125541052,20.357949000865684,False
elasticnet_F1_alpha_10_l1_ratio_0.5,Batch1,41,8C(15%)-3.6C,8C(15%)-3.6C,development,2,1051.0,800.7540637121076,250.2459362878924,23.81026986564152,False
elasticnet_F1_alpha_10_l1_ratio_0.5,Batch1,42,8C(25%)-3.6C,8C(25%)-3.6C,development,3,702.0,781.86575547627,-79.86575547627001,11.376888244482908,False
elasticnet_F1_alpha_10_l1_ratio_0.5,Batch1,43,8C(25%)-3.6C,8C(25%)-3.6C,development,4,651.0,797.3188000661294,-146.31880006612937,22.47600615455136,False
elasticnet_F1_alpha_10_l1_ratio_0.5,Batch1,5,4.4C(80%)-4.4C,4.4C(80%)-4.4C,development,1,1074.0,809.9880148015698,264.01198519843024,24.5821215268557,False
elasticnet_F1_alpha_10_l1_ratio_0.5,Batch1,6,4.8C(80%)-4.8C,4.8C(80%)-4.8C,development,4,636.0,795.1330349792979,-159.13303497929792,25.02091744957514,False
elasticnet_F1_alpha_10_l1_ratio_0.5,Batch1,7,4.8C(80%)-4.8C,4.8C(80%)-4.8C,development,4,870.0,800.1148234078862,69.8851765921138,8.032778918633769,False
elasticnet_F1_alpha_100_l1_ratio_0.1,Batch1,11,5.4C(50%)-3C,5.4C(50%)-3C,development,1,788.0,779.8432685284441,8.156731471555872,1.0351182070502376,False
elasticnet_F1_alpha_100_l1_ratio_0.1,Batch1,14,5.4C(60%)-3C,5.4C(60%)-3C,development,2,880.0,767.1385787215997,112.86142127840026,12.825161508909119,False
elasticnet_F1_alpha_100_l1_ratio_0.1,Batch1,15,5.4C(60%)-3C,5.4C(60%)-3C,development,3,719.0,793.664126724616,-74.66412672461604,10.38444043457803,False
elasticnet_F1_alpha_100_l1_ratio_0.1,Batch1,16,5.4C(60%)-3.6C,5.4C(60%)-3.6C,development,3,862.0,793.7386486546621,68.26135134533786,7.9189502720809575,False
elasticnet_F1_alpha_100_l1_ratio_0.1,Batch1,17,5.4C(60%)-3.6C,5.4C(60%)-3.6C,development,3,857.0,793.149816106987,63.85018389301297,7.450429859161373,False
elasticnet_F1_alpha_100_l1_ratio_0.1,Batch1,18,5.4C(70%)-3C,5.4C(70%)-3C,development,3,691.0,791.3061806891848,-100.30618068918477,14.516089824773484,False
elasticnet_F1_alpha_100_l1_ratio_0.1,Batch1,19,5.4C(70%)-3C,5.4C(70%)-3C,development,5,788.0,787.803532621766,0.19646737823404692,0.024932408405335903,False
elasticnet_F1_alpha_100_l1_ratio_0.1,Batch1,20,5.4C(80%)-5.4C,5.4C(80%)-5.4C,development,5,534.0,786.355872281448,-252.355872281448,47.257653985289885,False
elasticnet_F1_alpha_100_l1_ratio_0.1,Batch1,21,5.4C(80%)-5.4C,5.4C(80%)-5.4C,development,1,559.0,774.2352096352685,-215.23520963526846,38.50361531936824,False
elasticnet_F1_alpha_100_l1_ratio_0.1,Batch1,23,6C(30%)-3.6C,6C(30%)-3.6C,development,1,1014.0,779.184549355679,234.815450644321,23.157342272615484,False
elasticnet_F1_alpha_100_l1_ratio_0.1,Batch1,24,6C(40%)-3C,6C(40%)-3C,development,5,1017.0,790.9711681389429,226.02883186105714,22.225057213476614,False
elasticnet_F1_alpha_100_l1_ratio_0.1,Batch1,25,6C(40%)-3C,6C(40%)-3C,development,2,854.0,767.6224631429011,86.3775368570989,10.11446567413336,False
elasticnet_F1_alpha_100_l1_ratio_0.1,Batch1,28,6C(50%)-3C,6C(50%)-3C,development,1,860.0,778.0727751267053,81.92722487329468,9.526421496894729,False
elasticnet_F1_alpha_100_l1_ratio_0.1,Batch1,29,6C(50%)-3C,6C(50%)-3C,development,2,917.0,766.6518529774578,150.3481470225422,16.39565398282903,False
elasticnet_F1_alpha_100_l1_ratio_0.1,Batch1,31,6C(50%)-3.6C,6C(50%)-3.6C,development,5,876.0,790.45621130576,85.54378869423999,9.765272681990867,False
elasticnet_F1_alpha_100_l1_ratio_0.1,Batch1,32,6C(60%)-3C,6C(60%)-3C,development,2,731.0,764.6813050224607,-33.68130502246072,4.607565666547294,False
elasticnet_F1_alpha_100_l1_ratio_0.1,Batch1,33,6C(60%)-3C,6C(60%)-3C,development,3,757.0,790.810140530726,-33.81014053072602,4.466332963107797,False
elasticnet_F1_alpha_100_l1_ratio_0.1,Batch1,34,7C(30%)-3.6C,7C(30%)-3.6C,development,2,742.0,766.5897904811744,-24.58979048117442,3.3139879354682504,False
elasticnet_F1_alpha_100_l1_ratio_0.1,Batch1,36,7C(40%)-3C,7C(40%)-3C,development,4,704.0,806.6218081000018,-102.62180810000177,14.57696137784116,False
elasticnet_F1_alpha_100_l1_ratio_0.1,Batch1,37,7C(40%)-3C,7C(40%)-3C,development,5,648.0,789.4795282489722,-141.4795282489722,21.833260532248797,False
elasticnet_F1_alpha_100_l1_ratio_0.1,Batch1,38,7C(40%)-3.6C,7C(40%)-3.6C,development,4,617.0,803.5852842603083,-186.5852842603083,30.24072678449081,False
elasticnet_F1_alpha_100_l1_ratio_0.1,Batch1,39,7C(40%)-3.6C,7C(40%)-3.6C,development,1,625.0,775.8334065424093,-150.8334065424093,24.13334504678549,False
elasticnet_F1_alpha_100_l1_ratio_0.1,Batch1,41,8C(15%)-3.6C,8C(15%)-3.6C,development,2,1051.0,768.2434649379011,282.7565350620989,26.903571366517497,False
elasticnet_F1_alpha_100_l1_ratio_0.1,Batch1,42,8C(25%)-3.6C,8C(25%)-3.6C,development,3,702.0,791.8909173121295,-89.89091731212955,12.804973976086831,False
elasticnet_F1_alpha_100_l1_ratio_0.1,Batch1,43,8C(25%)-3.6C,8C(25%)-3.6C,development,4,651.0,805.7911137522154,-154.79111375221544,23.7774368282973,False
elasticnet_F1_alpha_100_l1_ratio_0.1,Batch1,5,4.4C(80%)-4.4C,4.4C(80%)-4.4C,development,1,1074.0,779.5098158050415,294.4901841949585,27.419942662472856,False
elasticnet_F1_alpha_100_l1_ratio_0.1,Batch1,6,4.8C(80%)-4.8C,4.8C(80%)-4.8C,development,4,636.0,805.5284430871909,-169.5284430871909,26.655415579747,False
elasticnet_F1_alpha_100_l1_ratio_0.1,Batch1,7,4.8C(80%)-4.8C,4.8C(80%)-4.8C,development,4,870.0,805.8439187775464,64.15608122245362,7.374262209477428,False
elasticnet_F1_alpha_100_l1_ratio_0.5,Batch1,11,5.4C(50%)-3C,5.4C(50%)-3C,development,1,788.0,779.3562089240714,8.643791075928561,1.096927801513777,False
elasticnet_F1_alpha_100_l1_ratio_0.5,Batch1,14,5.4C(60%)-3C,5.4C(60%)-3C,development,2,880.0,767.4031218242703,112.59687817572967,12.795099792696554,False
elasticnet_F1_alpha_100_l1_ratio_0.5,Batch1,15,5.4C(60%)-3C,5.4C(60%)-3C,development,3,719.0,794.0981334941449,-75.09813349414492,10.444802989449919,False
elasticnet_F1_alpha_100_l1_ratio_0.5,Batch1,16,5.4C(60%)-3.6C,5.4C(60%)-3.6C,development,3,862.0,794.0326067604005,67.96739323959946,7.884848403665831,False
elasticnet_F1_alpha_100_l1_ratio_0.5,Batch1,17,5.4C(60%)-3.6C,5.4C(60%)-3.6C,development,3,857.0,793.1673506727684,63.83264932723159,7.448383818813488,False
elasticnet_F1_alpha_100_l1_ratio_0.5,Batch1,18,5.4C(70%)-3C,5.4C(70%)-3C,development,3,691.0,790.8744321919526,-99.87443219195256,14.45360813197577,False
elasticnet_F1_alpha_100_l1_ratio_0.5,Batch1,19,5.4C(70%)-3C,5.4C(70%)-3C,development,5,788.0,788.1254861515786,-0.12548615157857057,0.015924638525199312,False
elasticnet_F1_alpha_100_l1_ratio_0.5,Batch1,20,5.4C(80%)-5.4C,5.4C(80%)-5.4C,development,5,534.0,786.4487464046122,-252.44874640461217,47.2750461431858,False
elasticnet_F1_alpha_100_l1_ratio_0.5,Batch1,21,5.4C(80%)-5.4C,5.4C(80%)-5.4C,development,1,559.0,775.0473586857263,-216.0473586857263,38.648901374906316,False
elasticnet_F1_alpha_100_l1_ratio_0.5,Batch1,23,6C(30%)-3.6C,6C(30%)-3.6C,development,1,1014.0,778.8125827106143,235.18741728938573,23.19402537370668,False
elasticnet_F1_alpha_100_l1_ratio_0.5,Batch1,24,6C(40%)-3C,6C(40%)-3C,development,5,1017.0,790.8266090283614,226.17339097163858,22.239271481970363,False
elasticnet_F1_alpha_100_l1_ratio_0.5,Batch1,25,6C(40%)-3C,6C(40%)-3C,development,2,854.0,767.7196201991217,86.28037980087834,10.103088969657884,False
elasticnet_F1_alpha_100_l1_ratio_0.5,Batch1,28,6C(50%)-3C,6C(50%)-3C,development,1,860.0,777.844196172415,82.15580382758503,9.553000445068028,False
elasticnet_F1_alpha_100_l1_ratio_0.5,Batch1,29,6C(50%)-3C,6C(50%)-3C,development,2,917.0,766.4874947327967,150.51250526720332,16.41357745552926,False
elasticnet_F1_alpha_100_l1_ratio_0.5,Batch1,31,6C(50%)-3.6C,6C(50%)-3.6C,development,5,876.0,789.3663539319538,86.63364606804623,9.88968562420619,False
elasticnet_F1_alpha_100_l1_ratio_0.5,Batch1,32,6C(60%)-3C,6C(60%)-3C,development,2,731.0,764.9747330954065,-33.974733095406464,4.647706305801158,False
elasticnet_F1_alpha_100_l1_ratio_0.5,Batch1,33,6C(60%)-3C,6C(60%)-3C,development,3,757.0,791.1169663179151,-34.11696631791506,4.506864771190893,False
elasticnet_F1_alpha_100_l1_ratio_0.5,Batch1,34,7C(30%)-3.6C,7C(30%)-3.6C,development,2,742.0,766.4796048115022,-24.479604811502213,3.29913811475771,False
elasticnet_F1_alpha_100_l1_ratio_0.5,Batch1,36,7C(40%)-3C,7C(40%)-3C,development,4,704.0,806.1991966545183,-102.19919665451835,14.516931342971356,False
elasticnet_F1_alpha_100_l1_ratio_0.5,Batch1,37,7C(40%)-3C,7C(40%)-3C,development,5,648.0,789.2184974430867,-141.21849744308668,21.79297800047634,False
elasticnet_F1_alpha_100_l1_ratio_0.5,Batch1,38,7C(40%)-3.6C,7C(40%)-3.6C,development,4,617.0,803.7598629211043,-186.7598629211043,30.269021543128733,False
elasticnet_F1_alpha_100_l1_ratio_0.5,Batch1,39,7C(40%)-3.6C,7C(40%)-3.6C,development,1,625.0,776.0575007929529,-151.05750079295285,24.169200126872457,False
elasticnet_F1_alpha_100_l1_ratio_0.5,Batch1,41,8C(15%)-3.6C,8C(15%)-3.6C,development,2,1051.0,768.0439582972853,282.95604170271474,26.92255392033442,False
elasticnet_F1_alpha_100_l1_ratio_0.5,Batch1,42,8C(25%)-3.6C,8C(25%)-3.6C,development,3,702.0,792.0699861095751,-90.0699861095751,12.830482351791325,False
elasticnet_F1_alpha_100_l1_ratio_0.5,Batch1,43,8C(25%)-3.6C,8C(25%)-3.6C,development,4,651.0,805.8546788101761,-154.8546788101761,23.78720104611,False
elasticnet_F1_alpha_100_l1_ratio_0.5,Batch1,5,4.4C(80%)-4.4C,4.4C(80%)-4.4C,development,1,1074.0,779.3373594183121,294.6626405816879,27.436000054160885,False
elasticnet_F1_alpha_100_l1_ratio_0.5,Batch1,6,4.8C(80%)-4.8C,4.8C(80%)-4.8C,development,4,636.0,805.4247330358037,-169.42473303580368,26.63910896789366,False
elasticnet_F1_alpha_100_l1_ratio_0.5,Batch1,7,4.8C(80%)-4.8C,4.8C(80%)-4.8C,development,4,870.0,805.6678273522294,64.33217264777056,7.394502603192018,False
