batch,cell_id,charging_policy,policy_group,model_eligible,label_eligible,target_valid,development_eligible,role,exclusion_reason,cv_fold
Batch1,0,3.6C(80%)-3.6C,3.6C(80%)-3.6C,False,False,True,False,excluded,model_ineligible,
Batch1,1,3.6C(80%)-3.6C,3.6C(80%)-3.6C,False,False,True,False,excluded,model_ineligible,
Batch1,10,5.4C(50%)-3C,5.4C(50%)-3C,False,False,True,False,excluded,model_ineligible,
Batch1,11,5.4C(50%)-3C,5.4C(50%)-3C,True,True,True,True,development,,1
Batch1,12,5.4C(50%)-3.6C,5.4C(50%)-3.6C,False,False,True,False,excluded,model_ineligible,
Batch1,13,5.4C(50%)-3.6C,5.4C(50%)-3.6C,False,False,True,False,excluded,model_ineligible,
Batch1,14,5.4C(60%)-3C,5.4C(60%)-3C,True,True,True,True,development,,2
Batch1,15,5.4C(60%)-3C,5.4C(60%)-3C,True,True,True,True,development,,3
Batch1,16,5.4C(60%)-3.6C,5.4C(60%)-3.6C,True,True,True,True,development,,3
Batch1,17,5.4C(60%)-3.6C,5.4C(60%)-3.6C,True,True,True,True,development,,3
Batch1,18,5.4C(70%)-3C,5.4C(70%)-3C,True,True,True,True,development,,3
Batch1,19,5.4C(70%)-3C,5.4C(70%)-3C,True,True,True,True,development,,5
Batch1,2,3.6C(80%)-3.6C,3.6C(80%)-3.6C,False,False,True,False,excluded,model_ineligible,
Batch1,20,5.4C(80%)-5.4C,5.4C(80%)-5.4C,True,True,True,True,development,,5
Batch1,21,5.4C(80%)-5.4C,5.4C(80%)-5.4C,True,True,True,True,development,,1
Batch1,22,6C(30%)-3.6C,6C(30%)-3.6C,False,False,True,False,excluded,model_ineligible,
Batch1,23,6C(30%)-3.6C,6C(30%)-3.6C,True,True,True,True,development,,1
Batch1,24,6C(40%)-3C,6C(40%)-3C,True,True,True,True,development,,5
Batch1,25,6C(40%)-3C,6C(40%)-3C,True,True,True,True,development,,2
Batch1,26,6C(40%)-3.6C,6C(40%)-3.6C,True,True,True,True,holdout,,
Batch1,27,6C(40%)-3.6C,6C(40%)-3.6C,True,True,True,True,holdout,,
Batch1,28,6C(50%)-3C,6C(50%)-3C,True,True,True,True,development,,1
Batch1,29,6C(50%)-3C,6C(50%)-3C,True,True,True,True,development,,2
Batch1,3,4C(80%)-4C,4C(80%)-4C,False,False,True,False,excluded,model_ineligible,
Batch1,30,6C(50%)-3.6C,6C(50%)-3.6C,True,True,True,True,holdout,,
Batch1,31,6C(50%)-3.6C,6C(50%)-3.6C,True,True,True,True,development,,5
Batch1,32,6C(60%)-3C,6C(60%)-3C,True,True,True,True,development,,2
Batch1,33,6C(60%)-3C,6C(60%)-3C,True,True,True,True,development,,3
Batch1,34,7C(30%)-3.6C,7C(30%)-3.6C,True,True,True,True,development,,2
Batch1,35,7C(30%)-3.6C,7C(30%)-3.6C,True,True,True,True,holdout,,
Batch1,36,7C(40%)-3C,7C(40%)-3C,True,True,True,True,development,,4
Batch1,37,7C(40%)-3C,7C(40%)-3C,True,True,True,True,development,,5
Batch1,38,7C(40%)-3.6C,7C(40%)-3.6C,True,True,True,True,development,,4
Batch1,39,7C(40%)-3.6C,7C(40%)-3.6C,True,True,True,True,development,,1
Batch1,4,4C(80%)-4C,4C(80%)-4C,False,False,True,False,excluded,model_ineligible,
Batch1,40,8C(15%)-3.6C,8C(15%)-3.6C,True,True,True,True,holdout,,
Batch1,41,8C(15%)-3.6C,8C(15%)-3.6C,True,True,True,True,development,,2
Batch1,42,8C(25%)-3.6C,8C(25%)-3.6C,True,True,True,True,development,,3
Batch1,43,8C(25%)-3.6C,8C(25%)-3.6C,True,True,True,True,development,,4
Batch1,44,8C(35%)-3.6C,8C(35%)-3.6C,True,True,True,True,holdout,,
Batch1,45,8C(35%)-3.6C,8C(35%)-3.6C,True,True,True,True,holdout,,
Batch1,5,4.4C(80%)-4.4C,4.4C(80%)-4.4C,True,True,True,True,development,,1
Batch1,6,4.8C(80%)-4.8C,4.8C(80%)-4.8C,True,True,True,True,development,,4
Batch1,7,4.8C(80%)-4.8C,4.8C(80%)-4.8C,True,True,True,True,development,,4
Batch1,8,5.4C(40%)-3.6C,5.4C(40%)-3.6C,False,False,True,False,excluded,model_ineligible,
Batch1,9,5.4C(40%)-3.6C,5.4C(40%)-3.6C,True,True,True,True,holdout,,
Batch2,0,5.2C(58%)-4C,5.2C(58%)-4C,False,True,True,False,external_reserved,,
Batch2,1,5.6C(26%)-4.5C,5.6C(26%)-4.5C,False,True,True,False,external_reserved,,
Batch2,10,4.8C(80%)-4.8C,4.8C(80%)-4.8C,False,True,True,False,external_reserved,,
Batch2,11,5.2C(50%)-4.25C,5.2C(50%)-4.25C,False,True,True,False,external_reserved,,
Batch2,12,4.65C(44%)-5C,4.65C(44%)-5C,False,True,True,False,external_reserved,,
Batch2,13,4.65C(69%)-6C,4.65C(69%)-6C,False,True,True,False,external_reserved,,
Batch2,14,3.6C(30%)-6C,3.6C(30%)-6C,False,True,True,False,external_reserved,,
Batch2,15,3.6C(9%)-5C,3.6C(9%)-5C,False,True,True,False,external_reserved,,
Batch2,16,4.8C(80%)-4.8C,4.8C(80%)-4.8C,False,True,True,False,external_reserved,,
Batch2,17,5.6C(26%)-4.5C,5.6C(26%)-4.5C,False,True,True,False,external_reserved,,
Batch2,18,5.2C(50%)-4.25C,5.2C(50%)-4.25C,False,True,True,False,external_reserved,,
Batch2,19,6C(60%)-3C,6C(60%)-3C,False,True,True,False,external_reserved,,
Batch2,2,5.2C(50%)-4.25C,5.2C(50%)-4.25C,False,True,True,False,external_reserved,,
Batch2,20,5.2C(58%)-4C,5.2C(58%)-4C,False,True,True,False,external_reserved,,
Batch2,21,6C(60%)-3C,6C(60%)-3C,False,True,True,False,external_reserved,,
Batch2,22,VarCharge-2C-100cycles,VarCharge-2C-100cycles,False,False,False,False,excluded,label_ineligible;target_not_finite_positive,
Batch2,23,VarCharge-4C-100cycles,VarCharge-4C-100cycles,False,False,False,False,excluded,label_ineligible;target_not_finite_positive,
Batch2,24,4.8C(80%)-4.8C,4.8C(80%)-4.8C,False,True,True,False,external_reserved,,
Batch2,25,5.2C(58%)-4C,5.2C(58%)-4C,False,True,True,False,external_reserved,,
Batch2,26,5.6C(26%)-4.5C,5.6C(26%)-4.5C,False,True,True,False,external_reserved,,
Batch2,27,5.2C(50%)-4.25C,5.2C(50%)-4.25C,False,True,True,False,external_reserved,,
Batch2,28,4.8C(80%)-4.8C,4.8C(80%)-4.8C,False,True,True,False,external_reserved,,
Batch2,29,5.2C(58%)-4C,5.2C(58%)-4C,False,True,True,False,external_reserved,,
Batch2,3,4.65C(44%)-5C,4.65C(44%)-5C,False,True,True,False,external_reserved,,
Batch2,30,5.6C(26%)-4.5C,5.6C(26%)-4.5C,False,True,True,False,external_reserved,,
Batch2,31,5.6C(26%)-4.5C,5.6C(26%)-4.5C,False,True,True,False,external_reserved,,
Batch2,32,4.8C(80%)-4.8C-newstructure,4.8C(80%)-4.8C-newstructure,False,True,True,False,external_reserved,,
Batch2,33,5.2C(58%)-4C-newstructure,5.2C(58%)-4C-newstructure,False,True,True,False,external_reserved,,
Batch2,34,5.6C(26%)-4.5C-newstructure,5.6C(26%)-4.5C-newstructure,False,True,True,False,external_reserved,,
Batch2,35,VarCharge-6C-100cycles,VarCharge-6C-100cycles,False,False,False,False,excluded,label_ineligible;target_not_finite_positive,
Batch2,36,VarCharge-8C-100cycles,VarCharge-8C-100cycles,False,False,False,False,excluded,label_ineligible;target_not_finite_positive,
Batch2,37,3.6C(80%)-3.6C(SLOWCYCLE,3.6C(80%)-3.6C(SLOWCYCLE,False,False,False,False,excluded,label_ineligible;target_not_finite_positive,
Batch2,38,4.8C(80%)-4.8C(SLOWCYCLE,4.8C(80%)-4.8C(SLOWCYCLE,False,False,False,False,excluded,label_ineligible;target_not_finite_positive,
Batch2,39,3.6C(9%)-5C(SLOWCYCLE,3.6C(9%)-5C(SLOWCYCLE,False,False,False,False,excluded,label_ineligible;target_not_finite_positive,
Batch2,4,4.65C(69%)-6C,4.65C(69%)-6C,False,True,True,False,external_reserved,,
Batch2,40,5.2C(58%)-4C(SLOWCYCLE,5.2C(58%)-4C(SLOWCYCLE,False,False,False,False,excluded,label_ineligible;target_not_finite_positive,
Batch2,41,5.6C(26%)-4.5C,5.6C(26%)-4.5C,False,True,True,False,external_reserved,,
Batch2,42,5.2C(50%)-4.25C,5.2C(50%)-4.25C,False,True,True,False,external_reserved,,
Batch2,43,4.8C(80%)-4.8C-newstructure,4.8C(80%)-4.8C-newstructure,False,True,True,False,external_reserved,,
Batch2,44,5.2C(58%)-4C-newstructure,5.2C(58%)-4C-newstructure,False,True,True,False,external_reserved,,
Batch2,45,5.6C(26%)-4.5C-newstructure,5.6C(26%)-4.5C-newstructure,False,True,True,False,external_reserved,,
Batch2,46,4.8C(80%)-4.8C,4.8C(80%)-4.8C,False,True,True,False,external_reserved,,
Batch2,5,3.6C(30%)-6C,3.6C(30%)-6C,False,True,True,False,external_reserved,,
Batch2,6,3.6C(9%)-5C,3.6C(9%)-5C,False,True,True,False,external_reserved,,
Batch2,7,4.8C(80%)-4.8C-newstructure,4.8C(80%)-4.8C-newstructure,False,True,True,False,external_reserved,,
Batch2,8,5.2C(58%)-4C-newstructure,5.2C(58%)-4C-newstructure,False,True,True,False,external_reserved,,
Batch2,9,5.6C(26%)-4.5C-newstructure,5.6C(26%)-4.5C-newstructure,False,True,True,False,external_reserved,,
Batch3,0,5C(67%)-4C-newstructure,5C(67%)-4C-newstructure,False,True,True,False,external_reserved,,
Batch3,1,5.3C(54%)-4C-newstructure,5.3C(54%)-4C-newstructure,False,True,True,False,external_reserved,,
Batch3,10,4.8C(80%)-4.8C-newstructure,4.8C(80%)-4.8C-newstructure,False,True,True,False,external_reserved,,
Batch3,11,5.6C(19%)-4.6C-newstructure,5.6C(19%)-4.6C-newstructure,False,True,True,False,external_reserved,,
Batch3,12,5.6C(36%)-4.3C-newstructure,5.6C(36%)-4.3C-newstructure,False,True,True,False,external_reserved,,
Batch3,13,5.6C(19%)-4.6C-newstructure,5.6C(19%)-4.6C-newstructure,False,True,True,False,external_reserved,,
Batch3,14,5.6C(36%)-4.3C-newstructure,5.6C(36%)-4.3C-newstructure,False,True,True,False,external_reserved,,
Batch3,15,5.9C(15%)-4.6C-newstructure,5.9C(15%)-4.6C-newstructure,False,True,True,False,external_reserved,,
Batch3,16,4.8C(80%)-4.8C-newstructure,4.8C(80%)-4.8C-newstructure,False,True,True,False,external_reserved,,
Batch3,17,5.3C(54%)-4C-newstructure,5.3C(54%)-4C-newstructure,False,True,True,False,external_reserved,,
Batch3,18,5.6C(19%)-4.6C-newstructure,5.6C(19%)-4.6C-newstructure,False,True,True,False,external_reserved,,
Batch3,19,5.6C(36%)-4.3C-newstructure,5.6C(36%)-4.3C-newstructure,False,True,True,False,external_reserved,,
Batch3,2,5.6C(19%)-4.6C-newstructure,5.6C(19%)-4.6C-newstructure,False,True,True,False,external_reserved,,
Batch3,20,5C(67%)-4C-newstructure,5C(67%)-4C-newstructure,False,True,True,False,external_reserved,,
Batch3,21,3.7C(31%)-5.9C-newstructure,3.7C(31%)-5.9C-newstructure,False,True,True,False,external_reserved,,
Batch3,22,5.9C(60%)-3.1C-newstructure,5.9C(60%)-3.1C-newstructure,False,True,True,False,external_reserved,,
Batch3,23,4.8C(80%)-4.8C-newstructure,4.8C(80%)-4.8C-newstructure,False,False,False,False,excluded,label_ineligible;target_not_finite_positive,
Batch3,24,5C(67%)-4C-newstructure,5C(67%)-4C-newstructure,False,True,True,False,external_reserved,,
Batch3,25,5.3C(54%)-4C-newstructure,5.3C(54%)-4C-newstructure,False,True,True,False,external_reserved,,
Batch3,26,5.6C(19%)-4.6C-newstructure,5.6C(19%)-4.6C-newstructure,False,True,True,False,external_reserved,,
Batch3,27,5.6C(36%)-4.3C-newstructure,5.6C(36%)-4.3C-newstructure,False,True,True,False,external_reserved,,
Batch3,28,3.7C(31%)-5.9C-newstructure,3.7C(31%)-5.9C-newstructure,False,True,True,False,external_reserved,,
Batch3,29,5.9C(15%)-4.6C-newstructure,5.9C(15%)-4.6C-newstructure,False,True,True,False,external_reserved,,
Batch3,3,5.6C(36%)-4.3C-newstructure,5.6C(36%)-4.3C-newstructure,False,True,True,False,external_reserved,,
Batch3,30,5.3C(54%)-4C-newstructure,5.3C(54%)-4C-newstructure,False,True,True,False,external_reserved,,
Batch3,31,5.9C(60%)-3.1C-newstructure,5.9C(60%)-3.1C-newstructure,False,True,True,False,external_reserved,,
Batch3,32,4.8C(80%)-4.8C-newstructure,4.8C(80%)-4.8C-newstructure,False,False,False,False,excluded,label_ineligible;target_not_finite_positive,
Batch3,33,5C(67%)-4C-newstructure,5C(67%)-4C-newstructure,False,True,True,False,external_reserved,,
Batch3,34,5.3C(54%)-4C-newstructure,5.3C(54%)-4C-newstructure,False,True,True,False,external_reserved,,
Batch3,35,5.6C(19%)-4.6C-newstructure,5.6C(19%)-4.6C-newstructure,False,True,True,False,external_reserved,,
Batch3,36,5.6C(36%)-4.3C-newstructure,5.6C(36%)-4.3C-newstructure,False,True,True,False,external_reserved,,
Batch3,37,4.8C(80%)-4.8C-newstructure,4.8C(80%)-4.8C-newstructure,False,True,True,False,external_reserved,,
Batch3,38,5C(67%)-4C-newstructure,5C(67%)-4C-newstructure,False,True,True,False,external_reserved,,
Batch3,39,5.3C(54%)-4C-newstructure,5.3C(54%)-4C-newstructure,False,True,True,False,external_reserved,,
Batch3,4,5.6C(19%)-4.6C-newstructure,5.6C(19%)-4.6C-newstructure,False,True,True,False,external_reserved,,
Batch3,40,5.6C(19%)-4.6C-newstructure,5.6C(19%)-4.6C-newstructure,False,True,True,False,external_reserved,,
Batch3,41,5.6C(36%)-4.3C-newstructure,5.6C(36%)-4.3C-newstructure,False,True,True,False,external_reserved,,
Batch3,42,4.8C(80%)-4.8C-newstructure,4.8C(80%)-4.8C-newstructure,False,True,True,False,external_reserved,,
Batch3,43,5C(67%)-4C-newstructure,5C(67%)-4C-newstructure,False,True,True,False,external_reserved,,
Batch3,44,5.3C(54%)-4C-newstructure,5.3C(54%)-4C-newstructure,False,True,True,False,external_reserved,,
Batch3,45,4.8C(80%)-4.8C-newstructure,4.8C(80%)-4.8C-newstructure,False,True,True,False,external_reserved,,
Batch3,5,5.6C(36%)-4.3C-newstructure,5.6C(36%)-4.3C-newstructure,False,True,True,False,external_reserved,,
Batch3,6,3.7C(31%)-5.9C-newstructure,3.7C(31%)-5.9C-newstructure,False,True,True,False,external_reserved,,
Batch3,7,4.8C(80%)-4.8C-newstructure,4.8C(80%)-4.8C-newstructure,False,True,True,False,external_reserved,,
Batch3,8,5C(67%)-4C-newstructure,5C(67%)-4C-newstructure,False,True,True,False,external_reserved,,
Batch3,9,5.3C(54%)-4C-newstructure,5.3C(54%)-4C-newstructure,False,True,True,False,external_reserved,,
