candidate,fold,n_train,n_valid,mape_pct,mae,rmse,r2
ridge_full,1,22,6,7.047037739564253,63.056710812149674,73.75811309067785,0.8452434763553193
ridge_full,2,22,6,6.53419735008499,58.49859073453191,70.51750640370241,0.5779482943074361
ridge_full,3,22,6,8.452629575816651,65.17065001660619,81.24663018988792,-0.34270067926844616
ridge_full,4,23,5,8.030646235834261,52.88431626760153,74.60140342226201,0.34067728709127243
ridge_full,5,23,5,8.425107244659637,68.3947740121487,91.345209720384,0.7084884296405645
mae_raw_full_a0,1,22,6,8.490210342522401,80.18327339776901,109.05272754187025,0.6616996600358032
mae_raw_full_a0,2,22,6,4.818269385399162,43.31902618318031,58.51427545956887,0.7094001203031421
mae_raw_full_a0,3,22,6,10.495981372753805,83.50360354579277,109.13068887762556,-1.4224916443101283
mae_raw_full_a0,4,23,5,8.719282638392048,61.335724520158806,73.71117566930236,0.35631895849910034
mae_raw_full_a0,5,23,5,9.357561767451482,75.45641074124285,99.08343261969148,0.6570061523967775
mae_raw_full_a0.01,1,22,6,7.1463638475103455,68.97222286553848,95.98171647243909,0.7379365861220066
mae_raw_full_a0.01,2,22,6,6.691433449494146,58.76924007549093,68.28574147514476,0.6042400654535165
mae_raw_full_a0.01,3,22,6,6.893057819166809,53.009272908860886,66.5606820123575,0.09883561204286173
mae_raw_full_a0.01,4,23,5,14.462724747582701,98.08154104092559,119.17630113565521,-0.6826114735123128
mae_raw_full_a0.01,5,23,5,6.909165148818662,60.520069260535955,87.59656154728695,0.7319237371394642
mae_raw_full_a0.1,1,22,6,9.371318102823322,83.78825915706436,102.36551582721994,0.7019173297074895
mae_raw_full_a0.1,2,22,6,9.100798680457945,84.68761085007186,108.92396507162502,-0.0069749128498026725
mae_raw_full_a0.1,3,22,6,7.446891131418538,56.63814395530352,66.16573637035674,0.10949821396546722
mae_raw_full_a0.1,4,23,5,8.172195600645326,53.77448564167232,73.8757536446116,0.35344140336269647
mae_raw_full_a0.1,5,23,5,10.89912741392414,88.9883283002439,104.34196111276528,0.6196335242916957
mape_raw_full_a0,1,22,6,5.169433901627108,40.640701855663984,45.80570432470792,0.9403145461730147
mape_raw_full_a0,2,22,6,4.817024740993094,43.31362992783428,58.55346613235753,0.7090107240880867
mape_raw_full_a0,3,22,6,11.742392986874268,94.23418842637123,128.87356949341532,-2.3782844149927076
mape_raw_full_a0,4,23,5,7.541592643823833,52.8190302007629,61.64713869903295,0.5497747066975389
mape_raw_full_a0,5,23,5,6.551070352012577,60.997299308971535,107.34077632767762,0.5974556768732981
mape_raw_full_a0.01,1,22,6,6.975472249529319,67.49912397132998,95.08716528165634,0.7427986933188279
mape_raw_full_a0.01,2,22,6,7.182696136571949,65.68337049459466,83.52474916167513,0.40789036707583437
mape_raw_full_a0.01,3,22,6,6.819475868305133,52.47387595507979,65.24137516576316,0.13420572929352448
mape_raw_full_a0.01,4,23,5,7.12726125626825,45.236757550734794,69.06513597710374,0.43490458432422685
mape_raw_full_a0.01,5,23,5,7.433348031645328,63.74078472517924,93.39149782357805,0.6952814283272712
mape_raw_full_a0.1,1,22,6,9.607355858051113,89.95185569781735,114.36849972088068,0.6279149525870678
mape_raw_full_a0.1,2,22,6,9.100798680457945,84.68761085007186,108.92396507162502,-0.0069749128498026725
mape_raw_full_a0.1,3,22,6,6.407045042785151,48.910402023814186,50.73137653675327,0.4764938505667279
mape_raw_full_a0.1,4,23,5,7.855479028095344,52.41566849105889,71.78500040189796,0.38951997826091433
mape_raw_full_a0.1,5,23,5,9.213970046205471,79.70787065893698,102.569154045174,0.63244884674924
ridge_minus_qd_initial_median,1,22,6,9.33052309967402,83.4333109346012,102.89612104633933,0.6988191352334157
ridge_minus_qd_initial_median,2,22,6,7.278852865311271,66.35432552423777,84.62650498446843,0.39216657719143133
ridge_minus_qd_initial_median,3,22,6,9.05544405604255,68.7902726355724,94.63765478676875,-0.8217821120972859
ridge_minus_qd_initial_median,4,23,5,9.474822446320594,65.2676629330991,82.96822901812877,0.18449302142808643
ridge_minus_qd_initial_median,5,23,5,13.887416756829897,108.39760088924649,115.45821828631536,0.5342702882066179
mae_raw_minus_qd_initial_median_a0,1,22,6,10.157847175721834,92.08252726894096,110.22247491031455,0.6544032208487994
mae_raw_minus_qd_initial_median_a0,2,22,6,7.37313220354544,65.03796843008121,71.34266671724899,0.5680132322494882
mae_raw_minus_qd_initial_median_a0,3,22,6,9.437207112764307,74.0785344468634,93.6737347046923,-0.7848600362004625
mae_raw_minus_qd_initial_median_a0,4,23,5,10.711375421724838,80.68526953340577,111.58141341425672,-0.4749855254237947
mae_raw_minus_qd_initial_median_a0,5,23,5,14.779883341082176,118.38468194472901,136.55753234112038,0.34849828532901694
mae_raw_minus_qd_initial_median_a0.01,1,22,6,9.84413731296681,89.08274782600904,106.03623172210308,0.6801561969498618
mae_raw_minus_qd_initial_median_a0.01,2,22,6,7.536891547229953,68.07142382297606,84.44796534378978,0.39472860865234405
mae_raw_minus_qd_initial_median_a0.01,3,22,6,12.91179553717868,99.30595424156992,130.22456328611008,-2.449485421225033
mae_raw_minus_qd_initial_median_a0.01,4,23,5,10.894981964904142,74.3429353922354,89.87828329470629,0.04299638338362566
mae_raw_minus_qd_initial_median_a0.01,5,23,5,12.293118481058741,101.61184352690672,114.16705461545882,0.5446285104737597
mae_raw_minus_qd_initial_median_a0.1,1,22,6,10.834379502382403,97.9339298890735,116.27716251550497,0.6153920826848649
mae_raw_minus_qd_initial_median_a0.1,2,22,6,8.390972500616567,78.16368316971399,105.74291286423733,0.05098231483683613
mae_raw_minus_qd_initial_median_a0.1,3,22,6,9.695837313008072,73.05802747985213,96.15783085089222,-0.8807791869443382
mae_raw_minus_qd_initial_median_a0.1,4,23,5,10.822259337632104,73.9231570289231,89.42216494308688,0.05268502659522545
mae_raw_minus_qd_initial_median_a0.1,5,23,5,12.90600532238827,106.63006236044626,120.33628448625501,0.49408513687026623
mape_raw_minus_qd_initial_median_a0,1,22,6,9.434583480291225,85.16648214904014,100.72080792449124,0.7114189752905171
mape_raw_minus_qd_initial_median_a0,2,22,6,6.139176223462713,56.917034769344376,79.75244032600936,0.4601666287887556
mape_raw_minus_qd_initial_median_a0,3,22,6,10.574076263639647,83.63983433981998,106.55481060591879,-1.3094821897882065
mape_raw_minus_qd_initial_median_a0,4,23,5,10.694577466266807,80.63013797995981,111.48552532216311,-0.4724515410848278
mape_raw_minus_qd_initial_median_a0,5,23,5,12.261871533766463,104.48332099831478,131.2883005055468,0.3978061781825146
mape_raw_minus_qd_initial_median_a0.01,1,22,6,10.12999927305978,92.4112782181089,110.53671721309895,0.6524298313429058
mape_raw_minus_qd_initial_median_a0.01,2,22,6,7.339881257036689,67.71758209455628,93.85496384461564,0.2523707918034239
mape_raw_minus_qd_initial_median_a0.01,3,22,6,5.9975295775113135,44.83958466342091,66.80522951799,0.0922015952049473
mape_raw_minus_qd_initial_median_a0.01,4,23,5,8.918660045296997,62.23968883349585,74.91301337057858,0.335157803746874
mape_raw_minus_qd_initial_median_a0.01,5,23,5,12.208671285011803,102.61293934726355,118.23070759353638,0.5116346754898047
mape_raw_minus_qd_initial_median_a0.1,1,22,6,10.680189741691791,98.81760697794023,120.6493833399027,0.5859244545291968
mape_raw_minus_qd_initial_median_a0.1,2,22,6,8.390972500616567,78.16368316971399,105.74291286423733,0.05098231483683613
mape_raw_minus_qd_initial_median_a0.1,3,22,6,5.876061453542175,43.962190464197306,66.4437355955387,0.1019995028023164
mape_raw_minus_qd_initial_median_a0.1,4,23,5,10.059660699277513,69.52119273966309,85.09352204437721,0.1421782749617453
mape_raw_minus_qd_initial_median_a0.1,5,23,5,12.411026859549693,104.093827971781,119.72671662885949,0.4991976158113457
ridge_minus_qd_fraction_change,1,22,6,7.0993988319731915,63.459363730425856,74.14258163220458,0.8436259163741634
ridge_minus_qd_fraction_change,2,22,6,6.553168677121657,58.66426192326818,70.7396816487595,0.5752846392015242
ridge_minus_qd_fraction_change,3,22,6,8.509776895186596,65.57852480238382,81.42462429437299,-0.34859026744379484
ridge_minus_qd_fraction_change,4,23,5,8.027043449378638,53.00209064548464,74.51752635392445,0.3421590545823944
ridge_minus_qd_fraction_change,5,23,5,8.278015084095017,67.54661108219591,91.02742701472236,0.7105131925567443
mae_raw_minus_qd_fraction_change_a0,1,22,6,8.221518418776919,76.98378984125874,103.27984537191394,0.6965685952139715
mae_raw_minus_qd_fraction_change_a0,2,22,6,6.864606175305672,59.917540878926864,67.40297729569558,0.614406301994606
mae_raw_minus_qd_fraction_change_a0,3,22,6,9.643803408375035,74.61607996037652,96.33941978286755,-0.887889396485471
mae_raw_minus_qd_fraction_change_a0,4,23,5,15.194026177900193,103.39908801344286,124.85385159106666,-0.8467492461976365
mae_raw_minus_qd_fraction_change_a0,5,23,5,6.917450192994044,60.997870217475544,88.37109477608544,0.7271620906820563
mae_raw_minus_qd_fraction_change_a0.01,1,22,6,7.0753867900884355,68.54742758246464,96.09762167979719,0.7373032810466402
mae_raw_minus_qd_fraction_change_a0.01,2,22,6,6.7753274800550285,59.40579864044573,68.38508030130167,0.6030877627095437
mae_raw_minus_qd_fraction_change_a0.01,3,22,6,6.933737762443766,53.2674682770515,67.78043931910256,0.06550441647572913
mae_raw_minus_qd_fraction_change_a0.01,4,23,5,14.63667022645253,99.38860520962814,119.29015977506393,-0.6858280755878754
mae_raw_minus_qd_fraction_change_a0.01,5,23,5,6.9632561833730815,61.09157865950745,87.94341735662019,0.7297965325709399
mae_raw_minus_qd_fraction_change_a0.1,1,22,6,9.371318102823322,83.78825915706436,102.36551582721994,0.7019173297074895
mae_raw_minus_qd_fraction_change_a0.1,2,22,6,9.100798680457945,84.68761085007186,108.92396507162502,-0.0069749128498026725
mae_raw_minus_qd_fraction_change_a0.1,3,22,6,7.446891131418538,56.63814395530352,66.16573637035674,0.10949821396546722
mae_raw_minus_qd_fraction_change_a0.1,4,23,5,8.172195600645326,53.77448564167232,73.8757536446116,0.35344140336269647
mae_raw_minus_qd_fraction_change_a0.1,5,23,5,10.89912741392414,88.9883283002439,104.34196111276528,0.6196335242916957
mape_raw_minus_qd_fraction_change_a0,1,22,6,8.221518418776919,76.98378984125874,103.27984537191394,0.6965685952139715
mape_raw_minus_qd_fraction_change_a0,2,22,6,7.270742564672865,66.59907117434322,85.01811766590879,0.386528011928595
mape_raw_minus_qd_fraction_change_a0,3,22,6,6.782494738956936,52.14079583891013,65.06990220971178,0.13875085742817217
mape_raw_minus_qd_fraction_change_a0,4,23,5,14.61425445542314,99.20202238828219,119.06978788872237,-0.6796051656982243
mape_raw_minus_qd_fraction_change_a0,5,23,5,7.474268994355941,63.94311860234652,93.80948962818886,0.6925476698386589
mape_raw_minus_qd_fraction_change_a0.01,1,22,6,7.003697332204105,67.96469824169502,95.86490122349059,0.738574090329422
mape_raw_minus_qd_fraction_change_a0.01,2,22,6,7.25433716681181,66.41395842799575,84.81540338096701,0.3894500073690381
mape_raw_minus_qd_fraction_change_a0.01,3,22,6,6.782494738956936,52.14079583891013,65.06990220971178,0.13875085742817217
mape_raw_minus_qd_fraction_change_a0.01,4,23,5,7.20845957804072,45.836353325915205,69.52942460838013,0.4272813674177096
mape_raw_minus_qd_fraction_change_a0.01,5,23,5,7.474268994355941,63.94311860234652,93.80948962818886,0.6925476698386589
mape_raw_minus_qd_fraction_change_a0.1,1,22,6,9.607355858051113,89.95185569781735,114.36849972088068,0.6279149525870678
mape_raw_minus_qd_fraction_change_a0.1,2,22,6,9.100798680457945,84.68761085007186,108.92396507162502,-0.0069749128498026725
mape_raw_minus_qd_fraction_change_a0.1,3,22,6,6.407045042785151,48.910402023814186,50.73137653675327,0.4764938505667279
mape_raw_minus_qd_fraction_change_a0.1,4,23,5,7.855479028095344,52.41566849105889,71.78500040189796,0.38951997826091433
mape_raw_minus_qd_fraction_change_a0.1,5,23,5,9.213970046205471,79.70787065893698,102.569154045174,0.63244884674924
ridge_minus_early_drop_per100,1,22,6,7.050784054727489,63.07696584856683,73.7517381953544,0.845270226334775
ridge_minus_early_drop_per100,2,22,6,6.536025613824379,58.512473148072466,70.51920849623004,0.5779279198001432
ridge_minus_early_drop_per100,3,22,6,8.42492291366898,64.95859619085896,80.98882639413405,-0.334193147545375
ridge_minus_early_drop_per100,4,23,5,8.01273274327252,52.74324714808854,74.42025297627374,0.3438753929548277
ridge_minus_early_drop_per100,5,23,5,8.45889441302045,68.5957905579804,91.42613624702425,0.7079716763467667
mae_raw_minus_early_drop_per100_a0,1,22,6,8.12721649278578,75.8608775581128,101.26503721560114,0.7082919440662305
mae_raw_minus_early_drop_per100_a0,2,22,6,6.824072725598413,59.59666917283823,67.18713583006124,0.6168718860109828
mae_raw_minus_early_drop_per100_a0,3,22,6,9.616374414892306,74.4042207996963,96.15698622449314,-0.8807461464990343
mae_raw_minus_early_drop_per100_a0,4,23,5,14.652689535251584,99.47498865594311,120.22373482401048,-0.7123181995386816
mae_raw_minus_early_drop_per100_a0,5,23,5,6.851305392003214,60.43636878421489,88.19078333980406,0.7282743459084619
mae_raw_minus_early_drop_per100_a0.01,1,22,6,7.1463638475103455,68.97222286553848,95.98171647243909,0.7379365861220066
mae_raw_minus_early_drop_per100_a0.01,2,22,6,6.691433449494146,58.76924007549093,68.28574147514476,0.6042400654535165
mae_raw_minus_early_drop_per100_a0.01,3,22,6,6.893057819166809,53.009272908860886,66.5606820123575,0.09883561204286173
mae_raw_minus_early_drop_per100_a0.01,4,23,5,14.462724747582701,98.08154104092559,119.17630113565521,-0.6826114735123128
mae_raw_minus_early_drop_per100_a0.01,5,23,5,6.909165148818662,60.520069260535955,87.59656154728695,0.7319237371394642
mae_raw_minus_early_drop_per100_a0.1,1,22,6,9.371318102823322,83.78825915706436,102.36551582721994,0.7019173297074895
mae_raw_minus_early_drop_per100_a0.1,2,22,6,9.100798680457945,84.68761085007186,108.92396507162502,-0.0069749128498026725
mae_raw_minus_early_drop_per100_a0.1,3,22,6,7.446891131418538,56.63814395530352,66.16573637035674,0.10949821396546722
mae_raw_minus_early_drop_per100_a0.1,4,23,5,8.172195600645326,53.77448564167232,73.8757536446116,0.35344140336269647
mae_raw_minus_early_drop_per100_a0.1,5,23,5,10.89912741392414,88.9883283002439,104.34196111276528,0.6196335242916957
mape_raw_minus_early_drop_per100_a0,1,22,6,8.12721649278578,75.8608775581128,101.26503721560114,0.7082919440662305
mape_raw_minus_early_drop_per100_a0,2,22,6,7.182848833936786,65.68547234519303,83.52441002395274,0.40789517538251374
mape_raw_minus_early_drop_per100_a0,3,22,6,6.819475868305133,52.47387595507979,65.24137516576316,0.13420572929352448
mape_raw_minus_early_drop_per100_a0,4,23,5,14.456353536698035,97.94659617175613,119.04300865418051,-0.6788497518598771
mape_raw_minus_early_drop_per100_a0,5,23,5,7.62235020544243,64.64743862340856,92.956686885947,0.6981122327742969
mape_raw_minus_early_drop_per100_a0.01,1,22,6,6.975472249529319,67.49912397132998,95.08716528165634,0.7427986933188279
mape_raw_minus_early_drop_per100_a0.01,2,22,6,7.182696136571949,65.68337049459466,83.52474916167513,0.40789036707583437
mape_raw_minus_early_drop_per100_a0.01,3,22,6,6.819475868305133,52.47387595507979,65.24137516576316,0.13420572929352448
mape_raw_minus_early_drop_per100_a0.01,4,23,5,7.12726125626825,45.236757550734794,69.06513597710374,0.43490458432422685
mape_raw_minus_early_drop_per100_a0.01,5,23,5,7.433348031645328,63.74078472517924,93.39149782357805,0.6952814283272712
mape_raw_minus_early_drop_per100_a0.1,1,22,6,9.61443581319931,89.92732886118579,114.05703662938988,0.6299388132671419
mape_raw_minus_early_drop_per100_a0.1,2,22,6,9.100798680457945,84.68761085007186,108.92396507162502,-0.0069749128498026725
mape_raw_minus_early_drop_per100_a0.1,3,22,6,6.407045042785151,48.910402023814186,50.73137653675327,0.4764938505667279
mape_raw_minus_early_drop_per100_a0.1,4,23,5,7.855479028095344,52.41566849105889,71.78500040189796,0.38951997826091433
mape_raw_minus_early_drop_per100_a0.1,5,23,5,9.213970046205471,79.70787065893698,102.569154045174,0.63244884674924
ridge_minus_delta_Q_min,1,22,6,7.703501746714168,65.82254882921855,72.93381582109866,0.8486831675152158
ridge_minus_delta_Q_min,2,22,6,6.51899468772059,58.372851865705705,71.35518126134967,0.5678616654000664
ridge_minus_delta_Q_min,3,22,6,8.947922440830252,68.82777625169064,85.34432324989534,-0.48155497895501576
ridge_minus_delta_Q_min,4,23,5,6.510190328787928,42.89809076887743,61.67123754254523,0.5494226374914655
ridge_minus_delta_Q_min,5,23,5,8.751199334991565,71.25225590739073,94.98261114350079,0.6848099845565851
mae_raw_minus_delta_Q_min_a0,1,22,6,6.144494539277081,52.25136150361288,61.364131152446085,0.8928829635952266
mae_raw_minus_delta_Q_min_a0,2,22,6,5.64065495656385,50.60633913692423,61.29778657072792,0.681094982836851
mae_raw_minus_delta_Q_min_a0,3,22,6,8.08618118563757,64.18095396811452,81.09095981049263,-0.3375603188284224
mae_raw_minus_delta_Q_min_a0,4,23,5,9.926887053812344,64.74446845135427,86.92723884433171,0.10480878504313529
mae_raw_minus_delta_Q_min_a0,5,23,5,9.085827760767675,73.65649791482436,95.99478202026967,0.67805662238815
mae_raw_minus_delta_Q_min_a0.01,1,22,6,8.005084943363363,71.38260140537062,88.4404193070788,0.7774995182898347
mae_raw_minus_delta_Q_min_a0.01,2,22,6,6.691433449494146,58.76924007549093,68.28574147514476,0.6042400654535165
mae_raw_minus_delta_Q_min_a0.01,3,22,6,6.893057819166809,53.009272908860886,66.5606820123575,0.09883561204286173
mae_raw_minus_delta_Q_min_a0.01,4,23,5,7.167163588722072,45.52570859554112,69.2217862776516,0.432338231370912
mae_raw_minus_delta_Q_min_a0.01,5,23,5,6.909165148818662,60.520069260535955,87.59656154728695,0.7319237371394642
mae_raw_minus_delta_Q_min_a0.1,1,22,6,10.131321477950701,88.27197624457654,99.71760736510184,0.7171390025140874
mae_raw_minus_delta_Q_min_a0.1,2,22,6,9.211399245711158,85.56279442578246,109.09437579037083,-0.010128186814118756
mae_raw_minus_delta_Q_min_a0.1,3,22,6,7.446891131418538,56.63814395530352,66.16573637035674,0.10949821396546722
mae_raw_minus_delta_Q_min_a0.1,4,23,5,7.75224730623598,52.43159525130998,67.94890031382597,0.4530231992908149
mae_raw_minus_delta_Q_min_a0.1,5,23,5,11.324363008592279,91.77950921285735,106.6619596523148,0.6025309108720797
mape_raw_minus_delta_Q_min_a0,1,22,6,6.144494539277081,52.25136150361288,61.364131152446085,0.8928829635952266
mape_raw_minus_delta_Q_min_a0,2,22,6,6.398486078456618,58.47237946028995,75.49980769321765,0.5162026810063571
mape_raw_minus_delta_Q_min_a0,3,22,6,7.98286440301643,63.30422196325833,79.24609676653482,-0.27739218628981166
mape_raw_minus_delta_Q_min_a0,4,23,5,8.8396597927197,58.89343483637238,70.84490623084534,0.4054049336506794
mape_raw_minus_delta_Q_min_a0,5,23,5,8.177431850511404,68.23873150756405,91.44094461083186,0.7078770685670976
mape_raw_minus_delta_Q_min_a0.01,1,22,6,8.005084943363363,71.38260140537062,88.4404193070788,0.7774995182898347
mape_raw_minus_delta_Q_min_a0.01,2,22,6,6.7387823643494205,59.55123067137871,70.26580254100435,0.580955844025427
mape_raw_minus_delta_Q_min_a0.01,3,22,6,6.849105818884822,52.698504050231485,65.76267302285419,0.12031454893103322
mape_raw_minus_delta_Q_min_a0.01,4,23,5,7.12726125626825,45.236757550734794,69.06513597710374,0.43490458432422685
mape_raw_minus_delta_Q_min_a0.01,5,23,5,6.860455073631321,60.41989182677901,88.375877848755,0.7271325552583491
mape_raw_minus_delta_Q_min_a0.1,1,22,6,10.131321477950701,88.27197624457654,99.71760736510184,0.7171390025140874
mape_raw_minus_delta_Q_min_a0.1,2,22,6,9.00769688576647,83.23364757714518,105.54818400487014,0.05447438759779122
mape_raw_minus_delta_Q_min_a0.1,3,22,6,6.41138753694994,48.943631783499825,50.78618892846616,0.47536200169731213
mape_raw_minus_delta_Q_min_a0.1,4,23,5,7.140884656503828,47.463609256317156,61.91132756365592,0.5459075563325964
mape_raw_minus_delta_Q_min_a0.1,5,23,5,11.941813212716465,96.84654953781276,110.13104943887573,0.5762557698096327
