rank,candidate,family,removal,title,alpha,features,cv_mape_pct,cv_std_pp,oof_mape_pct,oof_mae,oof_rmse,oof_r2,mean_prediction_minus_actual,underprediction_pct,nonpositive_predictions
1,mape_raw_full_a0.01,mape_raw,none,5개 특징 유지,0.01,"log10_delta_Q_var,delta_Q_min,qd_initial_median,qd_fraction_change,early_drop_per100",7.1076507084639955,0.23054881245601005,7.095318284500225,59.24378335377131,82.18145491845335,0.6756119869502342,-23.456440867435795,53.57142857142857,0
2,mape_raw_minus_early_drop_per100_a0.01,mape_raw,early_drop_per100,초기 감소 속도 제거,0.01,"log10_delta_Q_var,delta_Q_min,qd_initial_median,qd_fraction_change",7.1076507084639955,0.23054881245601005,7.095318284500225,59.24378335377131,82.18145491845335,0.6756119869502342,-23.456440867435795,53.57142857142857,0
3,mape_raw_minus_delta_Q_min_a0.01,mape_raw,delta_Q_min,ΔQ 최솟값 제거,0.01,"log10_delta_Q_var,qd_initial_median,qd_fraction_change,early_drop_per100",7.116137891299435,0.517065666837842,7.1248721574672675,58.21704513033764,76.85881387966566,0.7162704938040989,-15.091319781242946,57.14285714285714,0
4,mae_raw_minus_delta_Q_min_a0.01,mae_raw,delta_Q_min,ΔQ 최솟값 제거,0.01,"log10_delta_Q_var,qd_initial_median,qd_fraction_change,early_drop_per100",7.1331809899130105,0.5158377760305816,7.1399678914232005,58.18555627209714,76.48854123511315,0.7189976817209578,-13.620274435715434,53.57142857142857,0
5,mape_raw_minus_qd_fraction_change_a0.01,mape_raw,qd_fraction_change,용량 변화율 제거,0.01,"log10_delta_Q_var,delta_Q_min,qd_initial_median,early_drop_per100",7.144651562073902,0.26257175490754314,7.130600653207873,59.57193123903263,82.78193186629636,0.6708542431693364,-23.753220357342112,57.14285714285714,0
6,mape_raw_full_a0,mape_raw,none,5개 특징 유지,0.0,"log10_delta_Q_var,delta_Q_min,qd_initial_median,qd_fraction_change,early_drop_per100",7.164302925066176,2.7823788216498464,7.172729455576745,58.507598885996046,86.48337309536333,0.6407619036982126,-17.363146230167775,53.57142857142857,0
7,mape_raw_minus_delta_Q_min_a0,mape_raw,delta_Q_min,ΔQ 최솟값 제거,0.0,"log10_delta_Q_var,qd_initial_median,qd_fraction_change,early_drop_per100",7.508587332796248,1.1765542450306186,7.437161726452011,59.99387890295176,75.9173808186343,0.7231786520996528,-11.245101427836518,50.0,0
8,ridge_minus_delta_Q_min,ridge_log,delta_Q_min,ΔQ 최솟값 제거,1.0,"log10_delta_Q_var,qd_initial_median,qd_fraction_change,early_drop_per100",7.686361707808901,1.1695975064864204,7.690337913231697,61.74609982360823,77.98638415102262,0.7078844233794921,-3.4104225290854067,42.857142857142854,0
9,ridge_minus_qd_fraction_change,ridge_log,qd_fraction_change,용량 변화율 제거,1.0,"log10_delta_Q_var,delta_Q_min,qd_initial_median,early_drop_per100",7.6934805875510195,0.8325456155186854,7.660691396180605,61.74844326338821,78.37215191638924,0.7049873154336966,-3.5173043652248532,39.285714285714285,0
10,ridge_minus_early_drop_per100,ridge_log,early_drop_per100,초기 감소 속도 제거,1.0,"log10_delta_Q_var,delta_Q_min,qd_initial_median,qd_fraction_change",7.696671947702764,0.8624816034558737,7.658161831242498,61.6422642734048,78.22001208527603,0.7061315896230431,-3.4275137402986786,39.285714285714285,0
11,ridge_full,ridge_log,none,5개 특징 유지,1.0,"log10_delta_Q_var,delta_Q_min,qd_initial_median,qd_fraction_change,early_drop_per100",7.697923629191959,0.8641459227825423,7.6600698355451735,61.66968431351706,78.29215908948153,0.7055892347272881,-3.4272061772350884,39.285714285714285,0
12,mae_raw_minus_delta_Q_min_a0,mae_raw,delta_Q_min,ΔQ 최솟값 제거,0.0,"log10_delta_Q_var,qd_initial_median,qd_fraction_change,early_drop_per100",7.776809099211704,1.8479503171586555,7.653269934348968,60.50845569581439,77.56311464644344,0.7110467210072593,-10.729851225188968,57.14285714285714,0
13,mae_raw_full_a0,mae_raw,none,5개 특징 유지,0.0,"log10_delta_Q_var,delta_Q_min,qd_initial_median,qd_fraction_change,early_drop_per100",8.376261101303779,2.135773763856127,8.328963879759636,68.78557482383789,92.50673153536435,0.5889791816303487,-16.263774845302514,50.0,0
14,mae_raw_full_a0.01,mae_raw,none,5개 특징 유지,0.01,"log10_delta_Q_var,delta_Q_min,qd_initial_median,qd_fraction_change,early_drop_per100",8.420549002514534,3.381522830310248,8.258735006394092,67.05401666452322,88.48229895435846,0.623963551528228,-11.99482074455217,50.0,0
15,mae_raw_minus_early_drop_per100_a0.01,mae_raw,early_drop_per100,초기 감소 속도 제거,0.01,"log10_delta_Q_var,delta_Q_min,qd_initial_median,qd_fraction_change",8.420549002514534,3.381522830310248,8.258735006394092,67.05401666452322,88.48229895435846,0.623963551528228,-11.99482074455217,50.0,0
16,mape_raw_full_a0.1,mape_raw,none,5개 특징 유지,0.1,"log10_delta_Q_var,delta_Q_min,qd_initial_median,qd_fraction_change,early_drop_per100",8.436929731119005,1.31081346115211,8.429944387831046,71.49703239929286,93.25026368884141,0.5823453861565457,-29.548303318995174,53.57142857142857,0
17,mape_raw_minus_qd_fraction_change_a0.1,mape_raw,qd_fraction_change,용량 변화율 제거,0.1,"log10_delta_Q_var,delta_Q_min,qd_initial_median,early_drop_per100",8.436929731119005,1.31081346115211,8.429944387831046,71.49703239929286,93.25026368884141,0.5823453861565457,-29.548303318995174,53.57142857142857,0
18,mape_raw_minus_early_drop_per100_a0.1,mape_raw,early_drop_per100,초기 감소 속도 제거,0.1,"log10_delta_Q_var,delta_Q_min,qd_initial_median,qd_fraction_change",8.438345722148645,1.3123967530179406,8.43146152107709,71.49177664858608,93.16848222492911,0.5830776399135944,-29.426965632583894,53.57142857142857,0
19,mae_raw_minus_qd_fraction_change_a0.01,mae_raw,qd_fraction_change,용량 변화율 제거,0.01,"log10_delta_Q_var,delta_Q_min,qd_initial_median,early_drop_per100",8.476875688482568,3.4450988684273187,8.310940865880408,67.49018165519462,88.81234122441252,0.6211530597545418,-12.945836326299371,50.0,0
20,mape_raw_minus_early_drop_per100_a0,mape_raw,early_drop_per100,초기 감소 속도 제거,0.0,"log10_delta_Q_var,delta_Q_min,qd_initial_median,qd_fraction_change",8.841648987433633,3.176586712088598,8.684670210031019,70.6104117545049,93.15600374125391,0.5831893130961687,-20.133459792616595,53.57142857142857,0
21,mape_raw_minus_qd_fraction_change_a0,mape_raw,qd_fraction_change,용량 변화율 제거,0.0,"log10_delta_Q_var,delta_Q_min,qd_initial_median,early_drop_per100",8.87265583443716,3.2511659424735293,8.717541127976276,71.07384450286486,94.04834764465683,0.5751657855782812,-21.88037498741372,53.57142857142857,0
22,mape_raw_minus_qd_initial_median_a0.01,mape_raw,qd_initial_median,초기 용량 제거,0.01,"log10_delta_Q_var,delta_Q_min,qd_fraction_change,early_drop_per100",8.918948287583316,2.4143871861631427,8.80146847489967,73.35977895572549,94.6596632378499,0.5696249794195618,-23.953297333011143,53.57142857142857,0
23,mape_raw_minus_delta_Q_min_a0.1,mape_raw,delta_Q_min,ΔQ 최솟값 제거,0.1,"log10_delta_Q_var,qd_initial_median,qd_fraction_change,early_drop_per100",8.92662075397748,2.2396715318648317,8.882711598218004,73.0087974143564,89.0001698961778,0.6195489231503334,-27.19816979874897,53.57142857142857,0
24,mae_raw_full_a0.1,mae_raw,none,5개 특징 유지,0.1,"log10_delta_Q_var,delta_Q_min,qd_initial_median,qd_fraction_change,early_drop_per100",8.998066185853855,1.3088268625811577,8.959666520037365,73.73207691015071,92.97667932041952,0.5847924817801142,-19.05765671042093,53.57142857142857,0
25,mae_raw_minus_qd_fraction_change_a0.1,mae_raw,qd_fraction_change,용량 변화율 제거,0.1,"log10_delta_Q_var,delta_Q_min,qd_initial_median,early_drop_per100",8.998066185853855,1.3088268625811577,8.959666520037365,73.73207691015071,92.97667932041952,0.5847924817801142,-19.05765671042093,53.57142857142857,0
26,mae_raw_minus_early_drop_per100_a0.1,mae_raw,early_drop_per100,초기 감소 속도 제거,0.1,"log10_delta_Q_var,delta_Q_min,qd_initial_median,qd_fraction_change",8.998066185853855,1.3088268625811577,8.959666520037365,73.73207691015071,92.97667932041952,0.5847924817801142,-19.05765671042093,53.57142857142857,0
27,mae_raw_minus_delta_Q_min_a0.1,mae_raw,delta_Q_min,ΔQ 최솟값 제거,0.1,"log10_delta_Q_var,qd_initial_median,qd_fraction_change,early_drop_per100",9.173244433981733,1.6237462160237248,9.147168668022275,75.13903607410042,92.0612501382539,0.5929283266526271,-18.650162454926573,53.57142857142857,0
28,mae_raw_minus_early_drop_per100_a0,mae_raw,early_drop_per100,초기 감소 속도 제거,0.0,"log10_delta_Q_var,delta_Q_min,qd_initial_median,qd_fraction_change",9.21433171210626,3.2487083994869765,9.104498444140464,73.52597829945265,95.47739323006194,0.5621571594540342,-10.494630617233835,50.0,0
29,mae_raw_minus_qd_fraction_change_a0,mae_raw,qd_fraction_change,용량 변화율 제거,0.0,"log10_delta_Q_var,delta_Q_min,qd_initial_median,early_drop_per100",9.368280874670372,3.449827646615665,9.24774820961489,74.6817591156416,97.08919001914468,0.5472495379660496,-10.216534972167315,50.0,0
30,mape_raw_minus_qd_initial_median_a0.1,mape_raw,qd_initial_median,초기 용량 제거,0.1,"log10_delta_Q_var,delta_Q_min,qd_fraction_change,early_drop_per100",9.483582250935548,2.4769775015227675,9.358456427472829,78.34771382958321,101.55797337524488,0.5046123243840474,-28.700485645469715,53.57142857142857,0
31,ridge_minus_qd_initial_median,ridge_log,qd_initial_median,초기 용량 제거,1.0,"log10_delta_Q_var,delta_Q_min,qd_fraction_change,early_drop_per100",9.805411844835666,2.446606053979644,9.671432719354268,77.84977763136415,96.60392121517344,0.5517640799333214,-2.2360774723324863,39.285714285714285,0
32,mape_raw_minus_qd_initial_median_a0,mape_raw,qd_initial_median,초기 용량 제거,0.0,"log10_delta_Q_var,delta_Q_min,qd_fraction_change,early_drop_per100",9.820856993485373,2.290920079285987,9.702473600161712,81.42526437287857,106.14723001752972,0.45882904808507874,-24.340779701359395,60.71428571428571,0
33,mae_raw_minus_qd_initial_median_a0,mae_raw,qd_initial_median,초기 용량 제거,0.0,"log10_delta_Q_var,delta_Q_min,qd_fraction_change,early_drop_per100",10.491889050967718,2.7104266978437157,10.330907598793734,85.09085493807098,105.48748895897354,0.46553526466610584,-10.904892419883632,46.42857142857143,0
34,mae_raw_minus_qd_initial_median_a0.1,mae_raw,qd_initial_median,초기 용량 제거,0.1,"log10_delta_Q_var,delta_Q_min,qd_fraction_change,early_drop_per100",10.529890795205482,1.665437605089185,10.434587828433719,85.6321407206673,106.24690721566667,0.4578122013636452,-15.404347861905526,50.0,0
35,mae_raw_minus_qd_initial_median_a0.01,mae_raw,qd_initial_median,초기 용량 제거,0.01,"log10_delta_Q_var,delta_Q_min,qd_fraction_change,early_drop_per100",10.696184968667666,2.13341083773924,10.632051736216681,86.37623749782288,106.49657604613206,0.45526104111712085,1.1247740808283189,42.857142857142854,0
