candidate,cell_id,fold,actual,prediction,ape_pct
ridge_full,11,1,788.0,823.7008704529521,4.5305673163644835
ridge_full,14,2,880.0,868.8293500908629,1.2693920351292123
ridge_full,15,3,719.0,818.4563830266575,13.832598473804934
ridge_full,16,3,862.0,1014.2138461953737,17.658218816168638
ridge_full,17,3,857.0,861.07983202012,0.4760597456382691
ridge_full,18,3,691.0,646.574703958044,6.429131120398845
ridge_full,19,5,788.0,727.9975979594059,7.614518025456106
ridge_full,20,5,534.0,580.8440076024713,8.772286067878515
ridge_full,21,1,559.0,577.3157954576615,3.276528704411711
ridge_full,23,1,1014.0,904.5638130057159,10.792523372217364
ridge_full,24,5,1017.0,832.9949992814395,18.092920424637214
ridge_full,25,2,854.0,887.1011610271923,3.8760141718023826
ridge_full,28,1,860.0,794.5662918660062,7.608570713255097
ridge_full,29,2,917.0,806.9138658373953,12.005030988288409
ridge_full,31,5,876.0,882.0613046814741,0.6919297581591436
ridge_full,32,2,731.0,696.4179763442789,4.730782989838723
ridge_full,33,3,757.0,817.0612379883097,7.934113340595732
ridge_full,34,2,742.0,790.0818043474146,6.480027540082832
ridge_full,36,4,704.0,712.0412088548413,1.1422171668808707
ridge_full,37,5,648.0,693.0611550176435,6.953881947167208
ridge_full,38,4,617.0,555.9402496214358,9.89623182796827
ridge_full,39,1,625.0,657.2681603040137,5.162905648642191
ridge_full,41,2,1051.0,937.0302286948784,10.843936375368378
ridge_full,42,3,702.0,732.7873048272203,4.385655958293487
ridge_full,43,4,651.0,658.9364411211055,1.2191153795861032
ridge_full,5,1,1074.0,956.8144564700071,10.91113068249468
ridge_full,6,4,636.0,786.3246344378708,23.63594881098598
ridge_full,7,4,870.0,907.0595465456257,4.259717993750083
mae_raw_full_a0,11,1,788.0,797.3521041500035,1.1868152474623692
mae_raw_full_a0,14,2,880.0,891.319767081114,1.2863371683084133
mae_raw_full_a0,15,3,719.0,748.0596048356322,4.04166965725065
mae_raw_full_a0,16,3,862.0,1093.7868446966818,26.889425138826194
mae_raw_full_a0,17,3,857.0,807.0503630094174,5.828429053743591
mae_raw_full_a0,18,3,691.0,629.7473401740192,8.864350191893024
mae_raw_full_a0,19,5,788.0,787.42168613741,0.07339008408502458
mae_raw_full_a0,20,5,534.0,612.5673128418273,14.712979932926459
mae_raw_full_a0,21,1,559.0,526.3339270396118,5.84366242582973
mae_raw_full_a0,23,1,1014.0,861.721171704042,15.017635926623074
mae_raw_full_a0,24,5,1017.0,832.4477953965331,18.146726116368423
mae_raw_full_a0,25,2,854.0,868.002387913785,1.6396238774923904
mae_raw_full_a0,28,1,860.0,778.7488503418715,9.447808099782383
mae_raw_full_a0,29,2,917.0,795.5665279700771,13.242472413295843
mae_raw_full_a0,31,5,876.0,967.4639440860989,10.441089507545533
mae_raw_full_a0,32,2,731.0,699.9717915744529,4.244624955615193
mae_raw_full_a0,33,3,757.0,855.5715201033875,13.02133686966809
mae_raw_full_a0,34,2,742.0,759.2136840683014,2.3199035132481676
mae_raw_full_a0,36,4,704.0,704.1254618963223,0.017821292091242794
mae_raw_full_a0,37,5,648.0,670.1202783122312,3.4136231963319785
mae_raw_full_a0,38,4,617.0,528.3276561157152,14.371530613336276
mae_raw_full_a0,39,1,625.0,620.4183322727508,0.733066836359867
mae_raw_full_a0,41,2,1051.0,986.0833624195885,6.176654384434965
mae_raw_full_a0,42,3,702.0,732.4013548224918,4.330677325141288
mae_raw_full_a0,43,4,651.0,684.5620057712043,5.155454035515257
mae_raw_full_a0,5,1,1074.0,873.0301824051132,18.71227351907698
mae_raw_full_a0,6,4,636.0,703.758929120414,10.653919673021068
mae_raw_full_a0,7,4,870.0,753.4401180714315,13.397687577996384
mae_raw_full_a0.01,11,1,788.0,790.5364931980504,0.32188999975258625
mae_raw_full_a0.01,14,2,880.0,881.6502995912001,0.18753404445455793
mae_raw_full_a0.01,15,3,719.0,813.9811208646179,13.210169800364099
mae_raw_full_a0.01,16,3,862.0,978.2722326450477,13.488658079471886
mae_raw_full_a0.01,17,3,857.0,847.3664769186006,1.124098375892579
mae_raw_full_a0.01,18,3,691.0,643.5143973386988,6.872011962561676
mae_raw_full_a0.01,19,5,788.0,716.180032290454,9.114209100196186
mae_raw_full_a0.01,20,5,534.0,537.1825370665753,0.5959807240777648
mae_raw_full_a0.01,21,1,559.0,558.9842867367553,0.0028109594355492148
mae_raw_full_a0.01,23,1,1014.0,874.8303010180963,13.724822384803128
mae_raw_full_a0.01,24,5,1017.0,839.7736099101885,17.426390372646164
mae_raw_full_a0.01,25,2,854.0,902.550363400784,5.685054262386888
mae_raw_full_a0.01,28,1,860.0,788.9676624376092,8.25957413516172
mae_raw_full_a0.01,29,2,917.0,813.0135545808552,11.33985228125898
mae_raw_full_a0.01,31,5,876.0,866.9343978290669,1.0348860925722674
mae_raw_full_a0.01,32,2,731.0,689.212101587178,5.716538770563879
mae_raw_full_a0.01,33,3,757.0,796.9975284812226,5.283689363437598
mae_raw_full_a0.01,34,2,742.0,800.442193153126,7.876306354868737
mae_raw_full_a0.01,36,4,704.0,723.508773756889,2.771132635921735
mae_raw_full_a0.01,37,5,648.0,689.305849265814,6.374359454600927
mae_raw_full_a0.01,38,4,617.0,471.88939865863307,23.518736035877946
mae_raw_full_a0.01,39,1,625.0,652.6070228561,4.417123656976
mae_raw_full_a0.01,41,2,1051.0,952.8017595241314,9.343314983431837
mae_raw_full_a0.01,42,3,702.0,711.6856297195766,1.3797193332730173
mae_raw_full_a0.01,43,4,651.0,632.3203687742189,2.8693749962797424
mae_raw_full_a0.01,5,1,1074.0,900.5279286684587,16.15196194893308
mae_raw_full_a0.01,6,4,636.0,821.729415873291,29.20273834485708
mae_raw_full_a0.01,7,4,870.0,991.3792830072998,13.95164172497699
mae_raw_full_a0.1,11,1,788.0,816.2527323025223,3.5853721196094295
mae_raw_full_a0.1,14,2,880.0,813.7488105411717,7.528544256685037
mae_raw_full_a0.1,15,3,719.0,817.2575811863834,13.665866646228567
mae_raw_full_a0.1,16,3,862.0,965.5940107901362,12.017866680990274
mae_raw_full_a0.1,17,3,857.0,849.4552271548107,0.8803702269765811
mae_raw_full_a0.1,18,3,691.0,651.1258606134583,5.770497740454666
mae_raw_full_a0.1,19,5,788.0,723.4604854459016,8.190293725139396
mae_raw_full_a0.1,20,5,534.0,577.6329266877751,8.170960053890473
mae_raw_full_a0.1,21,1,559.0,583.8917701149039,4.45291057511698
mae_raw_full_a0.1,23,1,1014.0,867.2702837725413,14.470386215725705
mae_raw_full_a0.1,24,5,1017.0,820.8328033715197,19.28880989463916
mae_raw_full_a0.1,25,2,854.0,819.124741544358,4.083753917522481
mae_raw_full_a0.1,28,1,860.0,798.1609499871258,7.190587210799322
mae_raw_full_a0.1,29,2,917.0,771.5873521671851,15.857431606631936
mae_raw_full_a0.1,31,5,876.0,804.9875670614623,8.106442116271426
mae_raw_full_a0.1,32,2,731.0,694.2866372713761,5.02234784249301
mae_raw_full_a0.1,33,3,757.0,810.4608011017376,7.062193012118575
mae_raw_full_a0.1,34,2,742.0,760.0851630394733,2.4373535093629766
mae_raw_full_a0.1,36,4,704.0,731.7787767665808,3.9458489725256807
mae_raw_full_a0.1,37,5,648.0,717.5895706923279,10.739131279680235
mae_raw_full_a0.1,38,4,617.0,597.3478222595028,3.1851179482167296
mae_raw_full_a0.1,39,1,625.0,686.1100243862295,9.77760390179672
mae_raw_full_a0.1,41,2,1051.0,844.2119564149511,19.675360950052223
mae_raw_full_a0.1,42,3,702.0,739.0975584218329,5.284552481742578
mae_raw_full_a0.1,43,4,651.0,697.371468403216,7.123113425993242
mae_raw_full_a0.1,5,1,1074.0,894.0937381016024,16.751048593891767
mae_raw_full_a0.1,6,4,636.0,789.3194989030978,24.106839450172618
mae_raw_full_a0.1,7,4,870.0,848.2494936050302,2.5000582063183634
mape_raw_full_a0,11,1,788.0,789.8359056101455,0.23298294544993145
mape_raw_full_a0,14,2,880.0,891.307189992759,1.2849079537226193
mape_raw_full_a0,15,3,719.0,733.6988128619485,2.0443411490887975
mape_raw_full_a0,16,3,862.0,1143.841794514143,32.69626386474977
mape_raw_full_a0,17,3,857.0,779.3305413378112,9.062947335144557
mape_raw_full_a0,18,3,691.0,604.9883225434766,12.447420760712511
mape_raw_full_a0,19,5,788.0,773.4206597811234,1.8501700785376407
mape_raw_full_a0,20,5,534.0,542.3468110953698,1.5630732388333042
mape_raw_full_a0,21,1,559.0,502.69040968517425,10.073271970451835
mape_raw_full_a0,23,1,1014.0,945.8285435132103,6.723023322168608
mape_raw_full_a0,24,5,1017.0,779.6652286201863,23.336752348064277
mape_raw_full_a0,25,2,854.0,867.888226210201,1.626255996510652
mape_raw_full_a0,28,1,860.0,813.0654670942279,5.457503826252573
mape_raw_full_a0,29,2,917.0,795.4683781785607,13.253175771149326
mape_raw_full_a0,31,5,876.0,853.6740397839183,2.548625595443121
mape_raw_full_a0,32,2,731.0,699.9603567318436,4.246189229569959
mape_raw_full_a0,33,3,757.0,832.3645208102082,9.955683066077702
mape_raw_full_a0,34,2,742.0,759.1256064161906,2.3080332097291962
mape_raw_full_a0,36,4,704.0,711.4932855982265,1.0643871588389944
mape_raw_full_a0,37,5,648.0,670.3996136347158,3.4567304991845402
mape_raw_full_a0,38,4,617.0,545.8831725976047,11.526228104115932
mape_raw_full_a0,39,1,625.0,595.7439373140708,4.680970029748678
mape_raw_full_a0,41,2,1051.0,986.0105081417407,6.18358628527681
mape_raw_full_a0,42,3,702.0,731.8188662532154,4.247701745472286
mape_raw_full_a0,43,4,651.0,675.6518603858293,3.786768108422321
mape_raw_full_a0,5,1,1074.0,1032.6633368694784,3.848851315691027
mape_raw_full_a0,6,4,636.0,703.249843798643,10.573874811107396
mape_raw_full_a0,7,4,870.0,776.4166661812797,10.756705036634523
mape_raw_full_a0.01,11,1,788.0,788.2024796298226,0.02569538449525625
mape_raw_full_a0.01,14,2,880.0,834.1834994937329,5.206420512075802
mape_raw_full_a0.01,15,3,719.0,810.6745152927452,12.750280291063316
mape_raw_full_a0.01,16,3,862.0,975.7916527412124,13.200887789003756
mape_raw_full_a0.01,17,3,857.0,844.9465013018447,1.4064759274393577
mape_raw_full_a0.01,18,3,691.0,642.4226959991654,7.030000578991983
mape_raw_full_a0.01,19,5,788.0,736.9052928252408,6.484099895274004
mape_raw_full_a0.01,20,5,534.0,558.2945207709662,4.549535724900035
mape_raw_full_a0.01,21,1,559.0,543.4138422076805,2.788221429753033
mape_raw_full_a0.01,23,1,1014.0,876.7197410435367,13.53848707657429
mape_raw_full_a0.01,24,5,1017.0,819.600129525407,19.41001676249685
mape_raw_full_a0.01,25,2,854.0,858.3860104303803,0.5135843595293136
mape_raw_full_a0.01,28,1,860.0,782.4436439282588,9.018180938574561
mape_raw_full_a0.01,29,2,917.0,797.8409499065593,12.994443848793967
mape_raw_full_a0.01,31,5,876.0,885.0259367714895,1.0303580789371525
mape_raw_full_a0.01,32,2,731.0,692.1070756461022,5.3205094875373184
mape_raw_full_a0.01,33,3,757.0,797.0690618410102,5.293138948614298
mape_raw_full_a0.01,34,2,742.0,776.7891623211625,4.6885663505609845
mape_raw_full_a0.01,36,4,704.0,703.3749816572363,0.08878101459711987
mape_raw_full_a0.01,37,5,648.0,684.8888884340885,5.692729696618591
mape_raw_full_a0.01,38,4,617.0,527.2661791233962,14.54356902376074
mape_raw_full_a0.01,39,1,625.0,628.6885569519916,0.5901691123186538
mape_raw_full_a0.01,41,2,1051.0,899.9434247375805,14.372652260934304
mape_raw_full_a0.01,42,3,702.0,710.677223156521,1.2360716747180904
mape_raw_full_a0.01,43,4,651.0,648.7098379330007,0.3517914081412136
mape_raw_full_a0.01,5,1,1074.0,903.3190655743583,15.89207955546012
mape_raw_full_a0.01,6,4,636.0,761.4035652604331,19.717541707615265
mape_raw_full_a0.01,7,4,870.0,878.1312212068741,0.9346231272269082
mape_raw_full_a0.1,11,1,788.0,837.1947730937785,6.2429915093627555
mape_raw_full_a0.1,14,2,880.0,813.7488105411717,7.528544256685037
mape_raw_full_a0.1,15,3,719.0,775.0802891251216,7.799762048000217
mape_raw_full_a0.1,16,3,862.0,927.7767637184425,7.630715048543208
mape_raw_full_a0.1,17,3,857.0,814.9483469935906,4.906843991413002
mape_raw_full_a0.1,18,3,691.0,632.3874543570914,8.48227867480587
mape_raw_full_a0.1,19,5,788.0,728.3238251439684,7.573118636552232
mape_raw_full_a0.1,20,5,534.0,540.174868022728,1.1563423263535566
mape_raw_full_a0.1,21,1,559.0,560.3792240953626,0.2467306073993896
mape_raw_full_a0.1,23,1,1014.0,843.7712900267069,16.78784122024587
mape_raw_full_a0.1,24,5,1017.0,816.3143109609567,19.733106100200914
mape_raw_full_a0.1,25,2,854.0,819.124741544358,4.083753917522481
mape_raw_full_a0.1,28,1,860.0,781.4841313335662,9.129752170515557
mape_raw_full_a0.1,29,2,917.0,771.5873521671851,15.857431606631936
mape_raw_full_a0.1,31,5,876.0,807.1977825916208,7.854134407349223
mape_raw_full_a0.1,32,2,731.0,694.2866372713761,5.02234784249301
mape_raw_full_a0.1,33,3,757.0,803.6589169698234,6.163661422697938
mape_raw_full_a0.1,34,2,742.0,760.0851630394733,2.4373535093629766
mape_raw_full_a0.1,36,4,704.0,727.1697659202448,3.2911599318529543
mape_raw_full_a0.1,37,5,648.0,711.2004039685029,9.753148760571433
mape_raw_full_a0.1,38,4,617.0,603.9075189786032,2.121958026158313
mape_raw_full_a0.1,39,1,625.0,667.6654852226816,6.826477635629053
mape_raw_full_a0.1,41,2,1051.0,844.2119564149511,19.675360950052223
mape_raw_full_a0.1,42,3,702.0,726.2822436801797,3.4590090712506703
mape_raw_full_a0.1,43,4,651.0,693.1512195411947,6.474841711397032
mape_raw_full_a0.1,5,1,1074.0,876.2729268646455,18.410342005154053
mape_raw_full_a0.1,6,4,636.0,784.463090726634,23.343253258904724
mape_raw_full_a0.1,7,4,870.0,834.7982147541759,4.046182212163691
ridge_minus_qd_initial_median,11,1,788.0,957.9532962327579,21.56767718689821
ridge_minus_qd_initial_median,14,2,880.0,895.8329404668268,1.7991977803212287
ridge_minus_qd_initial_median,15,3,719.0,920.8203858480199,28.069594693744076
ridge_minus_qd_initial_median,16,3,862.0,959.9776778346944,11.366319934419307
ridge_minus_qd_initial_median,17,3,857.0,889.8048550108133,3.8278710631054023
ridge_minus_qd_initial_median,18,3,691.0,710.7071419103178,2.851974227252934
ridge_minus_qd_initial_median,19,5,788.0,688.5913292296706,12.615313549534191
ridge_minus_qd_initial_median,20,5,534.0,625.9534258364743,17.219742666006415
ridge_minus_qd_initial_median,21,1,559.0,560.6764790167501,0.299906800849756
ridge_minus_qd_initial_median,23,1,1014.0,886.2305757241467,12.600534938447076
ridge_minus_qd_initial_median,24,5,1017.0,835.8881331226778,17.80844315411231
ridge_minus_qd_initial_median,25,2,854.0,881.3196651900116,3.199024026933445
ridge_minus_qd_initial_median,28,1,860.0,795.1219469272454,7.543959659622627
ridge_minus_qd_initial_median,29,2,917.0,790.5169636121883,13.793133739128866
ridge_minus_qd_initial_median,31,5,876.0,767.3006411157721,12.40860261235478
ridge_minus_qd_initial_median,32,2,731.0,703.3926079659111,3.776661016975224
ridge_minus_qd_initial_median,33,3,757.0,719.165054705379,4.998011267453234
ridge_minus_qd_initial_median,34,2,742.0,792.263148530401,6.774009235903106
ridge_minus_qd_initial_median,36,4,704.0,724.795808921752,2.9539501309306875
ridge_minus_qd_initial_median,37,5,648.0,708.8146820778787,9.38498180214178
ridge_minus_qd_initial_median,38,4,617.0,619.8489235422095,0.46173801332406655
ridge_minus_qd_initial_median,39,1,625.0,644.1071429869443,3.0571428779110827
ridge_minus_qd_initial_median,41,2,1051.0,900.3802294637135,14.331091392605758
ridge_minus_qd_initial_median,42,3,702.0,724.596629914968,3.2188931502803486
ridge_minus_qd_initial_median,43,4,651.0,725.4460784558345,11.43564953238625
ridge_minus_qd_initial_median,5,1,1074.0,956.7845299774531,10.913917134315357
ridge_minus_qd_initial_median,6,4,636.0,784.6735204497891,23.37633969336306
ridge_minus_qd_initial_median,7,4,870.0,790.4260167040895,9.146434861598904
mae_raw_minus_qd_initial_median_a0,11,1,788.0,927.1955280804647,17.664407116810235
mae_raw_minus_qd_initial_median_a0,14,2,880.0,945.4829912004883,7.441249000055489
mae_raw_minus_qd_initial_median_a0,15,3,719.0,834.6059973310518,16.07872007385977
mae_raw_minus_qd_initial_median_a0,16,3,862.0,1045.5428976241578,21.292679538765412
mae_raw_minus_qd_initial_median_a0,17,3,857.0,807.8047697824961,5.740400258751911
mae_raw_minus_qd_initial_median_a0,18,3,691.0,723.8364052072156,4.7520123310008175
mae_raw_minus_qd_initial_median_a0,19,5,788.0,719.6149290895986,8.678308491167689
mae_raw_minus_qd_initial_median_a0,20,5,534.0,636.2544999870297,19.148782769106685
mae_raw_minus_qd_initial_median_a0,21,1,559.0,553.1210647649148,1.0516878774749976
mae_raw_minus_qd_initial_median_a0,23,1,1014.0,863.3240001072585,14.85956606437293
mae_raw_minus_qd_initial_median_a0,24,5,1017.0,778.7347569311397,23.428244156230118
mae_raw_minus_qd_initial_median_a0,25,2,854.0,904.6108259217214,5.926326220342078
mae_raw_minus_qd_initial_median_a0,28,1,860.0,787.4009906940836,8.441745268129814
mae_raw_minus_qd_initial_median_a0,29,2,917.0,797.5847064809083,13.022387515713385
mae_raw_minus_qd_initial_median_a0,31,5,876.0,736.5894064535507,15.914451318087817
mae_raw_minus_qd_initial_median_a0,32,2,731.0,707.6502988229328,3.1942135673142587
mae_raw_minus_qd_initial_median_a0,33,3,757.0,732.2326890938197,3.271771586021181
mae_raw_minus_qd_initial_median_a0,34,2,742.0,796.3917818219669,7.330428816976672
mae_raw_minus_qd_initial_median_a0,36,4,704.0,723.9593568636009,2.835135918125124
mae_raw_minus_qd_initial_median_a0,37,5,648.0,691.6080022109044,6.729629970818577
mae_raw_minus_qd_initial_median_a0,38,4,617.0,618.8954135050047,0.30719829902832085
mae_raw_minus_qd_initial_median_a0,39,1,625.0,651.6690380768013,4.267046092288201
mae_raw_minus_qd_initial_median_a0,41,2,1051.0,974.0227830598483,7.324188100870763
mae_raw_minus_qd_initial_median_a0,42,3,702.0,740.523365395071,5.48765888818675
mae_raw_minus_qd_initial_median_a0,43,4,651.0,756.1666549949971,16.154632103686186
mae_raw_minus_qd_initial_median_a0,5,1,1074.0,916.5233469773633,14.662630635254812
mae_raw_minus_qd_initial_median_a0,6,4,636.0,694.8607170341473,9.254829722350213
mae_raw_minus_qd_initial_median_a0,7,4,870.0,652.4557947307212,25.005081065434343
mae_raw_minus_qd_initial_median_a0.01,11,1,788.0,918.7946645959871,16.59830768984608
mae_raw_minus_qd_initial_median_a0.01,14,2,880.0,895.253273390637,1.7333265216632945
mae_raw_minus_qd_initial_median_a0.01,15,3,719.0,973.2596488958656,35.362955340176015
mae_raw_minus_qd_initial_median_a0.01,16,3,862.0,1024.9536845211526,18.904139735632548
mae_raw_minus_qd_initial_median_a0.01,17,3,857.0,941.4414705536558,9.853147089108026
mae_raw_minus_qd_initial_median_a0.01,18,3,691.0,727.4414800420445,5.273730830976054
mae_raw_minus_qd_initial_median_a0.01,19,5,788.0,681.2333986681974,13.549061082716063
mae_raw_minus_qd_initial_median_a0.01,20,5,534.0,570.9023560093412,6.910553559801731
mae_raw_minus_qd_initial_median_a0.01,21,1,559.0,549.732579588669,1.657856960882119
mae_raw_minus_qd_initial_median_a0.01,23,1,1014.0,865.1459727185581,14.679884347282234
mae_raw_minus_qd_initial_median_a0.01,24,5,1017.0,830.68314197646,18.32024169356342
mae_raw_minus_qd_initial_median_a0.01,25,2,854.0,883.7485210313469,3.4834333760359315
mae_raw_minus_qd_initial_median_a0.01,28,1,860.0,787.0542575879339,8.48206307117048
mae_raw_minus_qd_initial_median_a0.01,29,2,917.0,789.6193615673449,13.891018367792272
mae_raw_minus_qd_initial_median_a0.01,31,5,876.0,756.6264328674336,13.627119535681103
mae_raw_minus_qd_initial_median_a0.01,32,2,731.0,693.989623052642,5.0629790625660815
mae_raw_minus_qd_initial_median_a0.01,33,3,757.0,742.6816362123734,1.8914615307300653
mae_raw_minus_qd_initial_median_a0.01,34,2,742.0,795.3231175709243,7.18640398529977
mae_raw_minus_qd_initial_median_a0.01,36,4,704.0,736.9807056502444,4.684759325318812
mae_raw_minus_qd_initial_median_a0.01,37,5,648.0,706.6998351372833,9.05861653353138
mae_raw_minus_qd_initial_median_a0.01,38,4,617.0,632.5400175734799,2.51864142195784
mae_raw_minus_qd_initial_median_a0.01,39,1,625.0,648.5120442223692,3.7619270755790786
mae_raw_minus_qd_initial_median_a0.01,41,2,1051.0,905.287384435065,13.864187970022364
mae_raw_minus_qd_initial_median_a0.01,42,3,702.0,745.4210776490745,6.185338696449359
mae_raw_minus_qd_initial_median_a0.01,43,4,651.0,737.118102248841,13.22858713499861
mae_raw_minus_qd_initial_median_a0.01,5,1,1074.0,924.8774119671411,13.884784733040862
mae_raw_minus_qd_initial_median_a0.01,6,4,636.0,796.6241630088696,25.255371542275093
mae_raw_minus_qd_initial_median_a0.01,7,4,870.0,793.5483115202578,8.787550399970366
mae_raw_minus_qd_initial_median_a0.1,11,1,788.0,906.7240687467239,15.066506186132473
mae_raw_minus_qd_initial_median_a0.1,14,2,880.0,846.7279447777062,3.7809153661697534
mae_raw_minus_qd_initial_median_a0.1,15,3,719.0,921.8078664575005,28.206935529555007
mae_raw_minus_qd_initial_median_a0.1,16,3,862.0,955.8746815849834,10.89033429060132
mae_raw_minus_qd_initial_median_a0.1,17,3,857.0,897.3116162893539,4.703805868069297
mae_raw_minus_qd_initial_median_a0.1,18,3,691.0,737.1424657499995,6.677636143270546
mae_raw_minus_qd_initial_median_a0.1,19,5,788.0,683.2426417448041,13.294080996852268
mae_raw_minus_qd_initial_median_a0.1,20,5,534.0,577.4900278531559,8.1441999725011
mae_raw_minus_qd_initial_median_a0.1,21,1,559.0,533.3434963002017,4.589714436457665
mae_raw_minus_qd_initial_median_a0.1,23,1,1014.0,848.6334010148756,16.308343095179918
mae_raw_minus_qd_initial_median_a0.1,24,5,1017.0,816.6550999791398,19.699596855541813
mae_raw_minus_qd_initial_median_a0.1,25,2,854.0,834.5171241468365,2.2813671959207817
mae_raw_minus_qd_initial_median_a0.1,28,1,860.0,785.1936303478841,8.69841507582743
mae_raw_minus_qd_initial_median_a0.1,29,2,917.0,766.8302631581431,16.376198128882976
mae_raw_minus_qd_initial_median_a0.1,31,5,876.0,749.2992730575742,14.463553303929888
mae_raw_minus_qd_initial_median_a0.1,32,2,731.0,694.9556266645494,4.930830825643035
mae_raw_minus_qd_initial_median_a0.1,33,3,757.0,740.7117792277753,2.1516804190521386
mae_raw_minus_qd_initial_median_a0.1,34,2,742.0,769.5433379615582,3.712040156544235
mae_raw_minus_qd_initial_median_a0.1,36,4,704.0,736.1174064221746,4.562131594058886
mae_raw_minus_qd_initial_median_a0.1,37,5,648.0,705.8572987305935,8.928595483116275
mae_raw_minus_qd_initial_median_a0.1,38,4,617.0,632.1833101417867,2.4608282239524644
mae_raw_minus_qd_initial_median_a0.1,39,1,625.0,646.4880075718354,3.4380812114936634
mae_raw_minus_qd_initial_median_a0.1,41,2,1051.0,848.530280196039,19.264483330538628
mae_raw_minus_qd_initial_median_a0.1,42,3,702.0,740.9233140250509,5.544631627500128
mae_raw_minus_qd_initial_median_a0.1,43,4,651.0,736.2541365756241,13.095873513920754
mae_raw_minus_qd_initial_median_a0.1,5,1,1074.0,892.437969321157,16.905217009203263
mae_raw_minus_qd_initial_median_a0.1,6,4,636.0,795.4715619123245,25.07414495476801
mae_raw_minus_qd_initial_median_a0.1,7,4,870.0,792.4106299072944,8.918318401460416
mape_raw_minus_qd_initial_median_a0,11,1,788.0,907.8271871707143,15.206495833846992
mape_raw_minus_qd_initial_median_a0,14,2,880.0,916.9312313986889,4.196730840760097
mape_raw_minus_qd_initial_median_a0,15,3,719.0,832.247549282144,15.750702264554096
mape_raw_minus_qd_initial_median_a0,16,3,862.0,1079.2925208539127,25.207949054978275
mape_raw_minus_qd_initial_median_a0,17,3,857.0,799.8252674075171,6.671497385353896
mape_raw_minus_qd_initial_median_a0,18,3,691.0,650.0531769340673,5.9257341629425
mape_raw_minus_qd_initial_median_a0,19,5,788.0,740.031340878229,6.087393289564847
mape_raw_minus_qd_initial_median_a0,20,5,534.0,577.9110882932058,8.223050242173374
mape_raw_minus_qd_initial_median_a0,21,1,559.0,545.3088516296328,2.4492215331604936
mape_raw_minus_qd_initial_median_a0,23,1,1014.0,867.5245905262184,14.445306654219095
mape_raw_minus_qd_initial_median_a0,24,5,1017.0,773.9082965718845,23.902822362646557
mape_raw_minus_qd_initial_median_a0,25,2,854.0,837.2703450379709,1.9589759908699231
mape_raw_minus_qd_initial_median_a0,28,1,860.0,786.6015913207912,8.534698683628935
mape_raw_minus_qd_initial_median_a0,29,2,917.0,757.4018550604221,17.40437785600631
mape_raw_minus_qd_initial_median_a0,31,5,876.0,730.8357368497636,16.571262916693648
mape_raw_minus_qd_initial_median_a0,32,2,731.0,707.3028164226433,3.241748779392157
mape_raw_minus_qd_initial_median_a0,33,3,757.0,705.2544288301358,6.835610458370437
mape_raw_minus_qd_initial_median_a0,34,2,742.0,739.8311768038535,0.29229423128658905
mape_raw_minus_qd_initial_median_a0,36,4,704.0,725.2715140494217,3.0215218820201333
mape_raw_minus_qd_initial_median_a0,37,5,648.0,690.2808909982452,6.524828857753895
mape_raw_minus_qd_initial_median_a0,38,4,617.0,616.9625838901555,0.006064199326492289
mape_raw_minus_qd_initial_median_a0,39,1,625.0,644.3905323213382,3.1024851714141186
mape_raw_minus_qd_initial_median_a0,41,2,1051.0,948.6228294577328,9.7409296424612
mape_raw_minus_qd_initial_median_a0,42,3,702.0,723.4318090745835,3.052964255638675
mape_raw_minus_qd_initial_median_a0,43,4,651.0,751.2419486160591,15.398148788949163
mape_raw_minus_qd_initial_median_a0,5,1,1074.0,935.7837931211693,12.869293005477719
mape_raw_minus_qd_initial_median_a0,6,4,636.0,699.356513342955,9.961715934426897
mape_raw_minus_qd_initial_median_a0,7,4,870.0,651.7567022184812,25.085436526611353
mape_raw_minus_qd_initial_median_a0.01,11,1,788.0,907.4127491628832,15.153902178030862
mape_raw_minus_qd_initial_median_a0.01,14,2,880.0,868.9312811642625,1.2578089586065355
mape_raw_minus_qd_initial_median_a0.01,15,3,719.0,868.6180533213534,20.80918683189894
mape_raw_minus_qd_initial_median_a0.01,16,3,862.0,900.7563788068999,4.496099629570751
mape_raw_minus_qd_initial_median_a0.01,17,3,857.0,845.350036775549,1.3593889410094482
mape_raw_minus_qd_initial_median_a0.01,18,3,691.0,686.8691119119183,0.5978130373490227
mape_raw_minus_qd_initial_median_a0.01,19,5,788.0,682.3530521288503,13.406973080095137
mape_raw_minus_qd_initial_median_a0.01,20,5,534.0,560.2657503267983,4.918679836479082
mape_raw_minus_qd_initial_median_a0.01,21,1,559.0,548.2781834747093,1.9180351565815217
mape_raw_minus_qd_initial_median_a0.01,23,1,1014.0,854.5253040979884,15.727287564300948
mape_raw_minus_qd_initial_median_a0.01,24,5,1017.0,820.7190340472764,19.29999665218521
mape_raw_minus_qd_initial_median_a0.01,25,2,854.0,858.6144959459247,0.5403391037382504
mape_raw_minus_qd_initial_median_a0.01,28,1,860.0,781.0674031364322,9.178208937624165
mape_raw_minus_qd_initial_median_a0.01,29,2,917.0,776.8201205175319,15.286791655667185
mape_raw_minus_qd_initial_median_a0.01,31,5,876.0,748.7329827658837,14.528198314396843
mape_raw_minus_qd_initial_median_a0.01,32,2,731.0,693.6837573069412,5.104821161841152
mape_raw_minus_qd_initial_median_a0.01,33,3,757.0,706.7772123637204,6.634450150102982
mape_raw_minus_qd_initial_median_a0.01,34,2,742.0,781.6510623029318,5.343808935705093
mape_raw_minus_qd_initial_median_a0.01,36,4,704.0,722.2653224338985,2.594506027542403
mape_raw_minus_qd_initial_median_a0.01,37,5,648.0,705.6040153515298,8.889508541902751
mape_raw_minus_qd_initial_median_a0.01,38,4,617.0,632.2787588569872,2.4762980319266163
mape_raw_minus_qd_initial_median_a0.01,39,1,625.0,647.2907891100496,3.5665262576079293
mape_raw_minus_qd_initial_median_a0.01,41,2,1051.0,877.5249066927832,16.505717726661917
mape_raw_minus_qd_initial_median_a0.01,42,3,702.0,716.6594369034599,2.0882388751367364
mape_raw_minus_qd_initial_median_a0.01,43,4,651.0,713.6755195543382,9.62757596840832
mape_raw_minus_qd_initial_median_a0.01,5,1,1074.0,910.3649782551495,15.236035544213271
mape_raw_minus_qd_initial_median_a0.01,6,4,636.0,758.5984106409463,19.276479660526153
mape_raw_minus_qd_initial_median_a0.01,7,4,870.0,777.619567318691,10.618440538081494
mape_raw_minus_qd_initial_median_a0.1,11,1,788.0,885.50629688769,12.373895544123101
mape_raw_minus_qd_initial_median_a0.1,14,2,880.0,846.7279447777062,3.7809153661697534
mape_raw_minus_qd_initial_median_a0.1,15,3,719.0,868.4504983204655,20.785882937477815
mape_raw_minus_qd_initial_median_a0.1,16,3,862.0,901.2791473430678,4.556745631446386
mape_raw_minus_qd_initial_median_a0.1,17,3,857.0,845.8613621351839,1.2997243716238194
mape_raw_minus_qd_initial_median_a0.1,18,3,691.0,692.5754026689292,0.22798880881753986
mape_raw_minus_qd_initial_median_a0.1,19,5,788.0,682.978034947096,13.327660539708624
mape_raw_minus_qd_initial_median_a0.1,20,5,534.0,563.4362405600828,5.512404599266433
mape_raw_minus_qd_initial_median_a0.1,21,1,559.0,545.4789482100543,2.418792806788132
mape_raw_minus_qd_initial_median_a0.1,23,1,1014.0,834.0840021365926,17.743195055562854
mape_raw_minus_qd_initial_median_a0.1,24,5,1017.0,817.2857623235714,19.637584825607536
mape_raw_minus_qd_initial_median_a0.1,25,2,854.0,834.5171241468365,2.2813671959207817
mape_raw_minus_qd_initial_median_a0.1,28,1,860.0,769.5446728814788,10.518061292851298
mape_raw_minus_qd_initial_median_a0.1,29,2,917.0,766.8302631581431,16.376198128882976
mape_raw_minus_qd_initial_median_a0.1,31,5,876.0,747.233386283581,14.699385127445089
mape_raw_minus_qd_initial_median_a0.1,32,2,731.0,694.9556266645494,4.930830825643035
mape_raw_minus_qd_initial_median_a0.1,33,3,757.0,709.3840497334904,6.290085900463616
mape_raw_minus_qd_initial_median_a0.1,34,2,742.0,769.5433379615582,3.712040156544235
mape_raw_minus_qd_initial_median_a0.1,36,4,704.0,727.0645044504676,3.276208018532323
mape_raw_minus_qd_initial_median_a0.1,37,5,648.0,705.5300828530707,8.878099205720783
mape_raw_minus_qd_initial_median_a0.1,38,4,617.0,628.4427329390048,1.8545758410056445
mape_raw_minus_qd_initial_median_a0.1,39,1,625.0,644.9402737691914,3.1904438030706297
mape_raw_minus_qd_initial_median_a0.1,41,2,1051.0,848.530280196039,19.264483330538628
mape_raw_minus_qd_initial_median_a0.1,42,3,702.0,716.7135063213956,2.0959410714238724
mape_raw_minus_qd_initial_median_a0.1,43,4,651.0,727.194245992799,11.704185252350074
mape_raw_minus_qd_initial_median_a0.1,5,1,1074.0,882.4333055611143,17.836749947754726
mape_raw_minus_qd_initial_median_a0.1,6,4,636.0,783.3849245098662,23.17373026884689
mape_raw_minus_qd_initial_median_a0.1,7,4,870.0,780.4804441938221,10.289604115652631
ridge_minus_qd_fraction_change,11,1,788.0,823.717159245085,4.5326344219651
ridge_minus_qd_fraction_change,14,2,880.0,869.0209641573662,1.2476177093902086
ridge_minus_qd_fraction_change,15,3,719.0,819.3996071359901,13.963784024477066
ridge_minus_qd_fraction_change,16,3,862.0,1013.89055568804,17.62071411694199
ridge_minus_qd_fraction_change,17,3,857.0,861.7915515773382,0.5591075352786661
ridge_minus_qd_fraction_change,18,3,691.0,645.3844892065316,6.601376381109752
ridge_minus_qd_fraction_change,19,5,788.0,726.0791685657508,7.857973532265124
ridge_minus_qd_fraction_change,20,5,534.0,576.800686339114,8.015109801332212
ridge_minus_qd_fraction_change,21,1,559.0,577.6936445869285,3.344122466355722
ridge_minus_qd_fraction_change,23,1,1014.0,904.060564134692,10.842153438393298
ridge_minus_qd_fraction_change,24,5,1017.0,833.4559056116198,18.04760023484565
ridge_minus_qd_fraction_change,25,2,854.0,887.1377491977275,3.8802985009048645
ridge_minus_qd_fraction_change,28,1,860.0,794.4439662246466,7.6227946250410925
ridge_minus_qd_fraction_change,29,2,917.0,806.9244733660275,12.003874223988273
ridge_minus_qd_fraction_change,31,5,876.0,880.0948545004724,0.46744914388953945
ridge_minus_qd_fraction_change,32,2,731.0,696.4678535170953,4.723959847182592
ridge_minus_qd_fraction_change,33,3,757.0,816.6226253434846,7.876172436391629
ridge_minus_qd_fraction_change,34,2,742.0,790.6928925906989,6.562384446185832
ridge_minus_qd_fraction_change,36,4,704.0,712.7702768506947,1.2457779617464062
ridge_minus_qd_fraction_change,37,5,648.0,693.3725887487637,7.001942708142553
ridge_minus_qd_fraction_change,38,4,617.0,557.8348874704948,9.589159243031641
ridge_minus_qd_fraction_change,39,1,625.0,658.0253906467444,5.284062503479109
ridge_minus_qd_fraction_change,41,2,1051.0,936.4317792083284,10.900877335078173
ridge_minus_qd_fraction_change,42,3,702.0,733.1512982759817,4.437506876920475
ridge_minus_qd_fraction_change,43,4,651.0,658.5420609699758,1.1585347112097928
ridge_minus_qd_fraction_change,5,1,1074.0,956.1754817368642,10.970625536604825
ridge_minus_qd_fraction_change,6,4,636.0,786.3030574146837,23.632556197277317
ridge_minus_qd_fraction_change,7,4,870.0,909.2299454625638,4.509189133628025
mae_raw_minus_qd_fraction_change_a0,11,1,788.0,796.7439506410675,1.10963840622684
mae_raw_minus_qd_fraction_change_a0,14,2,880.0,887.8961145038217,0.897285739070642
mae_raw_minus_qd_fraction_change_a0,15,3,719.0,854.3191880462264,18.820471216443167
mae_raw_minus_qd_fraction_change_a0,16,3,862.0,1038.3046214720996,20.452972328549837
mae_raw_minus_qd_fraction_change_a0,17,3,857.0,879.1892131897388,2.5891730676474656
mae_raw_minus_qd_fraction_change_a0,18,3,691.0,624.9204974242681,9.562880256980016
mae_raw_minus_qd_fraction_change_a0,19,5,788.0,713.1810663277777,9.494788537084052
mae_raw_minus_qd_fraction_change_a0,20,5,534.0,534.1898073923173,0.035544455490137496
mae_raw_minus_qd_fraction_change_a0,21,1,559.0,524.4208737898252,6.185890198600137
mae_raw_minus_qd_fraction_change_a0,23,1,1014.0,868.5264992937814,14.34649908345351
mae_raw_minus_qd_fraction_change_a0,24,5,1017.0,838.9941630781747,17.50303214570554
mae_raw_minus_qd_fraction_change_a0,25,2,854.0,909.2354595884234,6.467852410822412
mae_raw_minus_qd_fraction_change_a0,28,1,860.0,781.5254894609869,9.12494308593175
mae_raw_minus_qd_fraction_change_a0,29,2,917.0,816.2701971253607,10.984711327659682
mae_raw_minus_qd_fraction_change_a0,31,5,876.0,864.3753534254602,1.3270144491483833
mae_raw_minus_qd_fraction_change_a0,32,2,731.0,689.445073674824,5.684668443936523
mae_raw_minus_qd_fraction_change_a0,33,3,757.0,792.9773601350621,4.752623531712298
mae_raw_minus_qd_fraction_change_a0,34,2,742.0,804.8907195410668,8.47583821308178
mae_raw_minus_qd_fraction_change_a0,36,4,704.0,724.066056789197,2.850292157556389
mae_raw_minus_qd_fraction_change_a0,37,5,648.0,688.3501265264729,6.2268713775421105
mae_raw_minus_qd_fraction_change_a0,38,4,617.0,467.2910102789705,24.264017782986958
mae_raw_minus_qd_fraction_change_a0,39,1,625.0,618.421868262992,1.052501077921279
mae_raw_minus_qd_fraction_change_a0,41,2,1051.0,959.801777559566,8.677280917262992
mae_raw_minus_qd_fraction_change_a0,42,3,702.0,713.8265943434004,1.6847000489174382
mae_raw_minus_qd_fraction_change_a0,43,4,651.0,629.3035322827584,3.332790739975669
mae_raw_minus_qd_fraction_change_a0,5,1,1074.0,885.9464807859295,17.509638660527983
mae_raw_minus_qd_fraction_change_a0,6,4,636.0,827.6872389669248,30.13950298222089
mae_raw_minus_qd_fraction_change_a0,7,4,870.0,1003.8366868728214,15.383527226761075
mae_raw_minus_qd_fraction_change_a0.01,11,1,788.0,788.888136269337,0.11270764839301986
mae_raw_minus_qd_fraction_change_a0.01,14,2,880.0,883.3042990268575,0.3754885257792621
mae_raw_minus_qd_fraction_change_a0.01,15,3,719.0,817.4633177411896,13.694480909762115
mae_raw_minus_qd_fraction_change_a0.01,16,3,862.0,979.97921171844,13.686683494018554
mae_raw_minus_qd_fraction_change_a0.01,17,3,857.0,850.1282382658779,0.8018391755101587
mae_raw_minus_qd_fraction_change_a0.01,18,3,691.0,643.2354714355279,6.91237750571232
mae_raw_minus_qd_fraction_change_a0.01,19,5,788.0,714.0523858304156,9.384214996140155
mae_raw_minus_qd_fraction_change_a0.01,20,5,534.0,536.0940144021478,0.39213752849209055
mae_raw_minus_qd_fraction_change_a0.01,21,1,559.0,554.9449598635365,0.7254096845194103
mae_raw_minus_qd_fraction_change_a0.01,23,1,1014.0,874.8356783712125,13.724292073844925
mae_raw_minus_qd_fraction_change_a0.01,24,5,1017.0,839.8614218523884,17.41775596338364
mae_raw_minus_qd_fraction_change_a0.01,25,2,854.0,904.4854583315976,5.911646174660135
mae_raw_minus_qd_fraction_change_a0.01,28,1,860.0,785.7604013678529,8.632511468854318
mae_raw_minus_qd_fraction_change_a0.01,29,2,917.0,813.6096394073983,11.274848483380776
mae_raw_minus_qd_fraction_change_a0.01,31,5,876.0,864.9116487123608,1.2657935259862068
mae_raw_minus_qd_fraction_change_a0.01,32,2,731.0,688.8778963314028,5.76225768380263
mae_raw_minus_qd_fraction_change_a0.01,33,3,757.0,796.1786116177024,5.175510121228846
mae_raw_minus_qd_fraction_change_a0.01,34,2,742.0,801.9886808728035,8.084727880431732
mae_raw_minus_qd_fraction_change_a0.01,36,4,704.0,719.5584093705025,2.2100013310372932
mae_raw_minus_qd_fraction_change_a0.01,37,5,648.0,689.1893352905543,6.356378902863311
mae_raw_minus_qd_fraction_change_a0.01,38,4,617.0,468.78960975766836,24.021132940410315
mae_raw_minus_qd_fraction_change_a0.01,39,1,625.0,644.3304645339321,3.0928743254291295
mae_raw_minus_qd_fraction_change_a0.01,41,2,1051.0,953.8561106497831,9.242996132275634
mae_raw_minus_qd_fraction_change_a0.01,42,3,702.0,711.3473782863829,1.3315353684306093
mae_raw_minus_qd_fraction_change_a0.01,43,4,651.0,623.6392907077799,4.202873931216609
mae_raw_minus_qd_fraction_change_a0.01,5,1,1074.0,900.3929957058795,16.16452553948981
mae_raw_minus_qd_fraction_change_a0.01,6,4,636.0,815.6720828848337,28.25032749761536
mae_raw_minus_qd_fraction_change_a0.01,7,4,870.0,996.1414342582527,14.499015431983073
mae_raw_minus_qd_fraction_change_a0.1,11,1,788.0,816.2527323025223,3.5853721196094295
mae_raw_minus_qd_fraction_change_a0.1,14,2,880.0,813.7488105411717,7.528544256685037
mae_raw_minus_qd_fraction_change_a0.1,15,3,719.0,817.2575811863834,13.665866646228567
mae_raw_minus_qd_fraction_change_a0.1,16,3,862.0,965.5940107901362,12.017866680990274
mae_raw_minus_qd_fraction_change_a0.1,17,3,857.0,849.4552271548107,0.8803702269765811
mae_raw_minus_qd_fraction_change_a0.1,18,3,691.0,651.1258606134583,5.770497740454666
mae_raw_minus_qd_fraction_change_a0.1,19,5,788.0,723.4604854459016,8.190293725139396
mae_raw_minus_qd_fraction_change_a0.1,20,5,534.0,577.6329266877751,8.170960053890473
mae_raw_minus_qd_fraction_change_a0.1,21,1,559.0,583.8917701149039,4.45291057511698
mae_raw_minus_qd_fraction_change_a0.1,23,1,1014.0,867.2702837725413,14.470386215725705
mae_raw_minus_qd_fraction_change_a0.1,24,5,1017.0,820.8328033715197,19.28880989463916
mae_raw_minus_qd_fraction_change_a0.1,25,2,854.0,819.124741544358,4.083753917522481
mae_raw_minus_qd_fraction_change_a0.1,28,1,860.0,798.1609499871258,7.190587210799322
mae_raw_minus_qd_fraction_change_a0.1,29,2,917.0,771.5873521671851,15.857431606631936
mae_raw_minus_qd_fraction_change_a0.1,31,5,876.0,804.9875670614623,8.106442116271426
mae_raw_minus_qd_fraction_change_a0.1,32,2,731.0,694.2866372713761,5.02234784249301
mae_raw_minus_qd_fraction_change_a0.1,33,3,757.0,810.4608011017376,7.062193012118575
mae_raw_minus_qd_fraction_change_a0.1,34,2,742.0,760.0851630394733,2.4373535093629766
mae_raw_minus_qd_fraction_change_a0.1,36,4,704.0,731.7787767665808,3.9458489725256807
mae_raw_minus_qd_fraction_change_a0.1,37,5,648.0,717.5895706923279,10.739131279680235
mae_raw_minus_qd_fraction_change_a0.1,38,4,617.0,597.3478222595028,3.1851179482167296
mae_raw_minus_qd_fraction_change_a0.1,39,1,625.0,686.1100243862295,9.77760390179672
mae_raw_minus_qd_fraction_change_a0.1,41,2,1051.0,844.2119564149511,19.675360950052223
mae_raw_minus_qd_fraction_change_a0.1,42,3,702.0,739.0975584218329,5.284552481742578
mae_raw_minus_qd_fraction_change_a0.1,43,4,651.0,697.371468403216,7.123113425993242
mae_raw_minus_qd_fraction_change_a0.1,5,1,1074.0,894.0937381016024,16.751048593891767
mae_raw_minus_qd_fraction_change_a0.1,6,4,636.0,789.3194989030978,24.106839450172618
mae_raw_minus_qd_fraction_change_a0.1,7,4,870.0,848.2494936050302,2.5000582063183634
mape_raw_minus_qd_fraction_change_a0,11,1,788.0,796.7439506410675,1.10963840622684
mape_raw_minus_qd_fraction_change_a0,14,2,880.0,830.9674128913975,5.571884898704824
mape_raw_minus_qd_fraction_change_a0,15,3,719.0,812.0116929280014,12.936257709040522
mape_raw_minus_qd_fraction_change_a0,16,3,862.0,974.4956614729178,13.050540774120401
mape_raw_minus_qd_fraction_change_a0,17,3,857.0,846.0603303972634,1.2765075382423055
mape_raw_minus_qd_fraction_change_a0,18,3,691.0,642.6375151722693,6.998912420800386
mape_raw_minus_qd_fraction_change_a0,19,5,788.0,734.4149041617181,6.80013906577181
mape_raw_minus_qd_fraction_change_a0,20,5,534.0,559.0174990575156,4.6849249171377485
mape_raw_minus_qd_fraction_change_a0,21,1,559.0,524.4208737898252,6.185890198600137
mape_raw_minus_qd_fraction_change_a0,23,1,1014.0,868.5264992937814,14.34649908345351
mape_raw_minus_qd_fraction_change_a0,24,5,1017.0,819.2972740200793,19.43979606488896
mape_raw_minus_qd_fraction_change_a0,25,2,854.0,857.2589719088032,0.38161263569124504
mape_raw_minus_qd_fraction_change_a0,28,1,860.0,781.5254894609869,9.12494308593175
mape_raw_minus_qd_fraction_change_a0,29,2,917.0,797.7540782590007,13.003917310905047
mape_raw_minus_qd_fraction_change_a0,31,5,876.0,882.2897177625786,0.7180043107966395
mape_raw_minus_qd_fraction_change_a0,32,2,731.0,692.3486804121034,5.2874582199585
mape_raw_minus_qd_fraction_change_a0,33,3,757.0,796.6029540897912,5.231565929959205
mape_raw_minus_qd_fraction_change_a0,34,2,742.0,776.2755578199833,4.61934741509209
mape_raw_minus_qd_fraction_change_a0,36,4,704.0,719.4301750260734,2.191786225294511
mape_raw_minus_qd_fraction_change_a0,37,5,648.0,685.1205543734359,5.72848061318455
mape_raw_minus_qd_fraction_change_a0,38,4,617.0,469.05797240362205,23.977638184177952
mape_raw_minus_qd_fraction_change_a0,39,1,625.0,618.421868262992,1.052501077921279
mape_raw_minus_qd_fraction_change_a0,41,2,1051.0,895.8699311202256,14.760234907685481
mape_raw_minus_qd_fraction_change_a0,42,3,702.0,710.4323121122832,1.2011840615787992
mape_raw_minus_qd_fraction_change_a0,43,4,651.0,623.3916167049053,4.240919092948488
mape_raw_minus_qd_fraction_change_a0,5,1,1074.0,885.9464807859295,17.509638660527983
mape_raw_minus_qd_fraction_change_a0,6,4,636.0,815.7122758331747,28.25664714358092
mape_raw_minus_qd_fraction_change_a0,7,4,870.0,995.3172501906903,14.404281631113825
mape_raw_minus_qd_fraction_change_a0.01,11,1,788.0,787.290644201569,0.09001977137449665
mape_raw_minus_qd_fraction_change_a0.01,14,2,880.0,832.4008946890247,5.408989239883562
mape_raw_minus_qd_fraction_change_a0.01,15,3,719.0,812.0116929280014,12.936257709040522
mape_raw_minus_qd_fraction_change_a0.01,16,3,862.0,974.4956614729178,13.050540774120401
mape_raw_minus_qd_fraction_change_a0.01,17,3,857.0,846.0603303972634,1.2765075382423055
mape_raw_minus_qd_fraction_change_a0.01,18,3,691.0,642.6375151722693,6.998912420800386
mape_raw_minus_qd_fraction_change_a0.01,19,5,788.0,734.4149041617181,6.80013906577181
mape_raw_minus_qd_fraction_change_a0.01,20,5,534.0,559.0174990575156,4.6849249171377485
mape_raw_minus_qd_fraction_change_a0.01,21,1,559.0,546.4247620013507,2.2495953485955815
mape_raw_minus_qd_fraction_change_a0.01,23,1,1014.0,875.7206851203525,13.637013301740382
mape_raw_minus_qd_fraction_change_a0.01,24,5,1017.0,819.2972740200793,19.43979606488896
mape_raw_minus_qd_fraction_change_a0.01,25,2,854.0,857.126106456544,0.36605462020421475
mape_raw_minus_qd_fraction_change_a0.01,28,1,860.0,781.725175325615,9.101723799347086
mape_raw_minus_qd_fraction_change_a0.01,29,2,917.0,797.2242990871217,13.061690393988906
mape_raw_minus_qd_fraction_change_a0.01,31,5,876.0,882.2897177625786,0.7180043107966395
mape_raw_minus_qd_fraction_change_a0.01,32,2,731.0,692.0172820934323,5.332793147273283
mape_raw_minus_qd_fraction_change_a0.01,33,3,757.0,796.6029540897912,5.231565929959205
mape_raw_minus_qd_fraction_change_a0.01,34,2,742.0,776.6666452663653,4.672054618108534
mape_raw_minus_qd_fraction_change_a0.01,36,4,704.0,703.3406439587325,0.0936585285891376
mape_raw_minus_qd_fraction_change_a0.01,37,5,648.0,685.1205543734359,5.72848061318455
mape_raw_minus_qd_fraction_change_a0.01,38,4,617.0,527.060081120973,14.576972265644573
mape_raw_minus_qd_fraction_change_a0.01,39,1,625.0,630.6059258547009,0.8969481367521439
mape_raw_minus_qd_fraction_change_a0.01,41,2,1051.0,896.6665252853561,14.684440981412358
mape_raw_minus_qd_fraction_change_a0.01,42,3,702.0,710.4323121122832,1.2011840615787992
mape_raw_minus_qd_fraction_change_a0.01,43,4,651.0,648.5103912602522,0.38242837784144956
mape_raw_minus_qd_fraction_change_a0.01,5,1,1074.0,901.6564697556436,16.04688363541494
mape_raw_minus_qd_fraction_change_a0.01,6,4,636.0,762.4212910535252,19.87756148640334
mape_raw_minus_qd_fraction_change_a0.01,7,4,870.0,879.6715919160084,1.1116772317251062
mape_raw_minus_qd_fraction_change_a0.1,11,1,788.0,837.1947730937785,6.2429915093627555
mape_raw_minus_qd_fraction_change_a0.1,14,2,880.0,813.7488105411717,7.528544256685037
mape_raw_minus_qd_fraction_change_a0.1,15,3,719.0,775.0802891251216,7.799762048000217
mape_raw_minus_qd_fraction_change_a0.1,16,3,862.0,927.7767637184425,7.630715048543208
mape_raw_minus_qd_fraction_change_a0.1,17,3,857.0,814.9483469935906,4.906843991413002
mape_raw_minus_qd_fraction_change_a0.1,18,3,691.0,632.3874543570914,8.48227867480587
mape_raw_minus_qd_fraction_change_a0.1,19,5,788.0,728.3238251439684,7.573118636552232
mape_raw_minus_qd_fraction_change_a0.1,20,5,534.0,540.174868022728,1.1563423263535566
mape_raw_minus_qd_fraction_change_a0.1,21,1,559.0,560.3792240953626,0.2467306073993896
mape_raw_minus_qd_fraction_change_a0.1,23,1,1014.0,843.7712900267069,16.78784122024587
mape_raw_minus_qd_fraction_change_a0.1,24,5,1017.0,816.3143109609567,19.733106100200914
mape_raw_minus_qd_fraction_change_a0.1,25,2,854.0,819.124741544358,4.083753917522481
mape_raw_minus_qd_fraction_change_a0.1,28,1,860.0,781.4841313335662,9.129752170515557
mape_raw_minus_qd_fraction_change_a0.1,29,2,917.0,771.5873521671851,15.857431606631936
mape_raw_minus_qd_fraction_change_a0.1,31,5,876.0,807.1977825916208,7.854134407349223
mape_raw_minus_qd_fraction_change_a0.1,32,2,731.0,694.2866372713761,5.02234784249301
mape_raw_minus_qd_fraction_change_a0.1,33,3,757.0,803.6589169698234,6.163661422697938
mape_raw_minus_qd_fraction_change_a0.1,34,2,742.0,760.0851630394733,2.4373535093629766
mape_raw_minus_qd_fraction_change_a0.1,36,4,704.0,727.1697659202448,3.2911599318529543
mape_raw_minus_qd_fraction_change_a0.1,37,5,648.0,711.2004039685029,9.753148760571433
mape_raw_minus_qd_fraction_change_a0.1,38,4,617.0,603.9075189786032,2.121958026158313
mape_raw_minus_qd_fraction_change_a0.1,39,1,625.0,667.6654852226816,6.826477635629053
mape_raw_minus_qd_fraction_change_a0.1,41,2,1051.0,844.2119564149511,19.675360950052223
mape_raw_minus_qd_fraction_change_a0.1,42,3,702.0,726.2822436801797,3.4590090712506703
mape_raw_minus_qd_fraction_change_a0.1,43,4,651.0,693.1512195411947,6.474841711397032
mape_raw_minus_qd_fraction_change_a0.1,5,1,1074.0,876.2729268646455,18.410342005154053
mape_raw_minus_qd_fraction_change_a0.1,6,4,636.0,784.463090726634,23.343253258904724
mape_raw_minus_qd_fraction_change_a0.1,7,4,870.0,834.7982147541759,4.046182212163691
ridge_minus_early_drop_per100,11,1,788.0,823.8042266895509,4.5436835900445285
ridge_minus_early_drop_per100,14,2,880.0,868.8076713640804,1.2718555268090432
ridge_minus_early_drop_per100,15,3,719.0,818.4996497112871,13.838616093363996
ridge_minus_early_drop_per100,16,3,862.0,1013.559021490212,17.58225307311044
ridge_minus_early_drop_per100,17,3,857.0,861.2460593322305,0.49545616478769144
ridge_minus_early_drop_per100,18,3,691.0,646.5640227863884,6.430676876065361
ridge_minus_early_drop_per100,19,5,788.0,727.6697213280669,7.656126735016893
ridge_minus_early_drop_per100,20,5,534.0,581.538459250418,8.90233319296217
ridge_minus_early_drop_per100,21,1,559.0,577.4987410197822,3.3092559963832175
ridge_minus_early_drop_per100,23,1,1014.0,904.6404461546265,10.784965862462872
ridge_minus_early_drop_per100,24,5,1017.0,833.0710287565379,18.085444566712106
ridge_minus_early_drop_per100,25,2,854.0,887.1416442770889,3.8807545991907326
ridge_minus_early_drop_per100,28,1,860.0,794.5291011615802,7.6128952137697405
ridge_minus_early_drop_per100,29,2,917.0,806.9164732365495,12.004746648140737
ridge_minus_early_drop_per100,31,5,876.0,882.1687526869064,0.7041955122039238
ridge_minus_early_drop_per100,32,2,731.0,696.3879684821019,4.734888032544202
ridge_minus_early_drop_per100,33,3,757.0,816.8590423549483,7.907403217298325
ridge_minus_early_drop_per100,34,2,742.0,790.0954665042397,6.481868801110465
ridge_minus_early_drop_per100,36,4,704.0,712.3705099659004,1.1889928928835791
ridge_minus_early_drop_per100,37,5,648.0,693.0124909371824,6.946372058207162
ridge_minus_early_drop_per100,38,4,617.0,556.5732553046836,9.793637713989694
ridge_minus_early_drop_per100,39,1,625.0,657.1416351216488,5.142661619463816
ridge_minus_early_drop_per100,41,2,1051.0,937.050158810162,10.842040075151097
ridge_minus_early_drop_per100,42,3,702.0,732.1518270428642,4.2951320573880585
ridge_minus_early_drop_per100,43,4,651.0,659.3166553213882,1.2775200186464248
ridge_minus_early_drop_per100,5,1,1074.0,956.8132604233742,10.91124204624076
ridge_minus_early_drop_per100,6,4,636.0,786.2705959498599,23.62745219337419
ridge_minus_early_drop_per100,7,4,870.0,906.3317298079778,4.176060897468713
mae_raw_minus_early_drop_per100_a0,11,1,788.0,796.5305089923879,1.0825519025872998
mae_raw_minus_early_drop_per100_a0,14,2,880.0,887.6963021679161,0.8745797918086463
mae_raw_minus_early_drop_per100_a0,15,3,719.0,853.2943670045976,18.67793699646698
mae_raw_minus_early_drop_per100_a0,16,3,862.0,1038.522872390918,20.478291460663357
mae_raw_minus_early_drop_per100_a0,17,3,857.0,878.3568933569858,2.492052900465085
mae_raw_minus_early_drop_per100_a0,18,3,691.0,624.8883697915676,9.56752969731294
mae_raw_minus_early_drop_per100_a0,19,5,788.0,714.8419767386121,9.284013104237047
mae_raw_minus_early_drop_per100_a0,20,5,534.0,534.5262071335662,0.09854066171652272
mae_raw_minus_early_drop_per100_a0,21,1,559.0,523.7494557454572,6.306000761098886
mae_raw_minus_early_drop_per100_a0,23,1,1014.0,870.9149428679955,14.110952379882102
mae_raw_minus_early_drop_per100_a0,24,5,1017.0,838.6077003653982,17.54103241244856
mae_raw_minus_early_drop_per100_a0,25,2,854.0,908.3084413062762,6.359302260688081
mae_raw_minus_early_drop_per100_a0,28,1,860.0,782.4999974144264,9.011628207624838
mae_raw_minus_early_drop_per100_a0,29,2,917.0,815.8102420003853,11.034870010863107
mae_raw_minus_early_drop_per100_a0,31,5,876.0,866.0571785923058,1.1350252748509324
mae_raw_minus_early_drop_per100_a0,32,2,731.0,689.5847434745206,5.665561768191441
mae_raw_minus_early_drop_per100_a0,33,3,757.0,793.2377976579921,4.787027431703056
mae_raw_minus_early_drop_per100_a0,34,2,742.0,803.968119599727,8.35149859834595
mae_raw_minus_early_drop_per100_a0,36,4,704.0,723.2508472269429,2.734495344736213
mae_raw_minus_early_drop_per100_a0,37,5,648.0,688.1624924838243,6.197915506763006
mae_raw_minus_early_drop_per100_a0,38,4,617.0,469.6297512009043,23.884967390453113
mae_raw_minus_early_drop_per100_a0,39,1,625.0,617.7211758169077,1.1646118692947676
mae_raw_minus_early_drop_per100_a0,41,2,1051.0,959.997862561984,8.658623923693245
mae_raw_minus_early_drop_per100_a0,42,3,702.0,713.9017641792518,1.6954080027424236
mae_raw_minus_early_drop_per100_a0,43,4,651.0,629.9284067970004,3.2368038714285046
mae_raw_minus_early_drop_per100_a0,5,1,1074.0,890.4796717989243,17.087553836226785
mae_raw_minus_early_drop_per100_a0,6,4,636.0,820.7123962320586,29.042829596235627
mae_raw_minus_early_drop_per100_a0,7,4,870.0,994.9698578186187,14.36435147340445
mae_raw_minus_early_drop_per100_a0.01,11,1,788.0,790.5364931980504,0.32188999975258625
mae_raw_minus_early_drop_per100_a0.01,14,2,880.0,881.6502995912001,0.18753404445455793
mae_raw_minus_early_drop_per100_a0.01,15,3,719.0,813.9811208646179,13.210169800364099
mae_raw_minus_early_drop_per100_a0.01,16,3,862.0,978.2722326450477,13.488658079471886
mae_raw_minus_early_drop_per100_a0.01,17,3,857.0,847.3664769186006,1.124098375892579
mae_raw_minus_early_drop_per100_a0.01,18,3,691.0,643.5143973386988,6.872011962561676
mae_raw_minus_early_drop_per100_a0.01,19,5,788.0,716.180032290454,9.114209100196186
mae_raw_minus_early_drop_per100_a0.01,20,5,534.0,537.1825370665753,0.5959807240777648
mae_raw_minus_early_drop_per100_a0.01,21,1,559.0,558.9842867367553,0.0028109594355492148
mae_raw_minus_early_drop_per100_a0.01,23,1,1014.0,874.8303010180963,13.724822384803128
mae_raw_minus_early_drop_per100_a0.01,24,5,1017.0,839.7736099101885,17.426390372646164
mae_raw_minus_early_drop_per100_a0.01,25,2,854.0,902.550363400784,5.685054262386888
mae_raw_minus_early_drop_per100_a0.01,28,1,860.0,788.9676624376092,8.25957413516172
mae_raw_minus_early_drop_per100_a0.01,29,2,917.0,813.0135545808552,11.33985228125898
mae_raw_minus_early_drop_per100_a0.01,31,5,876.0,866.9343978290669,1.0348860925722674
mae_raw_minus_early_drop_per100_a0.01,32,2,731.0,689.212101587178,5.716538770563879
mae_raw_minus_early_drop_per100_a0.01,33,3,757.0,796.9975284812226,5.283689363437598
mae_raw_minus_early_drop_per100_a0.01,34,2,742.0,800.442193153126,7.876306354868737
mae_raw_minus_early_drop_per100_a0.01,36,4,704.0,723.508773756889,2.771132635921735
mae_raw_minus_early_drop_per100_a0.01,37,5,648.0,689.305849265814,6.374359454600927
mae_raw_minus_early_drop_per100_a0.01,38,4,617.0,471.88939865863307,23.518736035877946
mae_raw_minus_early_drop_per100_a0.01,39,1,625.0,652.6070228561,4.417123656976
mae_raw_minus_early_drop_per100_a0.01,41,2,1051.0,952.8017595241314,9.343314983431837
mae_raw_minus_early_drop_per100_a0.01,42,3,702.0,711.6856297195766,1.3797193332730173
mae_raw_minus_early_drop_per100_a0.01,43,4,651.0,632.3203687742189,2.8693749962797424
mae_raw_minus_early_drop_per100_a0.01,5,1,1074.0,900.5279286684587,16.15196194893308
mae_raw_minus_early_drop_per100_a0.01,6,4,636.0,821.729415873291,29.20273834485708
mae_raw_minus_early_drop_per100_a0.01,7,4,870.0,991.3792830072998,13.95164172497699
mae_raw_minus_early_drop_per100_a0.1,11,1,788.0,816.2527323025223,3.5853721196094295
mae_raw_minus_early_drop_per100_a0.1,14,2,880.0,813.7488105411717,7.528544256685037
mae_raw_minus_early_drop_per100_a0.1,15,3,719.0,817.2575811863834,13.665866646228567
mae_raw_minus_early_drop_per100_a0.1,16,3,862.0,965.5940107901362,12.017866680990274
mae_raw_minus_early_drop_per100_a0.1,17,3,857.0,849.4552271548107,0.8803702269765811
mae_raw_minus_early_drop_per100_a0.1,18,3,691.0,651.1258606134583,5.770497740454666
mae_raw_minus_early_drop_per100_a0.1,19,5,788.0,723.4604854459016,8.190293725139396
mae_raw_minus_early_drop_per100_a0.1,20,5,534.0,577.6329266877751,8.170960053890473
mae_raw_minus_early_drop_per100_a0.1,21,1,559.0,583.8917701149039,4.45291057511698
mae_raw_minus_early_drop_per100_a0.1,23,1,1014.0,867.2702837725413,14.470386215725705
mae_raw_minus_early_drop_per100_a0.1,24,5,1017.0,820.8328033715197,19.28880989463916
mae_raw_minus_early_drop_per100_a0.1,25,2,854.0,819.124741544358,4.083753917522481
mae_raw_minus_early_drop_per100_a0.1,28,1,860.0,798.1609499871258,7.190587210799322
mae_raw_minus_early_drop_per100_a0.1,29,2,917.0,771.5873521671851,15.857431606631936
mae_raw_minus_early_drop_per100_a0.1,31,5,876.0,804.9875670614623,8.106442116271426
mae_raw_minus_early_drop_per100_a0.1,32,2,731.0,694.2866372713761,5.02234784249301
mae_raw_minus_early_drop_per100_a0.1,33,3,757.0,810.4608011017376,7.062193012118575
mae_raw_minus_early_drop_per100_a0.1,34,2,742.0,760.0851630394733,2.4373535093629766
mae_raw_minus_early_drop_per100_a0.1,36,4,704.0,731.7787767665808,3.9458489725256807
mae_raw_minus_early_drop_per100_a0.1,37,5,648.0,717.5895706923279,10.739131279680235
mae_raw_minus_early_drop_per100_a0.1,38,4,617.0,597.3478222595028,3.1851179482167296
mae_raw_minus_early_drop_per100_a0.1,39,1,625.0,686.1100243862295,9.77760390179672
mae_raw_minus_early_drop_per100_a0.1,41,2,1051.0,844.2119564149511,19.675360950052223
mae_raw_minus_early_drop_per100_a0.1,42,3,702.0,739.0975584218329,5.284552481742578
mae_raw_minus_early_drop_per100_a0.1,43,4,651.0,697.371468403216,7.123113425993242
mae_raw_minus_early_drop_per100_a0.1,5,1,1074.0,894.0937381016024,16.751048593891767
mae_raw_minus_early_drop_per100_a0.1,6,4,636.0,789.3194989030978,24.106839450172618
mae_raw_minus_early_drop_per100_a0.1,7,4,870.0,848.2494936050302,2.5000582063183634
mape_raw_minus_early_drop_per100_a0,11,1,788.0,796.5305089923879,1.0825519025872998
mape_raw_minus_early_drop_per100_a0,14,2,880.0,834.1483492632731,5.210414856446241
mape_raw_minus_early_drop_per100_a0,15,3,719.0,810.6745152927452,12.750280291063316
mape_raw_minus_early_drop_per100_a0,16,3,862.0,975.7916527412124,13.200887789003756
mape_raw_minus_early_drop_per100_a0,17,3,857.0,844.9465013018447,1.4064759274393577
mape_raw_minus_early_drop_per100_a0,18,3,691.0,642.4226959991654,7.030000578991983
mape_raw_minus_early_drop_per100_a0,19,5,788.0,739.6878032284675,6.130989438011739
mape_raw_minus_early_drop_per100_a0,20,5,534.0,563.3123174537224,5.48919802504164
mape_raw_minus_early_drop_per100_a0,21,1,559.0,523.7494557454572,6.306000761098886
mape_raw_minus_early_drop_per100_a0,23,1,1014.0,870.9149428679955,14.110952379882102
mape_raw_minus_early_drop_per100_a0,24,5,1017.0,821.0587632596486,19.26659161655373
mape_raw_minus_early_drop_per100_a0,25,2,854.0,858.3962098416843,0.5147786699864466
mape_raw_minus_early_drop_per100_a0,28,1,860.0,782.4999974144264,9.011628207624838
mape_raw_minus_early_drop_per100_a0,29,2,917.0,797.8601529789632,12.99234972966595
mape_raw_minus_early_drop_per100_a0,31,5,876.0,886.9639235241988,1.2515894434016868
mape_raw_minus_early_drop_per100_a0,32,2,731.0,692.1176464662644,5.319063410907739
mape_raw_minus_early_drop_per100_a0,33,3,757.0,797.0690618410102,5.293138948614298
mape_raw_minus_early_drop_per100_a0,34,2,742.0,776.777800444022,4.687035100272504
mape_raw_minus_early_drop_per100_a0,36,4,704.0,723.3207861337767,2.7444298485478216
mape_raw_minus_early_drop_per100_a0,37,5,648.0,686.7075186272377,5.973382504203354
mape_raw_minus_early_drop_per100_a0,38,4,617.0,472.5054292733964,23.418893148558126
mape_raw_minus_early_drop_per100_a0,39,1,625.0,617.7211758169077,1.1646118692947676
mape_raw_minus_early_drop_per100_a0,41,2,1051.0,899.9350275060473,14.373451236341838
mape_raw_minus_early_drop_per100_a0,42,3,702.0,710.677223156521,1.2360716747180904
mape_raw_minus_early_drop_per100_a0,43,4,651.0,631.5381854195174,2.9895260492292794
mape_raw_minus_early_drop_per100_a0,5,1,1074.0,890.4796717989243,17.087553836226785
mape_raw_minus_early_drop_per100_a0,6,4,636.0,822.9018709970518,29.387086634756567
mape_raw_minus_early_drop_per100_a0,7,4,870.0,989.553938420866,13.741832002398386
mape_raw_minus_early_drop_per100_a0.01,11,1,788.0,788.2024796298226,0.02569538449525625
mape_raw_minus_early_drop_per100_a0.01,14,2,880.0,834.1834994937329,5.206420512075802
mape_raw_minus_early_drop_per100_a0.01,15,3,719.0,810.6745152927452,12.750280291063316
mape_raw_minus_early_drop_per100_a0.01,16,3,862.0,975.7916527412124,13.200887789003756
mape_raw_minus_early_drop_per100_a0.01,17,3,857.0,844.9465013018447,1.4064759274393577
mape_raw_minus_early_drop_per100_a0.01,18,3,691.0,642.4226959991654,7.030000578991983
mape_raw_minus_early_drop_per100_a0.01,19,5,788.0,736.9052928252408,6.484099895274004
mape_raw_minus_early_drop_per100_a0.01,20,5,534.0,558.2945207709662,4.549535724900035
mape_raw_minus_early_drop_per100_a0.01,21,1,559.0,543.4138422076805,2.788221429753033
mape_raw_minus_early_drop_per100_a0.01,23,1,1014.0,876.7197410435367,13.53848707657429
mape_raw_minus_early_drop_per100_a0.01,24,5,1017.0,819.600129525407,19.41001676249685
mape_raw_minus_early_drop_per100_a0.01,25,2,854.0,858.3860104303803,0.5135843595293136
mape_raw_minus_early_drop_per100_a0.01,28,1,860.0,782.4436439282588,9.018180938574561
mape_raw_minus_early_drop_per100_a0.01,29,2,917.0,797.8409499065593,12.994443848793967
mape_raw_minus_early_drop_per100_a0.01,31,5,876.0,885.0259367714895,1.0303580789371525
mape_raw_minus_early_drop_per100_a0.01,32,2,731.0,692.1070756461022,5.3205094875373184
mape_raw_minus_early_drop_per100_a0.01,33,3,757.0,797.0690618410102,5.293138948614298
mape_raw_minus_early_drop_per100_a0.01,34,2,742.0,776.7891623211625,4.6885663505609845
mape_raw_minus_early_drop_per100_a0.01,36,4,704.0,703.3749816572363,0.08878101459711987
mape_raw_minus_early_drop_per100_a0.01,37,5,648.0,684.8888884340885,5.692729696618591
mape_raw_minus_early_drop_per100_a0.01,38,4,617.0,527.2661791233962,14.54356902376074
mape_raw_minus_early_drop_per100_a0.01,39,1,625.0,628.6885569519916,0.5901691123186538
mape_raw_minus_early_drop_per100_a0.01,41,2,1051.0,899.9434247375805,14.372652260934304
mape_raw_minus_early_drop_per100_a0.01,42,3,702.0,710.677223156521,1.2360716747180904
mape_raw_minus_early_drop_per100_a0.01,43,4,651.0,648.7098379330007,0.3517914081412136
mape_raw_minus_early_drop_per100_a0.01,5,1,1074.0,903.3190655743583,15.89207955546012
mape_raw_minus_early_drop_per100_a0.01,6,4,636.0,761.4035652604331,19.717541707615265
mape_raw_minus_early_drop_per100_a0.01,7,4,870.0,878.1312212068741,0.9346231272269082
mape_raw_minus_early_drop_per100_a0.1,11,1,788.0,838.5007375758425,6.408723042619613
mape_raw_minus_early_drop_per100_a0.1,14,2,880.0,813.7488105411717,7.528544256685037
mape_raw_minus_early_drop_per100_a0.1,15,3,719.0,775.0802891251216,7.799762048000217
mape_raw_minus_early_drop_per100_a0.1,16,3,862.0,927.7767637184425,7.630715048543208
mape_raw_minus_early_drop_per100_a0.1,17,3,857.0,814.9483469935906,4.906843991413002
mape_raw_minus_early_drop_per100_a0.1,18,3,691.0,632.3874543570914,8.48227867480587
mape_raw_minus_early_drop_per100_a0.1,19,5,788.0,728.3238251439684,7.573118636552232
mape_raw_minus_early_drop_per100_a0.1,20,5,534.0,540.174868022728,1.1563423263535566
mape_raw_minus_early_drop_per100_a0.1,21,1,559.0,560.565078938778,0.27997834325188103
mape_raw_minus_early_drop_per100_a0.1,23,1,1014.0,844.4214252002115,16.72372532542293
mape_raw_minus_early_drop_per100_a0.1,24,5,1017.0,816.3143109609567,19.733106100200914
mape_raw_minus_early_drop_per100_a0.1,25,2,854.0,819.124741544358,4.083753917522481
mape_raw_minus_early_drop_per100_a0.1,28,1,860.0,781.8825357029011,9.08342608105801
mape_raw_minus_early_drop_per100_a0.1,29,2,917.0,771.5873521671851,15.857431606631936
mape_raw_minus_early_drop_per100_a0.1,31,5,876.0,807.1977825916208,7.854134407349223
mape_raw_minus_early_drop_per100_a0.1,32,2,731.0,694.2866372713761,5.02234784249301
mape_raw_minus_early_drop_per100_a0.1,33,3,757.0,803.6589169698234,6.163661422697938
mape_raw_minus_early_drop_per100_a0.1,34,2,742.0,760.0851630394733,2.4373535093629766
mape_raw_minus_early_drop_per100_a0.1,36,4,704.0,727.1697659202448,3.2911599318529543
mape_raw_minus_early_drop_per100_a0.1,37,5,648.0,711.2004039685029,9.753148760571433
mape_raw_minus_early_drop_per100_a0.1,38,4,617.0,603.9075189786032,2.121958026158313
mape_raw_minus_early_drop_per100_a0.1,39,1,625.0,667.7988129970653,6.847810079530446
mape_raw_minus_early_drop_per100_a0.1,41,2,1051.0,844.2119564149511,19.675360950052223
mape_raw_minus_early_drop_per100_a0.1,42,3,702.0,726.2822436801797,3.4590090712506703
mape_raw_minus_early_drop_per100_a0.1,43,4,651.0,693.1512195411947,6.474841711397032
mape_raw_minus_early_drop_per100_a0.1,5,1,1074.0,876.9966954414585,18.342952007312984
mape_raw_minus_early_drop_per100_a0.1,6,4,636.0,784.463090726634,23.343253258904724
mape_raw_minus_early_drop_per100_a0.1,7,4,870.0,834.7982147541759,4.046182212163691
ridge_minus_delta_Q_min,11,1,788.0,818.7305537713938,3.8998164684509935
ridge_minus_delta_Q_min,14,2,880.0,870.7971551710249,1.045777821474445
ridge_minus_delta_Q_min,15,3,719.0,818.6555322424402,13.860296556667627
ridge_minus_delta_Q_min,16,3,862.0,1023.0977153840805,18.688830090960614
ridge_minus_delta_Q_min,17,3,857.0,859.9644838130378,0.34591409720393923
ridge_minus_delta_Q_min,18,3,691.0,633.3476361140175,8.343323283065482
ridge_minus_delta_Q_min,19,5,788.0,723.2346487979214,8.218953198233324
ridge_minus_delta_Q_min,20,5,534.0,581.1770805876597,8.834659286078596
ridge_minus_delta_Q_min,21,1,559.0,596.7649036178341,6.755796711598225
ridge_minus_delta_Q_min,23,1,1014.0,906.2773805071718,10.62353249436176
ridge_minus_delta_Q_min,24,5,1017.0,825.8445421023189,18.79601355926068
ridge_minus_delta_Q_min,25,2,854.0,883.4754434534382,3.451457078856929
ridge_minus_delta_Q_min,28,1,860.0,794.6826604986873,7.59503947689683
ridge_minus_delta_Q_min,29,2,917.0,802.4443574234186,12.492436485995785
ridge_minus_delta_Q_min,31,5,876.0,868.5843212870772,0.8465386658587718
ridge_minus_delta_Q_min,32,2,731.0,696.6439481773493,4.699870290376289
ridge_minus_delta_Q_min,33,3,757.0,814.8538551031705,7.642517186680387
ridge_minus_delta_Q_min,34,2,742.0,791.1871403136095,6.628994651429847
ridge_minus_delta_Q_min,36,4,704.0,715.8544435502685,1.683869822481315
ridge_minus_delta_Q_min,37,5,648.0,693.7477111366114,7.059831965526456
ridge_minus_delta_Q_min,38,4,617.0,578.0086898570851,6.3194992127901015
ridge_minus_delta_Q_min,39,1,625.0,670.8032119171392,7.328513906742264
ridge_minus_delta_Q_min,41,2,1051.0,937.5400118010206,10.79543179819024
ridge_minus_delta_Q_min,42,3,702.0,735.7427070814323,4.806653430403459
ridge_minus_delta_Q_min,43,4,651.0,658.6855348163568,1.1805737045094984
ridge_minus_delta_Q_min,5,1,1074.0,966.4033353251967,10.018311422234941
ridge_minus_delta_Q_min,6,4,636.0,764.6508739979847,20.228124842450427
ridge_minus_delta_Q_min,7,4,870.0,897.3082913368622,3.138884061708302
mae_raw_minus_delta_Q_min_a0,11,1,788.0,792.0428440992077,0.5130512816253479
mae_raw_minus_delta_Q_min_a0,14,2,880.0,866.5736072931466,1.525726443960619
mae_raw_minus_delta_Q_min_a0,15,3,719.0,756.7693418045379,5.253037803134622
mae_raw_minus_delta_Q_min_a0,16,3,862.0,1020.1256803070502,18.344046439332967
mae_raw_minus_delta_Q_min_a0,17,3,857.0,817.1708576660711,4.647507856934524
mae_raw_minus_delta_Q_min_a0,18,3,691.0,673.7517040174781,2.496135453331676
mae_raw_minus_delta_Q_min_a0,19,5,788.0,776.8277349158693,1.4178001375800362
mae_raw_minus_delta_Q_min_a0,20,5,534.0,604.4615148489598,13.195040233887608
mae_raw_minus_delta_Q_min_a0,21,1,559.0,509.6327207736254,8.831355854449837
mae_raw_minus_delta_Q_min_a0,23,1,1014.0,921.1325758541558,9.158523091306135
mae_raw_minus_delta_Q_min_a0,24,5,1017.0,830.3290672959237,18.355057296369353
mae_raw_minus_delta_Q_min_a0,25,2,854.0,880.8089322271288,3.1392192303429534
mae_raw_minus_delta_Q_min_a0,28,1,860.0,802.989274731361,6.629154101004537
mae_raw_minus_delta_Q_min_a0,29,2,917.0,814.8931419437552,11.134880922164106
mae_raw_minus_delta_Q_min_a0,31,5,876.0,949.8795899696642,8.433743147221936
mae_raw_minus_delta_Q_min_a0,32,2,731.0,701.6348450397958,4.017121061587445
mae_raw_minus_delta_Q_min_a0,33,3,757.0,857.7941269303873,13.314944112336498
mae_raw_minus_delta_Q_min_a0,34,2,742.0,779.2029790430521,5.013878577230741
mae_raw_minus_delta_Q_min_a0,36,4,704.0,699.2991874525303,0.667729055038309
mae_raw_minus_delta_Q_min_a0,37,5,648.0,674.0981869672908,4.027497988779438
mae_raw_minus_delta_Q_min_a0,38,4,617.0,472.42704594265336,23.43159709195245
mae_raw_minus_delta_Q_min_a0,39,1,625.0,602.9889391111647,3.5217697422136554
mae_raw_minus_delta_Q_min_a0,41,2,1051.0,956.2722821719381,9.013103504097234
mae_raw_minus_delta_Q_min_a0,42,3,702.0,733.319136450261,4.461415448755128
mae_raw_minus_delta_Q_min_a0,43,4,651.0,659.5598132602197,1.3148714685437324
mae_raw_minus_delta_Q_min_a0,5,1,1074.0,985.7911646072237,8.213113165062975
mae_raw_minus_delta_Q_min_a0,6,4,636.0,757.8383166809964,19.156968031603206
mae_raw_minus_delta_Q_min_a0,7,4,870.0,825.9495542892611,5.063269621924015
mae_raw_minus_delta_Q_min_a0.01,11,1,788.0,785.9740192657412,0.2571041540937611
mae_raw_minus_delta_Q_min_a0.01,14,2,880.0,881.6502995912001,0.18753404445455793
mae_raw_minus_delta_Q_min_a0.01,15,3,719.0,813.9811208646179,13.210169800364099
mae_raw_minus_delta_Q_min_a0.01,16,3,862.0,978.2722326450477,13.488658079471886
mae_raw_minus_delta_Q_min_a0.01,17,3,857.0,847.3664769186006,1.124098375892579
mae_raw_minus_delta_Q_min_a0.01,18,3,691.0,643.5143973386988,6.872011962561676
mae_raw_minus_delta_Q_min_a0.01,19,5,788.0,716.180032290454,9.114209100196186
mae_raw_minus_delta_Q_min_a0.01,20,5,534.0,537.1825370665753,0.5959807240777648
mae_raw_minus_delta_Q_min_a0.01,21,1,559.0,591.7443685064482,5.857668784695555
mae_raw_minus_delta_Q_min_a0.01,23,1,1014.0,884.1766783384579,12.803088921256617
mae_raw_minus_delta_Q_min_a0.01,24,5,1017.0,839.7736099101885,17.426390372646164
mae_raw_minus_delta_Q_min_a0.01,25,2,854.0,902.550363400784,5.685054262386888
mae_raw_minus_delta_Q_min_a0.01,28,1,860.0,786.7411850469406,8.518466855006908
mae_raw_minus_delta_Q_min_a0.01,29,2,917.0,813.0135545808552,11.33985228125898
mae_raw_minus_delta_Q_min_a0.01,31,5,876.0,866.9343978290669,1.0348860925722674
mae_raw_minus_delta_Q_min_a0.01,32,2,731.0,689.212101587178,5.716538770563879
mae_raw_minus_delta_Q_min_a0.01,33,3,757.0,796.9975284812226,5.283689363437598
mae_raw_minus_delta_Q_min_a0.01,34,2,742.0,800.442193153126,7.876306354868737
mae_raw_minus_delta_Q_min_a0.01,36,4,704.0,703.3951557230248,0.0859153802521591
mae_raw_minus_delta_Q_min_a0.01,37,5,648.0,689.305849265814,6.374359454600927
mae_raw_minus_delta_Q_min_a0.01,38,4,617.0,526.873769114387,14.607168701071805
mae_raw_minus_delta_Q_min_a0.01,39,1,625.0,667.7872783599001,6.845964537584022
mae_raw_minus_delta_Q_min_a0.01,41,2,1051.0,952.8017595241314,9.343314983431837
mae_raw_minus_delta_Q_min_a0.01,42,3,702.0,711.6856297195766,1.3797193332730173
mae_raw_minus_delta_Q_min_a0.01,43,4,651.0,648.4170768399141,0.3967623901821655
mae_raw_minus_delta_Q_min_a0.01,5,1,1074.0,926.3441557829849,13.748216407543307
mae_raw_minus_delta_Q_min_a0.01,6,4,636.0,761.502388670287,19.733079979604877
mae_raw_minus_delta_Q_min_a0.01,7,4,870.0,878.8121559847444,1.0128914924993604
mae_raw_minus_delta_Q_min_a0.1,11,1,788.0,852.4023347953936,8.172885126318983
mae_raw_minus_delta_Q_min_a0.1,14,2,880.0,810.6422600938027,7.881561352976961
mae_raw_minus_delta_Q_min_a0.1,15,3,719.0,817.2575811863834,13.665866646228567
mae_raw_minus_delta_Q_min_a0.1,16,3,862.0,965.5940107901362,12.017866680990274
mae_raw_minus_delta_Q_min_a0.1,17,3,857.0,849.4552271548107,0.8803702269765811
mae_raw_minus_delta_Q_min_a0.1,18,3,691.0,651.1258606134583,5.770497740454666
mae_raw_minus_delta_Q_min_a0.1,19,5,788.0,720.3525406390114,8.584702964592461
mae_raw_minus_delta_Q_min_a0.1,20,5,534.0,586.1565426380437,9.767142816113047
mae_raw_minus_delta_Q_min_a0.1,21,1,559.0,605.1461951970422,8.25513330895209
mae_raw_minus_delta_Q_min_a0.1,23,1,1014.0,868.7690888086631,14.322575068179178
mae_raw_minus_delta_Q_min_a0.1,24,5,1017.0,817.3615189723332,19.630135794264188
mae_raw_minus_delta_Q_min_a0.1,25,2,854.0,818.0211148764447,4.212984206505305
mae_raw_minus_delta_Q_min_a0.1,28,1,860.0,788.0678691075194,8.364201266567509
mae_raw_minus_delta_Q_min_a0.1,29,2,917.0,767.355387358624,16.318932676267835
mae_raw_minus_delta_Q_min_a0.1,31,5,876.0,804.2719590502576,8.18813252850941
mae_raw_minus_delta_Q_min_a0.1,32,2,731.0,694.2242970330211,5.030875918875361
mae_raw_minus_delta_Q_min_a0.1,33,3,757.0,810.4608011017376,7.062193012118575
mae_raw_minus_delta_Q_min_a0.1,34,2,742.0,760.6120695074785,2.508365162732953
mae_raw_minus_delta_Q_min_a0.1,36,4,704.0,725.804021357259,3.097162124610652
mae_raw_minus_delta_Q_min_a0.1,37,5,648.0,715.7270220878453,10.451700939482297
mae_raw_minus_delta_Q_min_a0.1,38,4,617.0,608.1710944273427,1.4309409356008553
mae_raw_minus_delta_Q_min_a0.1,39,1,625.0,667.9415016953598,6.870640271257563
mae_raw_minus_delta_Q_min_a0.1,41,2,1051.0,847.9922435908912,19.31567615690854
mae_raw_minus_delta_Q_min_a0.1,42,3,702.0,739.0975584218329,5.284552481742578
mae_raw_minus_delta_Q_min_a0.1,43,4,651.0,702.7802782240867,7.953959788646193
mae_raw_minus_delta_Q_min_a0.1,5,1,1074.0,915.0212163041538,14.802493826428886
mae_raw_minus_delta_Q_min_a0.1,6,4,636.0,768.8643136658351,20.89061535626338
mae_raw_minus_delta_Q_min_a0.1,7,4,870.0,823.1195425632882,5.38855832605883
mape_raw_minus_delta_Q_min_a0,11,1,788.0,792.0428440992077,0.5130512816253479
mape_raw_minus_delta_Q_min_a0,14,2,880.0,848.9022716294688,3.533832769378542
mape_raw_minus_delta_Q_min_a0,15,3,719.0,757.041771502531,5.290927886304727
mape_raw_minus_delta_Q_min_a0,16,3,862.0,1016.1901682577455,17.887490517139852
mape_raw_minus_delta_Q_min_a0,17,3,857.0,816.7488943203948,4.696745120140629
mape_raw_minus_delta_Q_min_a0,18,3,691.0,671.0543624723882,2.8864887883663934
mape_raw_minus_delta_Q_min_a0,19,5,788.0,794.5769919862028,0.8346436530714157
mape_raw_minus_delta_Q_min_a0,20,5,534.0,575.2526999827558,7.725224715871865
mape_raw_minus_delta_Q_min_a0,21,1,559.0,509.6327207736254,8.831355854449837
mape_raw_minus_delta_Q_min_a0,23,1,1014.0,921.1325758541558,9.158523091306135
mape_raw_minus_delta_Q_min_a0,24,5,1017.0,833.0941815778029,18.083167986450054
mape_raw_minus_delta_Q_min_a0,25,2,854.0,859.8297852220263,0.6826446395815359
mape_raw_minus_delta_Q_min_a0,28,1,860.0,802.989274731361,6.629154101004537
mape_raw_minus_delta_Q_min_a0,29,2,917.0,797.192648977849,13.065141878097167
mape_raw_minus_delta_Q_min_a0,31,5,876.0,941.9160445490637,7.524662619756132
mape_raw_minus_delta_Q_min_a0,32,2,731.0,694.7675041210689,4.956565783711505
mape_raw_minus_delta_Q_min_a0,33,3,757.0,854.7933806524879,12.918544339826676
mape_raw_minus_delta_Q_min_a0,34,2,742.0,770.5713001075444,3.8505795293186527
mape_raw_minus_delta_Q_min_a0,36,4,704.0,717.8609191909143,1.9688805668912321
mape_raw_minus_delta_Q_min_a0,37,5,648.0,691.542102597601,6.7194602774075625
mape_raw_minus_delta_Q_min_a0,38,4,617.0,540.7084259495398,12.364922860690472
mape_raw_minus_delta_Q_min_a0,39,1,625.0,602.9889391111647,3.5217697422136554
mape_raw_minus_delta_Q_min_a0,41,2,1051.0,921.7043838394443,12.302151870652304
mape_raw_minus_delta_Q_min_a0,42,3,702.0,731.6032681595685,4.216989766320303
mape_raw_minus_delta_Q_min_a0,43,4,651.0,678.9918392121003,4.299821691566871
mape_raw_minus_delta_Q_min_a0,5,1,1074.0,985.7911646072237,8.213113165062975
mape_raw_minus_delta_Q_min_a0,6,4,636.0,761.269769131864,19.69650458048176
mape_raw_minus_delta_Q_min_a0,7,4,870.0,818.9469274034769,5.868169263968169
mape_raw_minus_delta_Q_min_a0.01,11,1,788.0,785.9740192657412,0.2571041540937611
mape_raw_minus_delta_Q_min_a0.01,14,2,880.0,876.7333398831256,0.3712113769175444
mape_raw_minus_delta_Q_min_a0.01,15,3,719.0,811.5387279671179,12.870476768722932
mape_raw_minus_delta_Q_min_a0.01,16,3,862.0,976.9341169061474,13.333424235051906
mape_raw_minus_delta_Q_min_a0.01,17,3,857.0,845.6098821412901,1.329068594948648
mape_raw_minus_delta_Q_min_a0.01,18,3,691.0,642.2549781489072,7.054272337350625
mape_raw_minus_delta_Q_min_a0.01,19,5,788.0,716.0301640321895,9.13322791469676
mape_raw_minus_delta_Q_min_a0.01,20,5,534.0,535.8062145514396,0.3382424253632121
mape_raw_minus_delta_Q_min_a0.01,21,1,559.0,591.7443685064482,5.857668784695555
mape_raw_minus_delta_Q_min_a0.01,23,1,1014.0,884.1766783384579,12.803088921256617
mape_raw_minus_delta_Q_min_a0.01,24,5,1017.0,837.5840757178078,17.641683803558728
mape_raw_minus_delta_Q_min_a0.01,25,2,854.0,895.9440489411361,4.911481140648254
mape_raw_minus_delta_Q_min_a0.01,28,1,860.0,786.7411850469406,8.518466855006908
mape_raw_minus_delta_Q_min_a0.01,29,2,917.0,808.8074110636175,11.798537506693844
mape_raw_minus_delta_Q_min_a0.01,31,5,876.0,867.0787130413873,1.0184117532662849
mape_raw_minus_delta_Q_min_a0.01,32,2,731.0,688.3814189697514,5.830175243536061
mape_raw_minus_delta_Q_min_a0.01,33,3,757.0,796.9302500132043,5.274801851149838
mape_raw_minus_delta_Q_min_a0.01,34,2,742.0,796.9013760956683,7.399107290521333
mape_raw_minus_delta_Q_min_a0.01,36,4,704.0,703.3749816572363,0.08878101459711987
mape_raw_minus_delta_Q_min_a0.01,37,5,648.0,687.9861973738401,6.170709471271625
mape_raw_minus_delta_Q_min_a0.01,38,4,617.0,527.2661791233962,14.54356902376074
mape_raw_minus_delta_Q_min_a0.01,39,1,625.0,667.7872783599001,6.845964537584022
mape_raw_minus_delta_Q_min_a0.01,41,2,1051.0,944.6158710920377,10.122181627779481
mape_raw_minus_delta_Q_min_a0.01,42,3,702.0,710.6527897051166,1.2325911260849802
mape_raw_minus_delta_Q_min_a0.01,43,4,651.0,648.7098379330007,0.3517914081412136
mape_raw_minus_delta_Q_min_a0.01,5,1,1074.0,926.3441557829849,13.748216407543307
mape_raw_minus_delta_Q_min_a0.01,6,4,636.0,761.4035652604331,19.717541707615265
mape_raw_minus_delta_Q_min_a0.01,7,4,870.0,878.1312212068741,0.9346231272269082
mape_raw_minus_delta_Q_min_a0.1,11,1,788.0,852.4023347953936,8.172885126318983
mape_raw_minus_delta_Q_min_a0.1,14,2,880.0,817.127048834238,7.144653541563858
mape_raw_minus_delta_Q_min_a0.1,15,3,719.0,775.2483616556701,7.823137921511839
mape_raw_minus_delta_Q_min_a0.1,16,3,862.0,927.9876892758036,7.655184370742881
mape_raw_minus_delta_Q_min_a0.1,17,3,857.0,815.0681588529712,4.892863611088537
mape_raw_minus_delta_Q_min_a0.1,18,3,691.0,632.3524785804909,8.487340292258912
mape_raw_minus_delta_Q_min_a0.1,19,5,788.0,711.156466159925,9.751717492395304
mape_raw_minus_delta_Q_min_a0.1,20,5,534.0,587.6273500657909,10.042574918687432
mape_raw_minus_delta_Q_min_a0.1,21,1,559.0,605.1461951970422,8.25513330895209
mape_raw_minus_delta_Q_min_a0.1,23,1,1014.0,868.7690888086631,14.322575068179178
mape_raw_minus_delta_Q_min_a0.1,24,5,1017.0,817.7078136559572,19.596085186238223
mape_raw_minus_delta_Q_min_a0.1,25,2,854.0,823.6684116870832,3.5517082333626204
mape_raw_minus_delta_Q_min_a0.1,28,1,860.0,788.0678691075194,8.364201266567509
mape_raw_minus_delta_Q_min_a0.1,29,2,917.0,767.6621150197332,16.28548364015996
mape_raw_minus_delta_Q_min_a0.1,31,5,876.0,788.3824178432607,10.00200709551819
mape_raw_minus_delta_Q_min_a0.1,32,2,731.0,685.0779577088831,6.282085128743761
mape_raw_minus_delta_Q_min_a0.1,33,3,757.0,803.5980026566507,6.1556146177874105
mape_raw_minus_delta_Q_min_a0.1,34,2,742.0,759.9713766047681,2.4220184103461087
mape_raw_minus_delta_Q_min_a0.1,36,4,704.0,710.9056859763344,0.9809213034565964
mape_raw_minus_delta_Q_min_a0.1,37,5,648.0,714.8520952824158,10.31668137074318
mape_raw_minus_delta_Q_min_a0.1,38,4,617.0,574.2255558202592,6.9326489756468135
mape_raw_minus_delta_Q_min_a0.1,39,1,625.0,667.9415016953598,6.870640271257563
mape_raw_minus_delta_Q_min_a0.1,41,2,1051.0,858.0339578919595,18.3602323604225
mape_raw_minus_delta_Q_min_a0.1,42,3,702.0,726.2483745463367,3.454184408310066
mape_raw_minus_delta_Q_min_a0.1,43,4,651.0,677.4193475367483,4.058271511021247
mape_raw_minus_delta_Q_min_a0.1,5,1,1074.0,915.0212163041538,14.802493826428886
mape_raw_minus_delta_Q_min_a0.1,6,4,636.0,759.0004713301896,19.339696750029812
mape_raw_minus_delta_Q_min_a0.1,7,4,870.0,831.7819027414274,4.392884742364664
