rank_mae,candidate_mae,family_mae,removal,title_mae,alpha,features_mae,cv_mape_pct_mae,cv_std_pp_mae,oof_mape_pct_mae,oof_mae_mae,oof_rmse_mae,oof_r2_mae,mean_prediction_minus_actual_mae,underprediction_pct_mae,nonpositive_predictions_mae,rank_mape,candidate_mape,family_mape,title_mape,features_mape,cv_mape_pct_mape,cv_std_pp_mape,oof_mape_pct_mape,oof_mae_mape,oof_rmse_mape,oof_r2_mape,mean_prediction_minus_actual_mape,underprediction_pct_mape,nonpositive_predictions_mape,cv_weighting_change_pp,oof_mae_change,oof_rmse_change
4,mae_raw_minus_delta_Q_min_a0.01,mae_raw,delta_Q_min,ΔQ 최솟값 제거,0.01,"log10_delta_Q_var,qd_initial_median,qd_fraction_change,early_drop_per100",7.1331809899130105,0.5158377760305816,7.1399678914232005,58.18555627209714,76.48854123511315,0.7189976817209578,-13.620274435715434,53.57142857142857,0,3,mape_raw_minus_delta_Q_min_a0.01,mape_raw,ΔQ 최솟값 제거,"log10_delta_Q_var,qd_initial_median,qd_fraction_change,early_drop_per100",7.116137891299435,0.517065666837842,7.1248721574672675,58.21704513033764,76.85881387966566,0.7162704938040989,-15.091319781242946,57.14285714285714,0,-0.017043098613575225,0.031488858240500406,0.3702726445525144
12,mae_raw_minus_delta_Q_min_a0,mae_raw,delta_Q_min,ΔQ 최솟값 제거,0.0,"log10_delta_Q_var,qd_initial_median,qd_fraction_change,early_drop_per100",7.776809099211704,1.8479503171586555,7.653269934348968,60.50845569581439,77.56311464644344,0.7110467210072593,-10.729851225188968,57.14285714285714,0,7,mape_raw_minus_delta_Q_min_a0,mape_raw,ΔQ 최솟값 제거,"log10_delta_Q_var,qd_initial_median,qd_fraction_change,early_drop_per100",7.508587332796248,1.1765542450306186,7.437161726452011,59.99387890295176,75.9173808186343,0.7231786520996528,-11.245101427836518,50.0,0,-0.26822176641545603,-0.5145767928626341,-1.6457338278091385
13,mae_raw_full_a0,mae_raw,none,5개 특징 유지,0.0,"log10_delta_Q_var,delta_Q_min,qd_initial_median,qd_fraction_change,early_drop_per100",8.376261101303779,2.135773763856127,8.328963879759636,68.78557482383789,92.50673153536435,0.5889791816303487,-16.263774845302514,50.0,0,6,mape_raw_full_a0,mape_raw,5개 특징 유지,"log10_delta_Q_var,delta_Q_min,qd_initial_median,qd_fraction_change,early_drop_per100",7.164302925066176,2.7823788216498464,7.172729455576745,58.507598885996046,86.48337309536333,0.6407619036982126,-17.363146230167775,53.57142857142857,0,-1.2119581762376033,-10.277975937841845,-6.023358440001019
14,mae_raw_full_a0.01,mae_raw,none,5개 특징 유지,0.01,"log10_delta_Q_var,delta_Q_min,qd_initial_median,qd_fraction_change,early_drop_per100",8.420549002514534,3.381522830310248,8.258735006394092,67.05401666452322,88.48229895435846,0.623963551528228,-11.99482074455217,50.0,0,1,mape_raw_full_a0.01,mape_raw,5개 특징 유지,"log10_delta_Q_var,delta_Q_min,qd_initial_median,qd_fraction_change,early_drop_per100",7.1076507084639955,0.23054881245601005,7.095318284500225,59.24378335377131,82.18145491845335,0.6756119869502342,-23.456440867435795,53.57142857142857,0,-1.3128982940505383,-7.810233310751904,-6.300844035905101
15,mae_raw_minus_early_drop_per100_a0.01,mae_raw,early_drop_per100,초기 감소 속도 제거,0.01,"log10_delta_Q_var,delta_Q_min,qd_initial_median,qd_fraction_change",8.420549002514534,3.381522830310248,8.258735006394092,67.05401666452322,88.48229895435846,0.623963551528228,-11.99482074455217,50.0,0,2,mape_raw_minus_early_drop_per100_a0.01,mape_raw,초기 감소 속도 제거,"log10_delta_Q_var,delta_Q_min,qd_initial_median,qd_fraction_change",7.1076507084639955,0.23054881245601005,7.095318284500225,59.24378335377131,82.18145491845335,0.6756119869502342,-23.456440867435795,53.57142857142857,0,-1.3128982940505383,-7.810233310751904,-6.300844035905101
19,mae_raw_minus_qd_fraction_change_a0.01,mae_raw,qd_fraction_change,용량 변화율 제거,0.01,"log10_delta_Q_var,delta_Q_min,qd_initial_median,early_drop_per100",8.476875688482568,3.4450988684273187,8.310940865880408,67.49018165519462,88.81234122441252,0.6211530597545418,-12.945836326299371,50.0,0,5,mape_raw_minus_qd_fraction_change_a0.01,mape_raw,용량 변화율 제거,"log10_delta_Q_var,delta_Q_min,qd_initial_median,early_drop_per100",7.144651562073902,0.26257175490754314,7.130600653207873,59.57193123903263,82.78193186629636,0.6708542431693364,-23.753220357342112,57.14285714285714,0,-1.3322241264086667,-7.918250416161989,-6.0304093581161595
24,mae_raw_full_a0.1,mae_raw,none,5개 특징 유지,0.1,"log10_delta_Q_var,delta_Q_min,qd_initial_median,qd_fraction_change,early_drop_per100",8.998066185853855,1.3088268625811577,8.959666520037365,73.73207691015071,92.97667932041952,0.5847924817801142,-19.05765671042093,53.57142857142857,0,16,mape_raw_full_a0.1,mape_raw,5개 특징 유지,"log10_delta_Q_var,delta_Q_min,qd_initial_median,qd_fraction_change,early_drop_per100",8.436929731119005,1.31081346115211,8.429944387831046,71.49703239929286,93.25026368884141,0.5823453861565457,-29.548303318995174,53.57142857142857,0,-0.5611364547348501,-2.235044510857847,0.2735843684218935
25,mae_raw_minus_qd_fraction_change_a0.1,mae_raw,qd_fraction_change,용량 변화율 제거,0.1,"log10_delta_Q_var,delta_Q_min,qd_initial_median,early_drop_per100",8.998066185853855,1.3088268625811577,8.959666520037365,73.73207691015071,92.97667932041952,0.5847924817801142,-19.05765671042093,53.57142857142857,0,17,mape_raw_minus_qd_fraction_change_a0.1,mape_raw,용량 변화율 제거,"log10_delta_Q_var,delta_Q_min,qd_initial_median,early_drop_per100",8.436929731119005,1.31081346115211,8.429944387831046,71.49703239929286,93.25026368884141,0.5823453861565457,-29.548303318995174,53.57142857142857,0,-0.5611364547348501,-2.235044510857847,0.2735843684218935
26,mae_raw_minus_early_drop_per100_a0.1,mae_raw,early_drop_per100,초기 감소 속도 제거,0.1,"log10_delta_Q_var,delta_Q_min,qd_initial_median,qd_fraction_change",8.998066185853855,1.3088268625811577,8.959666520037365,73.73207691015071,92.97667932041952,0.5847924817801142,-19.05765671042093,53.57142857142857,0,18,mape_raw_minus_early_drop_per100_a0.1,mape_raw,초기 감소 속도 제거,"log10_delta_Q_var,delta_Q_min,qd_initial_median,qd_fraction_change",8.438345722148645,1.3123967530179406,8.43146152107709,71.49177664858608,93.16848222492911,0.5830776399135944,-29.426965632583894,53.57142857142857,0,-0.5597204637052098,-2.2403002615646272,0.19180290450958637
27,mae_raw_minus_delta_Q_min_a0.1,mae_raw,delta_Q_min,ΔQ 최솟값 제거,0.1,"log10_delta_Q_var,qd_initial_median,qd_fraction_change,early_drop_per100",9.173244433981733,1.6237462160237248,9.147168668022275,75.13903607410042,92.0612501382539,0.5929283266526271,-18.650162454926573,53.57142857142857,0,23,mape_raw_minus_delta_Q_min_a0.1,mape_raw,ΔQ 최솟값 제거,"log10_delta_Q_var,qd_initial_median,qd_fraction_change,early_drop_per100",8.92662075397748,2.2396715318648317,8.882711598218004,73.0087974143564,89.0001698961778,0.6195489231503334,-27.19816979874897,53.57142857142857,0,-0.2466236800042534,-2.1302386597440233,-3.061080242076102
28,mae_raw_minus_early_drop_per100_a0,mae_raw,early_drop_per100,초기 감소 속도 제거,0.0,"log10_delta_Q_var,delta_Q_min,qd_initial_median,qd_fraction_change",9.21433171210626,3.2487083994869765,9.104498444140464,73.52597829945265,95.47739323006194,0.5621571594540342,-10.494630617233835,50.0,0,20,mape_raw_minus_early_drop_per100_a0,mape_raw,초기 감소 속도 제거,"log10_delta_Q_var,delta_Q_min,qd_initial_median,qd_fraction_change",8.841648987433633,3.176586712088598,8.684670210031019,70.6104117545049,93.15600374125391,0.5831893130961687,-20.133459792616595,53.57142857142857,0,-0.372682724672627,-2.915566544947751,-2.3213894888080233
29,mae_raw_minus_qd_fraction_change_a0,mae_raw,qd_fraction_change,용량 변화율 제거,0.0,"log10_delta_Q_var,delta_Q_min,qd_initial_median,early_drop_per100",9.368280874670372,3.449827646615665,9.24774820961489,74.6817591156416,97.08919001914468,0.5472495379660496,-10.216534972167315,50.0,0,21,mape_raw_minus_qd_fraction_change_a0,mape_raw,용량 변화율 제거,"log10_delta_Q_var,delta_Q_min,qd_initial_median,early_drop_per100",8.87265583443716,3.2511659424735293,8.717541127976276,71.07384450286486,94.04834764465683,0.5751657855782812,-21.88037498741372,53.57142857142857,0,-0.49562504023321274,-3.6079146127767387,-3.040842374487852
33,mae_raw_minus_qd_initial_median_a0,mae_raw,qd_initial_median,초기 용량 제거,0.0,"log10_delta_Q_var,delta_Q_min,qd_fraction_change,early_drop_per100",10.491889050967718,2.7104266978437157,10.330907598793734,85.09085493807098,105.48748895897354,0.46553526466610584,-10.904892419883632,46.42857142857143,0,32,mape_raw_minus_qd_initial_median_a0,mape_raw,초기 용량 제거,"log10_delta_Q_var,delta_Q_min,qd_fraction_change,early_drop_per100",9.820856993485373,2.290920079285987,9.702473600161712,81.42526437287857,106.14723001752972,0.45882904808507874,-24.340779701359395,60.71428571428571,0,-0.6710320574823445,-3.665590565192403,0.6597410585561789
34,mae_raw_minus_qd_initial_median_a0.1,mae_raw,qd_initial_median,초기 용량 제거,0.1,"log10_delta_Q_var,delta_Q_min,qd_fraction_change,early_drop_per100",10.529890795205482,1.665437605089185,10.434587828433719,85.6321407206673,106.24690721566667,0.4578122013636452,-15.404347861905526,50.0,0,30,mape_raw_minus_qd_initial_median_a0.1,mape_raw,초기 용량 제거,"log10_delta_Q_var,delta_Q_min,qd_fraction_change,early_drop_per100",9.483582250935548,2.4769775015227675,9.358456427472829,78.34771382958321,101.55797337524488,0.5046123243840474,-28.700485645469715,53.57142857142857,0,-1.0463085442699338,-7.284426891084081,-4.688933840421782
35,mae_raw_minus_qd_initial_median_a0.01,mae_raw,qd_initial_median,초기 용량 제거,0.01,"log10_delta_Q_var,delta_Q_min,qd_fraction_change,early_drop_per100",10.696184968667666,2.13341083773924,10.632051736216681,86.37623749782288,106.49657604613206,0.45526104111712085,1.1247740808283189,42.857142857142854,0,22,mape_raw_minus_qd_initial_median_a0.01,mape_raw,초기 용량 제거,"log10_delta_Q_var,delta_Q_min,qd_fraction_change,early_drop_per100",8.918948287583316,2.4143871861631427,8.80146847489967,73.35977895572549,94.6596632378499,0.5696249794195618,-23.953297333011143,53.57142857142857,0,-1.77723668108435,-13.016458542097396,-11.836912808282165
