experiment,split,candidate,regime,fold,n,mape_pct
early_progress,protocol29,core_raw_ols,normal,1.0,6,6.0506284233735
early_progress,protocol29,core_raw_ols,normal,2.0,6,7.078347193464526
early_progress,protocol29,core_raw_ols,normal,3.0,6,7.640525877599534
early_progress,protocol29,core_raw_ols,normal,4.0,6,11.038938365792117
early_progress,protocol29,core_raw_ols,normal,5.0,5,7.837979949065751
early_progress,protocol29,core_raw_ols,stress,0.2,6,9.91103951806947
early_progress,protocol29,core_raw_ols,stress,0.3,9,15.556788075321183
early_progress,protocol29,progress_raw_ols,normal,1.0,6,5.947327327355594
early_progress,protocol29,progress_raw_ols,normal,2.0,6,7.2175507689971985
early_progress,protocol29,progress_raw_ols,normal,3.0,6,7.214354157863863
early_progress,protocol29,progress_raw_ols,normal,4.0,6,13.747668304993956
early_progress,protocol29,progress_raw_ols,normal,5.0,5,7.550303497269488
early_progress,protocol29,progress_raw_ols,stress,0.2,6,9.789078585146775
early_progress,protocol29,progress_raw_ols,stress,0.3,9,15.215562651094375
early_progress,historical28,core_raw_ols,normal,1.0,6,8.541388902992729
early_progress,historical28,core_raw_ols,normal,2.0,6,7.44270149476221
early_progress,historical28,core_raw_ols,normal,3.0,6,9.363022592749266
early_progress,historical28,core_raw_ols,normal,4.0,5,9.308929774011675
early_progress,historical28,core_raw_ols,normal,5.0,5,11.766677078466492
early_progress,historical28,core_raw_ols,stress,0.2,6,13.081076497023062
early_progress,historical28,core_raw_ols,stress,0.3,9,18.55949313298695
early_progress,historical28,progress_raw_ols,normal,1.0,6,8.66203321092237
early_progress,historical28,progress_raw_ols,normal,2.0,6,7.44898117975445
early_progress,historical28,progress_raw_ols,normal,3.0,6,9.503130433181664
early_progress,historical28,progress_raw_ols,normal,4.0,5,9.275383668617325
early_progress,historical28,progress_raw_ols,normal,5.0,5,13.428852213819903
early_progress,historical28,progress_raw_ols,stress,0.2,6,13.456948291614692
early_progress,historical28,progress_raw_ols,stress,0.3,9,19.270801476590936
shortlife_objective,protocol29,baseline,normal,1.0,6,6.0506284233735
shortlife_objective,protocol29,baseline,normal,2.0,6,7.078347193464526
shortlife_objective,protocol29,baseline,normal,3.0,6,7.640525877599534
shortlife_objective,protocol29,baseline,normal,4.0,6,11.038938365792117
shortlife_objective,protocol29,baseline,normal,5.0,5,7.837979949065751
shortlife_objective,protocol29,baseline,stress,0.2,6,9.91103951806947
shortlife_objective,protocol29,baseline,stress,0.3,9,15.556788075321183
shortlife_objective,protocol29,inverse,normal,1.0,6,5.828235782445091
shortlife_objective,protocol29,inverse,normal,2.0,6,7.022152218295556
shortlife_objective,protocol29,inverse,normal,3.0,6,8.550297076715795
shortlife_objective,protocol29,inverse,normal,4.0,6,10.167492666549114
shortlife_objective,protocol29,inverse,normal,5.0,5,10.557400596557803
shortlife_objective,protocol29,inverse,stress,0.2,6,12.160070215334002
shortlife_objective,protocol29,inverse,stress,0.3,9,16.267888303514084
shortlife_objective,protocol29,q50,normal,1.0,6,6.209877222882127
shortlife_objective,protocol29,q50,normal,2.0,6,6.4153989354972
shortlife_objective,protocol29,q50,normal,3.0,6,7.293383416994597
shortlife_objective,protocol29,q50,normal,4.0,6,10.640332839010174
shortlife_objective,protocol29,q50,normal,5.0,5,7.337525649963467
shortlife_objective,protocol29,q50,stress,0.2,6,9.292625172796164
shortlife_objective,protocol29,q50,stress,0.3,9,13.297458810741997
shortlife_objective,protocol29,q30,normal,1.0,6,6.80389303249989
shortlife_objective,protocol29,q30,normal,2.0,6,8.622765492341816
shortlife_objective,protocol29,q30,normal,3.0,6,8.142161086927304
shortlife_objective,protocol29,q30,normal,4.0,6,11.29400879124703
shortlife_objective,protocol29,q30,normal,5.0,5,7.252476545808649
shortlife_objective,protocol29,q30,stress,0.2,6,3.1024244006196193
shortlife_objective,protocol29,q30,stress,0.3,9,11.068305136697123
shortlife_objective,historical28,baseline,normal,1.0,6,8.541388902992729
shortlife_objective,historical28,baseline,normal,2.0,6,7.44270149476221
shortlife_objective,historical28,baseline,normal,3.0,6,9.363022592749266
shortlife_objective,historical28,baseline,normal,4.0,5,9.308929774011675
shortlife_objective,historical28,baseline,normal,5.0,5,11.766677078466492
shortlife_objective,historical28,baseline,stress,0.2,6,13.081076497023062
shortlife_objective,historical28,baseline,stress,0.3,9,18.55949313298695
shortlife_objective,historical28,inverse,normal,1.0,6,9.11555954520696
shortlife_objective,historical28,inverse,normal,2.0,6,7.684886704507625
shortlife_objective,historical28,inverse,normal,3.0,6,8.903525117268492
shortlife_objective,historical28,inverse,normal,4.0,5,7.843779765086569
shortlife_objective,historical28,inverse,normal,5.0,5,13.11744386676668
shortlife_objective,historical28,inverse,stress,0.2,6,15.05432899246902
shortlife_objective,historical28,inverse,stress,0.3,9,19.73664980820506
shortlife_objective,historical28,q50,normal,1.0,6,8.844079096354571
shortlife_objective,historical28,q50,normal,2.0,6,7.4882999316870995
shortlife_objective,historical28,q50,normal,3.0,6,12.826524140151792
shortlife_objective,historical28,q50,normal,4.0,5,8.630453542567226
shortlife_objective,historical28,q50,normal,5.0,5,12.149129945441349
shortlife_objective,historical28,q50,stress,0.2,6,12.784618473091772
shortlife_objective,historical28,q50,stress,0.3,9,15.222106853125524
shortlife_objective,historical28,q30,normal,1.0,6,11.612599485858038
shortlife_objective,historical28,q30,normal,2.0,6,8.860906419132856
shortlife_objective,historical28,q30,normal,3.0,6,6.8843656953125105
shortlife_objective,historical28,q30,normal,4.0,5,8.159820854879209
shortlife_objective,historical28,q30,normal,5.0,5,13.25645717842066
shortlife_objective,historical28,q30,stress,0.2,6,7.2778265009108685
shortlife_objective,historical28,q30,stress,0.3,9,12.747378957143326
