experiment,split,candidate,evaluation,segment,n,mape_pct,mae,rmse,bias_cycles,mean_positive_overprediction,overprediction_pct,uses_external_inputs
scaling,historical28,baseline,Holdout,all,8,6.438609783784506,54.95794857693046,67.98636540994218,-24.47934382252994,15.23930237720026,37.5,False
scaling,historical28,baseline,Holdout,other_ge500,8,6.438609783784506,54.95794857693046,67.98636540994218,-24.47934382252994,15.23930237720026,37.5,False
scaling,historical28,y_standard,Holdout,all,8,6.438609783784506,54.95794857693046,67.98636540994218,-24.47934382252994,15.23930237720026,37.5,False
scaling,historical28,y_standard,Holdout,other_ge500,8,6.438609783784506,54.95794857693046,67.98636540994218,-24.47934382252994,15.23930237720026,37.5,False
scaling,historical28,y_log,Holdout,all,8,6.348694549978163,54.87897530876782,68.23815386198041,-29.29847870697182,12.790248300898,37.5,False
scaling,historical28,y_log,Holdout,other_ge500,8,6.348694549978163,54.87897530876782,68.23815386198041,-29.29847870697182,12.790248300898,37.5,False
scaling,historical28,y_sqrt,Holdout,all,8,6.399718561448334,54.98177927154262,68.025119373112,-26.835728455604084,14.073025407969268,37.5,False
scaling,historical28,y_sqrt,Holdout,other_ge500,8,6.399718561448334,54.98177927154262,68.025119373112,-26.835728455604084,14.073025407969268,37.5,False
scaling,historical28,relative_q,Holdout,all,8,6.1967191306099245,52.74307302409616,65.23856632656607,-22.884646110004752,14.929213457045705,25.0,False
scaling,historical28,relative_q,Holdout,other_ge500,8,6.1967191306099245,52.74307302409616,65.23856632656607,-22.884646110004752,14.929213457045705,25.0,False
scaling,historical28,coral_spread,Holdout,all,8,6.606874746313606,56.51371315591251,69.78366592092041,-23.85833965020322,16.327686752854646,37.5,True
scaling,historical28,coral_spread,Holdout,other_ge500,8,6.606874746313606,56.51371315591251,69.78366592092041,-23.85833965020322,16.327686752854646,37.5,True
scaling,historical28,coral_full,Holdout,all,8,6.4839264023761745,53.59482999758279,66.1021100795395,-8.303571428571416,22.645629284505688,50.0,True
scaling,historical28,coral_full,Holdout,other_ge500,8,6.4839264023761745,53.59482999758279,66.1021100795395,-8.303571428571416,22.645629284505688,50.0,True
scaling,historical28,coral_half,Holdout,all,8,6.381452679077263,53.768655765079146,66.5067470815595,-16.233168136112866,18.76774381448314,37.5,True
scaling,historical28,coral_half,Holdout,other_ge500,8,6.381452679077263,53.768655765079146,66.5067470815595,-16.233168136112866,18.76774381448314,37.5,True
scaling,historical28,robust,Holdout,all,8,8.180875132786863,59.176588297387546,66.69234041214006,-23.12794393045558,18.024322183465983,37.5,True
scaling,historical28,robust,Holdout,other_ge500,8,8.180875132786863,59.176588297387546,66.69234041214006,-23.12794393045558,18.024322183465983,37.5,True
scaling,historical28,quantile,Holdout,all,8,7.368070346947275,57.47446726199651,67.42733770249565,-5.5883625695342545,25.943052346231127,50.0,True
scaling,historical28,quantile,Holdout,other_ge500,8,7.368070346947275,57.47446726199651,67.42733770249565,-5.5883625695342545,25.943052346231127,50.0,True
scaling,historical28,importance,Holdout,all,8,6.454670105507516,54.898003981317586,67.52232305233288,-24.573896944827837,15.162053518244875,25.0,True
scaling,historical28,importance,Holdout,other_ge500,8,6.454670105507516,54.898003981317586,67.52232305233288,-24.573896944827837,15.162053518244875,25.0,True
scaling,historical28,baseline,Batch2,all,39,26.185678706573032,131.48055527548883,152.5112918990505,119.48539602658992,125.48297565103937,89.74358974358975,False
scaling,historical28,baseline,Batch2,short_lt500,28,29.389224873236156,130.50101479314282,149.58888475516397,130.50101479314282,130.50101479314282,100.0,False
scaling,historical28,baseline,Batch2,other_ge500,11,18.03119755506688,133.97393104873322,159.7090273897997,91.44563916627335,112.70978510750328,63.63636363636363,False
scaling,historical28,y_standard,Batch2,all,39,26.185678706573025,131.4805552754888,152.51129189905043,119.48539602658984,125.48297565103937,89.74358974358975,False
scaling,historical28,y_standard,Batch2,short_lt500,28,29.389224873236145,130.5010147931428,149.58888475516392,130.5010147931428,130.5010147931428,100.0,False
scaling,historical28,y_standard,Batch2,other_ge500,11,18.031197555066875,133.97393104873322,159.7090273897997,91.44563916627332,112.70978510750328,63.63636363636363,False
scaling,historical28,y_log,Batch2,all,39,28.619847562347502,142.15888836489424,160.62357218183408,135.95525944777566,139.05707390633492,92.3076923076923,False
scaling,historical28,y_log,Batch2,short_lt500,28,32.54453649709631,144.2046231394326,155.23355429711796,144.2046231394326,144.2046231394326,100.0,False
scaling,historical28,y_log,Batch2,other_ge500,11,18.62973027389599,136.9515634842512,173.59005183205363,114.95687914173965,125.95422131299543,72.72727272727273,False
scaling,historical28,y_sqrt,Batch2,all,39,27.571423445704276,137.4733734092792,156.17840361608336,128.05623051092238,132.76480196010078,92.3076923076923,False
scaling,historical28,y_sqrt,Batch2,short_lt500,28,31.241475286489425,138.5500436706487,152.62400950707357,138.5500436706487,138.5500436706487,100.0,False
scaling,historical28,y_sqrt,Batch2,other_ge500,11,18.22947330552389,134.73275819852032,164.88055861530177,101.34470610434614,118.03873215143322,72.72727272727273,False
scaling,historical28,relative_q,Batch2,all,39,26.767143080589886,134.63085944045943,155.89693833951682,123.6507916890087,129.1408255647341,92.3076923076923,False
scaling,historical28,relative_q,Batch2,short_lt500,28,29.954383988591076,133.19698356329394,151.7885865748719,133.19698356329394,133.19698356329394,100.0,False
scaling,historical28,relative_q,Batch2,other_ge500,11,18.65416622385957,138.2807253096081,165.89609550960245,99.35139419082826,118.81605975021817,72.72727272727273,False
scaling,historical28,coral_spread,Batch2,all,39,43.330495473487794,209.9532770975665,219.80415965203224,170.6542696895573,190.3037733935619,87.17948717948718,True
scaling,historical28,coral_spread,Batch2,short_lt500,28,52.960423991933304,235.03502926289525,238.674818538352,235.03502926289525,235.03502926289525,100.0,True
scaling,historical28,coral_spread,Batch2,other_ge500,11,18.8179501538083,146.10881704036592,162.14531734114865,6.77597259378799,76.44239481707694,54.54545454545454,True
scaling,historical28,coral_full,Batch2,all,39,50.03891091695208,239.08262192781638,251.43362771238725,209.82821618541067,224.45541905661352,87.17948717948718,True
scaling,historical28,coral_full,Batch2,short_lt500,28,61.72946792803064,274.2089757587486,277.33511571809146,274.2089757587486,274.2089757587486,100.0,True
scaling,historical28,coral_full,Batch2,other_ge500,11,20.28112943420664,149.67008490362537,168.39413646387638,45.94991908964136,97.81000199663335,54.54545454545454,True
scaling,historical28,coral_half,Batch2,all,39,42.13029520512995,203.36256884394825,214.52866411244457,179.9117626346469,191.63716573929761,89.74358974358975,True
scaling,historical28,coral_half,Batch2,short_lt500,28,51.02020096615901,226.62099332091287,232.28566775630483,226.62099332091287,226.62099332091287,100.0,True
scaling,historical28,coral_half,Batch2,other_ge500,11,19.501444177056,144.15930653894745,160.7068706030116,61.01553906960626,102.58742280427686,63.63636363636363,True
scaling,historical28,robust,Batch2,all,39,56.45055781961279,267.8490634929278,282.319516597832,242.96282173184125,255.40594261238454,89.74358974358975,True
scaling,historical28,robust,Batch2,short_lt500,28,70.01675163168294,311.17577700952336,313.69903192786677,311.17577700952336,311.17577700952336,100.0,True
scaling,historical28,robust,Batch2,other_ge500,11,21.918428116161454,157.562883632503,179.1570552539271,69.32984466137752,113.44636414694027,63.63636363636363,True
scaling,historical28,quantile,Batch2,all,39,51.93961562075675,248.89585365822657,267.3217043594018,213.6750512566464,231.28545245743646,87.17948717948718,True
scaling,historical28,quantile,Batch2,short_lt500,28,63.485418648661415,282.46666145775913,291.8415505574251,282.46666145775913,282.46666145775913,100.0,True
scaling,historical28,quantile,Batch2,other_ge500,11,22.55029882245392,163.4428883503257,191.20981183308064,38.56913438108699,101.00601136570634,54.54545454545454,True
scaling,historical28,importance,Batch2,all,39,25.628215367605797,128.96804759360037,151.2242302421653,117.85638803269707,123.41221781314871,89.74358974358975,True
scaling,historical28,importance,Batch2,short_lt500,28,28.606083878209624,127.03466937348001,147.12092937665534,126.93016026128517,126.98241481738259,96.42857142857143,True
scaling,historical28,importance,Batch2,other_ge500,11,18.04818643152333,133.88937397208852,161.19836582266043,94.75951326901813,114.32444362055334,72.72727272727273,True
scaling,historical28,baseline,Batch3,all,44,11.939105617509647,147.08318531998518,244.17176273926344,-74.12417944330463,36.47950293834028,50.0,False
scaling,historical28,baseline,Batch3,other_ge500,44,11.939105617509647,147.08318531998518,244.17176273926344,-74.12417944330463,36.47950293834028,50.0,False
scaling,historical28,y_standard,Batch3,all,44,11.939105617509643,147.08318531998518,244.17176273926341,-74.12417944330464,36.47950293834027,50.0,False
scaling,historical28,y_standard,Batch3,other_ge500,44,11.939105617509643,147.08318531998518,244.17176273926341,-74.12417944330464,36.47950293834027,50.0,False
scaling,historical28,y_log,Batch3,all,44,12.351942559624932,149.0051837971744,232.31430047077478,-38.58296144375908,55.21111117670766,54.54545454545454,False
scaling,historical28,y_log,Batch3,other_ge500,44,12.351942559624932,149.0051837971744,232.31430047077478,-38.58296144375908,55.21111117670766,54.54545454545454,False
scaling,historical28,y_sqrt,Batch3,all,44,12.014201585572785,146.68488365997058,236.08326522971436,-59.98891303463767,43.34798531266647,50.0,False
scaling,historical28,y_sqrt,Batch3,other_ge500,44,12.014201585572785,146.68488365997058,236.08326522971436,-59.98891303463767,43.34798531266647,50.0,False
scaling,historical28,relative_q,Batch3,all,44,11.823074238597599,146.28040145378625,243.23535349777964,-76.45080955926574,34.91479594726025,50.0,False
scaling,historical28,relative_q,Batch3,other_ge500,44,11.823074238597599,146.28040145378625,243.23535349777964,-76.45080955926574,34.91479594726025,50.0,False
scaling,historical28,coral_spread,Batch3,all,44,13.338315677061972,168.41261743276712,270.954919511696,-117.20766892573947,25.602474253513822,34.090909090909086,True
scaling,historical28,coral_spread,Batch3,other_ge500,44,13.338315677061972,168.41261743276712,270.954919511696,-117.20766892573947,25.602474253513822,34.090909090909086,True
scaling,historical28,coral_full,Batch3,all,44,23.395849029594856,281.3862247638623,371.7226591381826,-280.1763811676095,0.6049217981264121,4.545454545454546,True
scaling,historical28,coral_full,Batch3,other_ge500,44,23.395849029594856,281.3862247638623,371.7226591381826,-280.1763811676095,0.6049217981264121,4.545454545454546,True
scaling,historical28,coral_half,Batch3,all,44,15.830521823203243,201.4856253874499,304.90436784398213,-189.65924335337738,5.913191017036246,15.909090909090908,True
scaling,historical28,coral_half,Batch3,other_ge500,44,15.830521823203243,201.4856253874499,304.90436784398213,-189.65924335337738,5.913191017036246,15.909090909090908,True
scaling,historical28,robust,Batch3,all,44,24.953031275421473,280.46043302803076,355.74802813693526,-277.47080220455587,1.4948154117374615,4.545454545454546,True
scaling,historical28,robust,Batch3,other_ge500,44,24.953031275421473,280.46043302803076,355.74802813693526,-277.47080220455587,1.4948154117374615,4.545454545454546,True
scaling,historical28,quantile,Batch3,all,44,23.661870353256294,283.257187030763,367.14096333104027,-279.028972756335,2.1141071372139777,6.8181818181818175,True
scaling,historical28,quantile,Batch3,other_ge500,44,23.661870353256294,283.257187030763,367.14096333104027,-279.028972756335,2.1141071372139777,6.8181818181818175,True
scaling,historical28,importance,Batch3,all,44,12.137738246279037,150.9347889202469,251.96835285634194,-86.9210642310402,32.00686234460334,38.63636363636363,True
scaling,historical28,importance,Batch3,other_ge500,44,12.137738246279037,150.9347889202469,251.96835285634194,-86.9210642310402,32.00686234460334,38.63636363636363,True
scaling,protocol29,baseline,Holdout,all,7,10.728067954796094,88.26959940963506,96.28951463328627,-18.454305957866204,34.90764672588443,42.857142857142854,False
scaling,protocol29,baseline,Holdout,other_ge500,7,10.728067954796094,88.26959940963506,96.28951463328627,-18.454305957866204,34.90764672588443,42.857142857142854,False
scaling,protocol29,y_standard,Holdout,all,7,10.72806795479609,88.26959940963503,96.28951463328627,-18.454305957866236,34.9076467258844,42.857142857142854,False
scaling,protocol29,y_standard,Holdout,other_ge500,7,10.72806795479609,88.26959940963503,96.28951463328627,-18.454305957866236,34.9076467258844,42.857142857142854,False
scaling,protocol29,y_log,Holdout,all,7,9.735005769602262,80.42203160283775,88.8476376752099,-20.51334774262216,29.954341930107798,42.857142857142854,False
scaling,protocol29,y_log,Holdout,other_ge500,7,9.735005769602262,80.42203160283775,88.8476376752099,-20.51334774262216,29.954341930107798,42.857142857142854,False
scaling,protocol29,y_sqrt,Holdout,all,7,10.260035217404269,84.65155319937854,92.78001277227915,-19.81441016374973,32.41857151781441,42.857142857142854,False
scaling,protocol29,y_sqrt,Holdout,other_ge500,7,10.260035217404269,84.65155319937854,92.78001277227915,-19.81441016374973,32.41857151781441,42.857142857142854,False
scaling,protocol29,relative_q,Holdout,all,7,10.393523739171439,85.21753636308266,93.6309572819493,-16.150127531886337,34.53370441559816,42.857142857142854,False
scaling,protocol29,relative_q,Holdout,other_ge500,7,10.393523739171439,85.21753636308266,93.6309572819493,-16.150127531886337,34.53370441559816,42.857142857142854,False
scaling,protocol29,coral_spread,Holdout,all,7,9.575415038155617,77.31145035850444,86.27119617388097,-10.827926071706575,33.24176214339894,42.857142857142854,True
scaling,protocol29,coral_spread,Holdout,other_ge500,7,9.575415038155617,77.31145035850444,86.27119617388097,-10.827926071706575,33.24176214339894,42.857142857142854,True
scaling,protocol29,coral_full,Holdout,all,7,11.068304740474076,100.25586855845859,114.64175059097147,-76.2709359605911,11.992466298933746,28.57142857142857,True
scaling,protocol29,coral_full,Holdout,other_ge500,7,11.068304740474076,100.25586855845859,114.64175059097147,-76.2709359605911,11.992466298933746,28.57142857142857,True
scaling,protocol29,coral_half,Holdout,all,7,10.372948646489359,90.26835101179503,101.09209476950969,-45.573991751298,22.347179630248515,28.57142857142857,True
scaling,protocol29,coral_half,Holdout,other_ge500,7,10.372948646489359,90.26835101179503,101.09209476950969,-45.573991751298,22.347179630248515,28.57142857142857,True
scaling,protocol29,robust,Holdout,all,7,11.090164209386035,94.93457601065127,105.07871484134547,-37.14518554606408,28.894695232293593,42.857142857142854,True
scaling,protocol29,robust,Holdout,other_ge500,7,11.090164209386035,94.93457601065127,105.07871484134547,-37.14518554606408,28.894695232293593,42.857142857142854,True
scaling,protocol29,quantile,Holdout,all,7,13.290612441509136,115.50719266260958,122.06100621560182,-73.4025067079801,21.052342977314748,28.57142857142857,True
scaling,protocol29,quantile,Holdout,other_ge500,7,13.290612441509136,115.50719266260958,122.06100621560182,-73.4025067079801,21.052342977314748,28.57142857142857,True
scaling,protocol29,importance,Holdout,all,7,11.819562589789939,97.97582389049843,105.69695509275259,-22.285616306585194,37.84510379195662,42.857142857142854,True
scaling,protocol29,importance,Holdout,other_ge500,7,11.819562589789939,97.97582389049843,105.69695509275259,-22.285616306585194,37.84510379195662,42.857142857142854,True
scaling,protocol29,baseline,Batch2,all,39,28.684865198371092,142.7570358066065,159.82524425398853,127.79851157576152,135.277773691184,89.74358974358975,False
scaling,protocol29,baseline,Batch2,short_lt500,28,32.83652296778446,145.80089377870027,161.13196057085366,145.80089377870027,145.80089377870027,100.0,False
scaling,protocol29,baseline,Batch2,other_ge500,11,18.11700905804614,135.00903369582227,156.44981630647771,81.97426596828103,108.49164983205165,63.63636363636363,False
scaling,protocol29,y_standard,Batch2,all,39,28.684865198371078,142.75703580660644,159.82524425398847,127.79851157576144,135.27777369118397,89.74358974358975,False
scaling,protocol29,y_standard,Batch2,short_lt500,28,32.83652296778444,145.80089377870016,161.1319605708536,145.80089377870016,145.80089377870016,100.0,False
scaling,protocol29,y_standard,Batch2,other_ge500,11,18.117009058046133,135.00903369582224,156.44981630647766,81.97426596828095,108.49164983205159,63.63636363636363,False
scaling,protocol29,y_log,Batch2,all,39,30.029860052706763,148.35822761240314,165.14991757190586,140.78837782721408,144.57330271980862,92.3076923076923,False
scaling,protocol29,y_log,Batch2,short_lt500,28,34.515326846272174,152.98243535185588,162.99980793828584,152.98243535185588,152.98243535185588,100.0,False
scaling,protocol29,y_log,Batch2,other_ge500,11,18.61230821454029,136.58751700288695,170.5006181872501,109.74895867358038,123.16823783823367,72.72727272727273,False
scaling,protocol29,y_sqrt,Batch2,all,39,29.416791900079872,145.60363981684424,161.9971737379859,134.18281458445693,139.89322720065064,89.74358974358975,False
scaling,protocol29,y_sqrt,Batch2,short_lt500,28,33.8325628846338,150.07157457776552,162.214200901877,150.07157457776552,150.07157457776552,100.0,False
scaling,protocol29,y_sqrt,Batch2,other_ge500,11,18.17664757576076,134.23071497086292,161.44342448000614,93.73869823785327,113.9847066043581,63.63636363636363,False
scaling,protocol29,relative_q,Batch2,all,39,29.13955762698178,145.0808283106017,162.75637407839804,131.59955907312278,138.3401936918623,89.74358974358975,False
scaling,protocol29,relative_q,Batch2,short_lt500,28,33.29094703776907,147.9945586715209,163.02546825744344,147.9945586715209,147.9945586715209,100.0,False
scaling,protocol29,relative_q,Batch2,other_ge500,11,18.572384581341417,137.66406011917118,162.06939097668982,89.86683282265498,113.76544647091309,63.63636363636363,False
scaling,protocol29,coral_spread,Batch2,all,39,43.37059020127669,210.41901250079127,220.45645917901854,167.9476169753814,189.18331473808635,87.17948717948718,True
scaling,protocol29,coral_spread,Batch2,short_lt500,28,53.06547829044322,235.4594193115963,238.83825723609502,235.4594193115963,235.4594193115963,100.0,True
scaling,protocol29,coral_spread,Batch2,other_ge500,11,18.692693247034608,146.67979516419658,164.65307826627424,-3.9006071531655895,71.3895940055155,54.54545454545454,True
scaling,protocol29,coral_full,Batch2,all,39,48.43154299739881,232.39472948049706,243.72394110749127,197.5011673963651,214.94794843843107,87.17948717948718,True
scaling,protocol29,coral_full,Batch2,short_lt500,28,59.68100736757376,265.01296973258,268.01949388710943,265.01296973258,265.01296973258,100.0,True
scaling,protocol29,coral_full,Batch2,other_ge500,11,19.796542782408025,149.36648156610426,166.59380223975444,25.652943267818078,87.50971241696116,54.54545454545454,True
scaling,protocol29,coral_half,Batch2,all,39,41.81242511103712,202.11923284649086,212.60484567339358,174.31617323752738,188.2177030420091,87.17948717948718,True
scaling,protocol29,coral_half,Batch2,short_lt500,28,50.751803642424576,225.35979938901005,230.5259010596525,225.35979938901005,225.35979938901005,100.0,True
scaling,protocol29,coral_half,Batch2,other_ge500,11,19.057643394778154,142.96142710189648,158.0709409457667,44.386943033753184,93.67418506782484,54.54545454545454,True
scaling,protocol29,robust,Batch2,all,39,55.77963455732937,265.0753487117585,279.3197420693024,232.6090412456802,248.84219497871933,87.17948717948718,True
scaling,protocol29,robust,Batch2,short_lt500,28,69.42587303604752,308.42704080753003,310.57360141302087,308.42704080753003,308.42704080753003,100.0,True
scaling,protocol29,robust,Batch2,other_ge500,11,21.043754793319597,154.72558701343075,176.32466981176086,39.617769633698636,97.17167832356468,54.54545454545454,True
scaling,protocol29,quantile,Batch2,all,39,50.504444124725275,242.93387400718368,260.77475143440427,202.43555943376057,222.68471672047215,87.17948717948718,True
scaling,protocol29,quantile,Batch2,short_lt500,28,61.77881047189449,274.90371780254895,284.29381400640744,274.90371780254895,274.90371780254895,100.0,True
scaling,protocol29,quantile,Batch2,other_ge500,11,21.806057059203614,161.55608980079944,188.07448556759294,17.971156313208407,89.76362305700393,54.54545454545454,True
scaling,protocol29,importance,Batch2,all,39,27.752106933375728,138.54284224626994,157.39983921735796,125.36530644871057,131.95407434749026,89.74358974358975,True
scaling,protocol29,importance,Batch2,short_lt500,28,31.517062642581177,139.95542269009925,156.84316568083338,139.95542269009925,139.95542269009925,100.0,True
scaling,protocol29,importance,Batch2,other_ge500,11,18.168583309943667,134.94718293470444,158.8080215109271,88.22682874335761,111.58700583903102,63.63636363636363,True
scaling,protocol29,baseline,Batch3,all,44,12.087278512022346,150.22014647034632,250.89725803716112,-85.66272121570795,32.278712627319194,38.63636363636363,False
scaling,protocol29,baseline,Batch3,other_ge500,44,12.087278512022346,150.22014647034632,250.89725803716112,-85.66272121570795,32.278712627319194,38.63636363636363,False
scaling,protocol29,y_standard,Batch3,all,44,12.087278512022344,150.22014647034632,250.8972580371611,-85.66272121570798,32.27871262731917,38.63636363636363,False
scaling,protocol29,y_standard,Batch3,other_ge500,44,12.087278512022344,150.22014647034632,250.8972580371611,-85.66272121570798,32.27871262731917,38.63636363636363,False
scaling,protocol29,y_log,Batch3,all,44,12.249456777993492,148.6073795455138,233.69313459701144,-45.91101232511865,51.34818361019757,52.27272727272727,False
scaling,protocol29,y_log,Batch3,other_ge500,44,12.249456777993492,148.6073795455138,233.69313459701144,-45.91101232511865,51.34818361019757,52.27272727272727,False
scaling,protocol29,y_sqrt,Batch3,all,44,11.969763648196864,147.37860104578522,240.77086006094532,-69.60740365967997,38.885598693052614,47.72727272727273,False
scaling,protocol29,y_sqrt,Batch3,other_ge500,44,11.969763648196864,147.37860104578522,240.77086006094532,-69.60740365967997,38.885598693052614,47.72727272727273,False
scaling,protocol29,relative_q,Batch3,all,44,11.964136158200722,149.2205701805542,249.766570686409,-87.27997510707678,30.970297536738713,38.63636363636363,False
scaling,protocol29,relative_q,Batch3,other_ge500,44,11.964136158200722,149.2205701805542,249.766570686409,-87.27997510707678,30.970297536738713,38.63636363636363,False
scaling,protocol29,coral_spread,Batch3,all,44,13.783177450392982,174.7676233781885,278.4365574162565,-128.00592664998982,23.380848364099332,34.090909090909086,True
scaling,protocol29,coral_spread,Batch3,other_ge500,44,13.783177450392982,174.7676233781885,278.4365574162565,-128.00592664998982,23.380848364099332,34.090909090909086,True
scaling,protocol29,coral_full,Batch3,all,44,24.424168139860253,293.1122007151232,383.1926399603185,-292.73742512952555,0.1873877927988226,2.272727272727273,True
scaling,protocol29,coral_full,Batch3,other_ge500,44,24.424168139860253,293.1122007151232,383.1926399603185,-292.73742512952555,0.1873877927988226,2.272727272727273,True
scaling,protocol29,coral_half,Batch3,all,44,16.6278176714485,211.1943499382645,314.76148821598565,-201.42987283760993,4.882238550327282,11.363636363636363,True
scaling,protocol29,coral_half,Batch3,other_ge500,44,16.6278176714485,211.1943499382645,314.76148821598565,-201.42987283760993,4.882238550327282,11.363636363636363,True
scaling,protocol29,robust,Batch3,all,44,24.81276994140277,285.49794307663547,364.0531280153072,-283.6659719072306,0.9159855847024558,4.545454545454546,True
scaling,protocol29,robust,Batch3,other_ge500,44,24.81276994140277,285.49794307663547,364.0531280153072,-283.6659719072306,0.9159855847024558,4.545454545454546,True
scaling,protocol29,quantile,Batch3,all,44,24.60863554282738,294.48027549620724,380.73143373462807,-291.88992323705486,1.2951761295761783,6.8181818181818175,True
scaling,protocol29,quantile,Batch3,other_ge500,44,24.60863554282738,294.48027549620724,380.73143373462807,-291.88992323705486,1.2951761295761783,6.8181818181818175,True
scaling,protocol29,importance,Batch3,all,44,14.735727924826286,186.27643677578214,291.4471239581211,-138.884782316018,23.69582722988208,34.090909090909086,True
scaling,protocol29,importance,Batch3,other_ge500,44,14.735727924826286,186.27643677578214,291.4471239581211,-138.884782316018,23.69582722988208,34.090909090909086,True
early_progress,protocol29,core_raw_ols,Holdout,all,7,10.728067954796094,88.26959940963506,96.28951463328627,-18.454305957866204,34.90764672588443,42.857142857142854,False
early_progress,protocol29,core_raw_ols,Holdout,other_ge500,7,10.728067954796094,88.26959940963506,96.28951463328627,-18.454305957866204,34.90764672588443,42.857142857142854,False
early_progress,protocol29,core_raw_ols,Batch2,all,39,28.684865198371092,142.75703580660644,159.82524425398853,127.79851157576152,135.277773691184,89.74358974358975,False
early_progress,protocol29,core_raw_ols,Batch2,short_lt500,28,32.836522967784454,145.80089377870024,161.1319605708537,145.80089377870024,145.80089377870024,100.0,False
early_progress,protocol29,core_raw_ols,Batch2,other_ge500,11,18.11700905804614,135.00903369582227,156.44981630647771,81.97426596828103,108.49164983205165,63.63636363636363,False
early_progress,protocol29,core_raw_ols,Batch3,all,44,12.087278512022346,150.22014647034632,250.8972580371611,-85.66272121570795,32.278712627319194,38.63636363636363,False
early_progress,protocol29,core_raw_ols,Batch3,other_ge500,44,12.087278512022346,150.22014647034632,250.8972580371611,-85.66272121570795,32.278712627319194,38.63636363636363,False
early_progress,protocol29,progress_raw_ols,Holdout,all,7,9.97559444630487,83.9820736412214,101.15462677065753,-26.245905353544977,28.868084143838214,42.857142857142854,False
early_progress,protocol29,progress_raw_ols,Holdout,other_ge500,7,9.97559444630487,83.9820736412214,101.15462677065753,-26.245905353544977,28.868084143838214,42.857142857142854,False
early_progress,protocol29,progress_raw_ols,Batch2,all,39,26.29633097999281,134.1291171215343,155.80386098545978,123.22890831408712,128.6790127178107,92.3076923076923,False
early_progress,protocol29,progress_raw_ols,Batch2,short_lt500,28,29.30572079160496,131.56804491747943,148.06881428849405,131.56804491747943,131.56804491747943,100.0,False
early_progress,protocol29,progress_raw_ols,Batch2,other_ge500,11,18.636066004980066,140.64821000458323,173.94785410018915,102.00201514181589,121.32511257319956,72.72727272727273,False
early_progress,protocol29,progress_raw_ols,Batch3,all,44,12.032130385149378,151.18817063467006,248.73350587256067,-94.22152942780143,28.483320603434333,31.818181818181817,False
early_progress,protocol29,progress_raw_ols,Batch3,other_ge500,44,12.032130385149378,151.18817063467006,248.73350587256067,-94.22152942780143,28.483320603434333,31.818181818181817,False
early_progress,historical28,core_raw_ols,Holdout,all,8,6.438609783784506,54.95794857693046,67.98636540994218,-24.47934382252994,15.23930237720026,37.5,False
early_progress,historical28,core_raw_ols,Holdout,other_ge500,8,6.438609783784506,54.95794857693046,67.98636540994218,-24.47934382252994,15.23930237720026,37.5,False
early_progress,historical28,core_raw_ols,Batch2,all,39,26.18567870657303,131.48055527548883,152.5112918990505,119.48539602658992,125.48297565103938,89.74358974358975,False
early_progress,historical28,core_raw_ols,Batch2,short_lt500,28,29.389224873236163,130.50101479314284,149.58888475516397,130.50101479314284,130.50101479314284,100.0,False
early_progress,historical28,core_raw_ols,Batch2,other_ge500,11,18.03119755506688,133.97393104873325,159.7090273897997,91.44563916627335,112.70978510750328,63.63636363636363,False
early_progress,historical28,core_raw_ols,Batch3,all,44,11.939105617509647,147.0831853199852,244.17176273926344,-74.12417944330461,36.47950293834029,50.0,False
early_progress,historical28,core_raw_ols,Batch3,other_ge500,44,11.939105617509647,147.0831853199852,244.17176273926344,-74.12417944330461,36.47950293834029,50.0,False
early_progress,historical28,progress_raw_ols,Holdout,all,8,6.438904788941746,54.9602546802827,67.98950206485662,-24.47938328737655,15.240435696453076,37.5,False
early_progress,historical28,progress_raw_ols,Holdout,other_ge500,8,6.438904788941746,54.9602546802827,67.98950206485662,-24.47938328737655,15.240435696453076,37.5,False
early_progress,historical28,progress_raw_ols,Batch2,all,39,26.186354261500274,131.48309671222538,152.5136573761002,119.48632915251885,125.4847129323721,89.74358974358975,False
early_progress,historical28,progress_raw_ols,Batch2,short_lt500,28,29.3902028962193,130.50491250564957,149.59425078340982,130.50491250564957,130.50491250564957,100.0,False
early_progress,historical28,progress_raw_ols,Batch2,other_ge500,11,18.03110319130641,133.97302014714552,159.70424240808754,91.43902607182241,112.70602310948397,63.63636363636363,False
early_progress,historical28,progress_raw_ols,Batch3,all,44,11.93927982198423,147.08430343226834,244.17288102243583,-74.12204804638166,36.48112769294334,50.0,False
early_progress,historical28,progress_raw_ols,Batch3,other_ge500,44,11.93927982198423,147.08430343226834,244.17288102243583,-74.12204804638166,36.48112769294334,50.0,False
shortlife_objective,protocol29,baseline,Holdout,all,7,10.728067954796094,88.26959940963506,96.28951463328627,-18.454305957866204,34.90764672588443,42.857142857142854,False
shortlife_objective,protocol29,baseline,Holdout,other_ge500,7,10.728067954796094,88.26959940963506,96.28951463328627,-18.454305957866204,34.90764672588443,42.857142857142854,False
shortlife_objective,protocol29,baseline,Batch2,all,39,28.684865198371092,142.75703580660644,159.82524425398853,127.79851157576152,135.277773691184,89.74358974358975,False
shortlife_objective,protocol29,baseline,Batch2,short_lt500,28,32.836522967784454,145.80089377870024,161.1319605708537,145.80089377870024,145.80089377870024,100.0,False
shortlife_objective,protocol29,baseline,Batch2,other_ge500,11,18.11700905804614,135.00903369582227,156.44981630647771,81.97426596828103,108.49164983205165,63.63636363636363,False
shortlife_objective,protocol29,baseline,Batch3,all,44,12.087278512022346,150.22014647034632,250.8972580371611,-85.66272121570795,32.278712627319194,38.63636363636363,False
shortlife_objective,protocol29,baseline,Batch3,other_ge500,44,12.087278512022346,150.22014647034632,250.8972580371611,-85.66272121570795,32.278712627319194,38.63636363636363,False
shortlife_objective,protocol29,inverse,Holdout,all,7,8.743512585729452,71.8553273412101,81.4674646667972,-18.770850772618992,26.542238284295554,42.857142857142854,False
shortlife_objective,protocol29,inverse,Holdout,other_ge500,7,8.743512585729452,71.8553273412101,81.4674646667972,-18.770850772618992,26.542238284295554,42.857142857142854,False
shortlife_objective,protocol29,inverse,Batch2,all,39,30.237667472724418,152.01687570063282,169.40450328423879,147.51830840974998,149.7675920551914,97.43589743589743,False
shortlife_objective,protocol29,inverse,Batch2,short_lt500,28,33.965246744506054,150.41601924435594,159.28912955908297,150.41601924435594,150.41601924435594,100.0,False
shortlife_objective,protocol29,inverse,Batch2,other_ge500,11,20.749283871825682,156.09178304388317,192.77230876839658,140.14231719438942,148.11705011913628,90.9090909090909,False
shortlife_objective,protocol29,inverse,Batch3,all,44,13.327344226470496,157.12500205518728,248.78388772657908,0.6405257312937842,78.88276389324054,56.81818181818182,False
shortlife_objective,protocol29,inverse,Batch3,other_ge500,44,13.327344226470496,157.12500205518728,248.78388772657908,0.6405257312937842,78.88276389324054,56.81818181818182,False
shortlife_objective,protocol29,q50,Holdout,all,7,10.899627496722124,94.01859148752644,105.05600094142382,-40.4123133817709,26.803139052877764,42.857142857142854,False
shortlife_objective,protocol29,q50,Holdout,other_ge500,7,10.899627496722124,94.01859148752644,105.05600094142382,-40.4123133817709,26.803139052877764,42.857142857142854,False
shortlife_objective,protocol29,q50,Batch2,all,39,26.15890554078193,131.43199492345533,147.28083310833682,110.65380739085562,121.0429011571555,89.74358974358975,False
shortlife_objective,protocol29,q50,Batch2,short_lt500,28,29.781201613708024,132.1024171827624,147.84822876702066,132.1024171827624,132.1024171827624,100.0,False
shortlife_objective,protocol29,q50,Batch2,other_ge500,11,16.93851553697006,129.72546553612827,145.82659168125213,56.057346102365635,92.89140581924697,63.63636363636363,False
shortlife_objective,protocol29,q50,Batch3,all,44,12.755801212173429,161.08620318556407,262.85097935428746,-112.5992739111939,24.24346463718507,29.545454545454547,False
shortlife_objective,protocol29,q50,Batch3,other_ge500,44,12.755801212173429,161.08620318556407,262.85097935428746,-112.5992739111939,24.24346463718507,29.545454545454547,False
shortlife_objective,protocol29,q30,Holdout,all,7,12.28788999635204,110.86605337345809,127.20732482584894,-71.20730618184417,19.82937359580696,28.57142857142857,False
shortlife_objective,protocol29,q30,Holdout,other_ge500,7,12.28788999635204,110.86605337345809,127.20732482584894,-71.20730618184417,19.82937359580696,28.57142857142857,False
shortlife_objective,protocol29,q30,Batch2,all,39,25.444369179159374,129.35267195354734,141.37746540442825,95.80669615363536,112.57968405359134,87.17948717948718,False
shortlife_objective,protocol29,q30,Batch2,short_lt500,28,29.050348549006564,128.67366599861253,141.655474807146,128.67366599861253,128.67366599861253,100.0,False
shortlife_objective,protocol29,q30,Batch2,other_ge500,11,16.265512601366535,131.08105074792687,140.66732580601416,12.145318366420746,71.61318455717381,54.54545454545454,False
shortlife_objective,protocol29,q30,Batch3,all,44,14.594353872868401,186.8394562211218,291.46144779761437,-159.88964346276296,13.474906379179417,25.0,False
shortlife_objective,protocol29,q30,Batch3,other_ge500,44,14.594353872868401,186.8394562211218,291.46144779761437,-159.88964346276296,13.474906379179417,25.0,False
shortlife_objective,historical28,baseline,Holdout,all,8,6.438609783784506,54.95794857693046,67.98636540994218,-24.47934382252994,15.23930237720026,37.5,False
shortlife_objective,historical28,baseline,Holdout,other_ge500,8,6.438609783784506,54.95794857693046,67.98636540994218,-24.47934382252994,15.23930237720026,37.5,False
shortlife_objective,historical28,baseline,Batch2,all,39,26.18567870657303,131.48055527548883,152.5112918990505,119.48539602658992,125.48297565103938,89.74358974358975,False
shortlife_objective,historical28,baseline,Batch2,short_lt500,28,29.389224873236163,130.50101479314284,149.58888475516397,130.50101479314284,130.50101479314284,100.0,False
shortlife_objective,historical28,baseline,Batch2,other_ge500,11,18.03119755506688,133.97393104873325,159.7090273897997,91.44563916627335,112.70978510750328,63.63636363636363,False
shortlife_objective,historical28,baseline,Batch3,all,44,11.939105617509647,147.0831853199852,244.17176273926344,-74.12417944330461,36.47950293834029,50.0,False
shortlife_objective,historical28,baseline,Batch3,other_ge500,44,11.939105617509647,147.0831853199852,244.17176273926344,-74.12417944330461,36.47950293834029,50.0,False
shortlife_objective,historical28,inverse,Holdout,all,8,6.184956143057786,53.83419926513159,67.91314230348232,-33.14286913825788,10.345665063436854,37.5,False
shortlife_objective,historical28,inverse,Holdout,other_ge500,8,6.184956143057786,53.83419926513159,67.91314230348232,-33.14286913825788,10.345665063436854,37.5,False
shortlife_objective,historical28,inverse,Batch2,all,39,29.182760555454344,147.2082664493378,165.22775790663053,142.63269709432885,144.92048177183332,97.43589743589743,False
shortlife_objective,historical28,inverse,Batch2,short_lt500,28,32.60483580002549,144.34006677823598,153.5980010997939,144.34006677823598,144.34006677823598,100.0,False
shortlife_objective,historical28,inverse,Batch2,other_ge500,11,20.472023569273272,154.50913833941513,191.67268050207792,138.2866651716561,146.3979017555356,90.9090909090909,False
shortlife_objective,historical28,inverse,Batch3,all,44,13.334227483501541,157.48429539372162,251.18172337349935,0.07198036763552099,78.77813788067856,54.54545454545454,False
shortlife_objective,historical28,inverse,Batch3,other_ge500,44,13.334227483501541,157.48429539372162,251.18172337349935,0.07198036763552099,78.77813788067856,54.54545454545454,False
shortlife_objective,historical28,q50,Holdout,all,8,7.312214566728482,62.47988834774678,75.17266694651441,-39.67200300986177,11.403942668942506,25.0,False
shortlife_objective,historical28,q50,Holdout,other_ge500,8,7.312214566728482,62.47988834774678,75.17266694651441,-39.67200300986177,11.403942668942506,25.0,False
shortlife_objective,historical28,q50,Batch2,all,39,23.836171367961295,120.94634676792215,141.46005607946856,104.96762692967887,112.95698684880051,87.17948717948718,False
shortlife_objective,historical28,q50,Batch2,short_lt500,28,26.462890006747667,117.44186745506633,137.5280486359904,116.82078761649318,117.13132753577976,96.42857142857143,False
shortlife_objective,historical28,q50,Batch2,other_ge500,11,17.14997846923237,129.8668395642824,151.00751174837623,74.79594518142427,102.33139237285336,63.63636363636363,False
shortlife_objective,historical28,q50,Batch3,all,44,11.999810319515756,149.9677856813384,250.15757004125118,-91.02167634191764,29.47305466971037,31.818181818181817,False
shortlife_objective,historical28,q50,Batch3,other_ge500,44,11.999810319515756,149.9677856813384,250.15757004125118,-91.02167634191764,29.47305466971037,31.818181818181817,False
shortlife_objective,historical28,q30,Holdout,all,8,8.533216690633232,76.88147278685621,102.09774407626077,-67.80016924315912,4.540651771848545,25.0,False
shortlife_objective,historical28,q30,Holdout,other_ge500,8,8.533216690633232,76.88147278685621,102.09774407626077,-67.80016924315912,4.540651771848545,25.0,False
shortlife_objective,historical28,q30,Batch2,all,39,24.71245527047884,126.05500229215828,138.60571961803427,92.73814402159418,109.39657315687623,87.17948717948718,False
shortlife_objective,historical28,q30,Batch2,short_lt500,28,28.07203267112946,124.32164887974272,138.05638712178012,124.32164887974272,124.32164887974272,100.0,False
shortlife_objective,historical28,q30,Batch2,other_ge500,11,16.160803705186357,130.4671746146705,139.9942941107261,12.343768019034304,71.40547131685241,54.54545454545454,False
shortlife_objective,historical28,q30,Batch3,all,44,14.546789448002038,186.1554295700203,290.5279829688123,-159.31145596568314,13.421986802168563,25.0,False
shortlife_objective,historical28,q30,Batch3,other_ge500,44,14.546789448002038,186.1554295700203,290.5279829688123,-159.31145596568314,13.421986802168563,25.0,False
