condition,feature,coefficient_standardized,coefficient_original_units
baseline,log10_delta_Q_var,-0.042480045464373103,-0.18497329758764183
baseline,delta_Q_min,0.03203173868771053,2.987354968501041
baseline,qd_initial_median,0.02902519529708529,3.473439972153771
baseline,qd_fraction_change,-0.007900249684443828,-3.2953035879392987
baseline,early_drop_per100,-0.0017751430906541217,-0.5350710651000493
penalty10,log10_delta_Q_var,-0.04143954302540912,-0.1804425781597503
penalty10,delta_Q_min,0.030493513315822975,2.8438964677876317
penalty10,qd_initial_median,0.021816277802987546,2.610750094491787
penalty10,qd_fraction_change,-0.007297839971803141,-3.044030151432198
penalty10,early_drop_per100,-0.0027625088486146776,-0.832686987183601
penalty100,log10_delta_Q_var,-0.03919457129590316,-0.17066716904099083
penalty100,delta_Q_min,0.02717466239901526,2.5343726585214292
penalty100,qd_initial_median,0.006262430576349619,0.7494239561211531
penalty100,qd_fraction_change,-0.005998090231855738,-2.501886529072322
penalty100,early_drop_per100,-0.004892833709275885,-1.4748184289836386
removed,log10_delta_Q_var,-0.03829068048374316,-0.1667313054524118
removed,delta_Q_min,0.025838396640652444,2.409749384355718
removed,qd_fraction_change,-0.00547477324188886,-2.2836037628879704
removed,early_drop_per100,-0.005750564362700001,-1.7333591949156324
