candidate,fold,n_train,n_valid,train_mape_pct,mape_pct,mae,rmse,r2,condition
S3_ridge_1,1,22,6,6.529530480209742,7.047037739564202,63.05671081214924,73.7581130906774,0.8452434763553213,baseline
S3_ridge_1,2,22,6,6.407151675824663,6.534197350085004,58.49859073453204,70.5175064037024,0.5779482943074363,baseline
S3_ridge_1,3,22,6,6.451349183760928,8.4526295758166,65.1706500166058,81.2466301898877,-0.3427006792684388,baseline
S3_ridge_1,4,23,5,6.2751682229137185,8.030646235834235,52.88431626760132,74.60140342226161,0.3406772870912794,baseline
S3_ridge_1,5,23,5,6.260763087836961,8.425107244659648,68.3947740121487,91.34520972038368,0.7084884296405667,baseline
,1,22,6,,7.651820123481524,68.50611214717054,78.85236685948385,0.8231281015917934,penalty10
,2,22,6,,6.5817125908296354,59.305288558112046,74.446129917736,0.529612233679609,penalty10
,3,22,6,,7.81590628833673,60.25151425355091,79.04367842014891,-0.27087483351469555,penalty10
,4,23,5,,7.26841338583611,46.326335840971204,70.90647664890861,0.4043709743393915,penalty10
,5,23,5,,9.842849241633807,78.57964876536623,95.42531040458482,0.6818650336997272,penalty10
,1,22,6,,8.87134018131931,79.37587409588872,95.29225542822,0.7416879999830139,penalty100
,2,22,6,,7.0715186691997545,64.30023803006408,81.96139880045267,0.42984821291970166,penalty100
,3,22,6,,8.06105817097031,61.6995348556998,88.19402207914304,-0.582146855635929,penalty100
,4,23,5,,8.806578167216369,59.86246748192175,77.70128446508292,0.2847457650332499,penalty100
,5,23,5,,12.86359467161777,100.8876438961004,109.33873946350954,0.582330879338141,penalty100
ridge_minus_qd_initial_median,1,22,6,,9.33052309967402,83.4333109346012,102.89612104633932,0.6988191352334157,removed
ridge_minus_qd_initial_median,2,22,6,,7.278852865311271,66.35432552423777,84.62650498446843,0.3921665771914313,removed
ridge_minus_qd_initial_median,3,22,6,,9.05544405604255,68.7902726355724,94.63765478676876,-0.8217821120972859,removed
ridge_minus_qd_initial_median,4,23,5,,9.474822446320594,65.2676629330991,82.96822901812877,0.1844930214280864,removed
ridge_minus_qd_initial_median,5,23,5,,13.887416756829897,108.39760088924648,115.45821828631536,0.5342702882066179,removed
