condition,cell_id,fold,actual,prediction,ape_pct
penalty10,11,1,788.0,859.8468834784832,9.117624806914106
penalty10,14,2,880.0,876.7113524976031,0.3737099434541914
penalty10,15,3,719.0,847.0283154290177,17.806441645204124
penalty10,16,3,862.0,998.112618127239,15.790326928914036
penalty10,17,3,857.0,869.3469196997085,1.4407140839799826
penalty10,18,3,691.0,664.62707000273,3.8166324163921903
penalty10,19,5,788.0,716.3395746551917,9.09396260720918
penalty10,20,5,534.0,593.5842272787545,11.158094996021442
penalty10,21,1,559.0,572.533411181443,2.421003789166895
penalty10,23,1,1014.0,899.3109903735703,11.310553217596613
penalty10,24,5,1017.0,833.8332348337268,18.01049804978104
penalty10,25,2,854.0,885.3913184134949,3.6757984090743445
penalty10,28,1,860.0,794.7242986035546,7.590197836795972
penalty10,29,2,917.0,802.0406777785406,12.536458257520108
penalty10,31,5,876.0,847.1078631321577,3.298189140164644
penalty10,32,2,731.0,698.4687132115467,4.45024443070496
penalty10,33,3,757.0,787.2554625503786,3.9967585931807976
penalty10,34,2,742.0,790.7248143859684,6.566686574928361
penalty10,36,4,704.0,715.890840849577,1.6890398934058224
penalty10,37,5,648.0,697.5946891691528,7.653501414992723
penalty10,38,4,617.0,574.6192865042801,6.86883525052186
penalty10,39,1,625.0,653.4976115128633,4.559617842058124
penalty10,41,2,1051.0,926.0636579631006,11.887377929295853
penalty10,42,3,702.0,730.3928397176917,4.044564062349243
penalty10,43,4,651.0,678.4634325719263,4.218653236855041
penalty10,5,1,1074.0,956.8059443126411,10.911923248357434
penalty10,6,4,636.0,785.8228273549589,23.5570483262514
penalty10,7,4,870.0,869.9261350673261,0.008490222146428483
penalty100,11,1,788.0,931.4048416548522,18.19858396635181
penalty100,14,2,880.0,890.9537446125148,1.244743705967592
penalty100,15,3,719.0,901.3660138798542,25.363840595250934
penalty100,16,3,862.0,969.5854917240538,12.480915513231299
penalty100,17,3,857.0,884.5296882373057,3.2123323497439515
penalty100,18,3,691.0,698.631888973541,1.1044701843040494
penalty100,19,5,788.0,695.6004764041818,11.72582786748962
penalty100,20,5,534.0,617.4910169589182,15.635021902419137
penalty100,21,1,559.0,563.7369118814876,0.8473903186918733
penalty100,23,1,1014.0,889.6146820691512,12.26679664012316
penalty100,24,5,1017.0,835.3608750128973,17.8602876093513
penalty100,25,2,854.0,882.3485240248284,3.319499300331195
penalty100,28,1,860.0,795.0184899910926,7.555989535919469
penalty100,29,2,917.0,793.418143864805,13.476756394241553
penalty100,31,5,876.0,787.012781784357,10.158358243794863
penalty100,32,2,731.0,702.1429817062944,3.9476085217107455
penalty100,33,3,757.0,735.9898389753837,2.7754505977036077
penalty100,34,2,742.0,791.8734769379635,6.7214928487821375
penalty100,36,4,704.0,722.5796923117721,2.639160839740352
penalty100,37,5,648.0,705.9213357230199,8.93847773503393
penalty100,38,4,617.0,608.3237821505766,1.4061941409114163
penalty100,39,1,625.0,646.5367634088434,3.4458821454149438
penalty100,41,2,1051.0,906.8131918238228,13.719011244165294
penalty100,42,3,702.0,726.0739652948279,3.429339785588016
penalty100,43,4,651.0,713.513274709196,9.602653565160681
penalty100,5,1,1074.0,956.7901003096072,10.913398481414603
penalty100,6,4,636.0,784.9580584340878,23.42107837013959
penalty100,7,4,870.0,809.4149058948706,6.963803920129819
