condition,evaluation,life_band,n,mape_pct,mean_prediction_minus_actual
baseline,Test (Batch 2),<=500,28,40.01766732245242,179.42772547970918
baseline,Test (Batch 2),500-1000,8,40.32000150323326,297.311096711144
baseline,Test (Batch 2),>1000,3,15.551007195462853,11.984581316506327
baseline,Valid (Batch 1 Hold-out),500-1000,7,2.7715114821431803,9.333165072530067
baseline,Valid (Batch 1 Hold-out),>1000,1,7.96868493926604,-83.98993925986406
penalty10,Test (Batch 2),<=500,28,37.872780062864635,169.38240934716575
penalty10,Test (Batch 2),500-1000,8,35.25667576671328,257.0160620457439
penalty10,Test (Batch 2),>1000,3,13.134693174092376,-11.901098117602373
penalty10,Valid (Batch 1 Hold-out),500-1000,7,3.1424297503741925,3.480993559585808
penalty10,Valid (Batch 1 Hold-out),>1000,1,9.454778931071848,-99.65336993349729
penalty100,Test (Batch 2),<=500,28,33.50501710659919,148.89984952734727
penalty100,Test (Batch 2),500-1000,8,25.01624690682132,175.7326987160149
penalty100,Test (Batch 2),>1000,3,8.361963542756946,-58.77932416196726
penalty100,Valid (Batch 1 Hold-out),500-1000,7,4.8874782894767606,-8.675897499649652
penalty100,Valid (Batch 1 Hold-out),>1000,1,12.579918168211394,-132.5923374929481
removed,Test (Batch 2),<=500,28,31.843889322153213,141.09870693294707
removed,Test (Batch 2),500-1000,8,22.20255909899422,145.05691155028268
removed,Test (Batch 2),>1000,3,6.597457277108436,-75.98951300351355
removed,Valid (Batch 1 Hold-out),500-1000,7,5.57912924027052,-13.392616512672378
removed,Valid (Batch 1 Hold-out),>1000,1,13.807520436164648,-145.5312653971754
